Tmean,mode,Tvar,population,id,dev .time,value,metric,pattern
22,constant,0,lab,L1,,0.166666667,dev_rate,mild
22,constant,0,lab,L3,,0.142857143,dev_rate,mild
22,constant,0,lab,L4,,0.142857143,dev_rate,mild
22,constant,0,lab,L6,,0.125,dev_rate,mild
22,constant,0,lab,L7,,0.125,dev_rate,mild
22,constant,0,lab,L8,,0.090909091,dev_rate,mild
22,constant,0,lab,L9,,0.111111111,dev_rate,mild
22,constant,0,lab,L10,,0.111111111,dev_rate,mild
22,constant,0,lab,L11,,0.111111111,dev_rate,mild
22,constant,0,lab,L12,,0.1,dev_rate,mild
22,constant,0,lab,L14,,0.125,dev_rate,mild
22,constant,0,lab,L15,,0.125,dev_rate,mild
22,constant,0,lab,L16,,0.111111111,dev_rate,mild
22,constant,0,lab,L17,,0.111111111,dev_rate,mild
22,constant,0,lab,L18,,0.111111111,dev_rate,mild
22,constant,0,lab,L19,,0.142857143,dev_rate,mild
22,constant,0,lab,L20,,0.142857143,dev_rate,mild
22,constant,0,lab,L21,,0.111111111,dev_rate,mild
22,constant,0,lab,L22,,0.1,dev_rate,mild
22,constant,0,lab,L23,,0.125,dev_rate,mild
22,constant,0,lab,L24,,0.142857143,dev_rate,mild
22,constant,0,lab,L25,,0.111111111,dev_rate,mild
22,constant,0,lab,L27,,0.125,dev_rate,mild
22,constant,0,lab,L29,,0.1,dev_rate,mild
22,constant,0,lab,L30,,0.111111111,dev_rate,mild
22,constant,0,lab,L31,,0.1,dev_rate,mild
22,constant,0,lab,L32,,0.125,dev_rate,mild
22,constant,0,lab,L33,,0.125,dev_rate,mild
22,constant,0,lab,L34,,0.125,dev_rate,mild
22,constant,0,lab,L35,,0.125,dev_rate,mild
22,constant,0,lab,L36,,0.111111111,dev_rate,mild
22,constant,0,lab,L37,,0.125,dev_rate,mild
22,constant,0,lab,L40,,0.111111111,dev_rate,mild
22,constant,0,lab,L41,,0.111111111,dev_rate,mild
22,constant,0,lab,L44,,0.111111111,dev_rate,mild
22,constant,0,lab,L46,,0.142857143,dev_rate,mild
22,constant,0,lab,L47,,0.125,dev_rate,mild
22,constant,0,lab,L48,,0.142857143,dev_rate,mild
22,constant,0,lab,L49,,0.1,dev_rate,mild
22,constant,0,lab,L50,,0.142857143,dev_rate,mild
22,constant,0,lab,L51,,0.111111111,dev_rate,mild
22,constant,0,lab,L52,,0.142857143,dev_rate,mild
22,constant,0,lab,L53,,0.125,dev_rate,mild
22,constant,0,lab,L54,,0.125,dev_rate,mild
22,constant,0,lab,L55,,0.125,dev_rate,mild
22,constant,0,lab,L56,,0.125,dev_rate,mild
22,constant,0,lab,L57,,0.111111111,dev_rate,mild
22,constant,0,field,F1,,0.125,dev_rate,mild
22,constant,0,field,F2,,0.111111111,dev_rate,mild
22,constant,0,field,F3,,0.111111111,dev_rate,mild
22,constant,0,field,F4,,0.111111111,dev_rate,mild
22,constant,0,field,F5,,0.125,dev_rate,mild
22,constant,0,field,F6,,0.142857143,dev_rate,mild
22,constant,0,field,F7,,0.125,dev_rate,mild
22,constant,0,field,F8,,0.083333333,dev_rate,mild
22,constant,0,field,F9,,0.1,dev_rate,mild
22,constant,0,field,F10,,0.125,dev_rate,mild
22,constant,0,field,F11,,0.125,dev_rate,mild
22,constant,0,field,F13,,0.083333333,dev_rate,mild
22,constant,0,field,F14,,0.125,dev_rate,mild
22,constant,0,field,F16,,0.111111111,dev_rate,mild
22,constant,0,field,F17,,0.111111111,dev_rate,mild
22,constant,0,field,F18,,0.111111111,dev_rate,mild
22,constant,0,field,F19,,0.083333333,dev_rate,mild
22,constant,0,field,F20,,0.125,dev_rate,mild
22,constant,0,field,F22,,0.125,dev_rate,mild
22,constant,0,field,F23,,0.125,dev_rate,mild
22,constant,0,field,F24,,0.1,dev_rate,mild
22,constant,0,field,F25,,0.142857143,dev_rate,mild
22,constant,0,field,F26,,0.111111111,dev_rate,mild
22,constant,0,field,F27,,0.1,dev_rate,mild
22,constant,0,field,F28,,0.125,dev_rate,mild
22,constant,0,field,F29,,0.1,dev_rate,mild
22,constant,0,field,F30,,0.125,dev_rate,mild
22,constant,0,field,F31,,0.125,dev_rate,mild
22,constant,0,field,F32,,0.111111111,dev_rate,mild
22,constant,0,field,F34,,0.111111111,dev_rate,mild
22,constant,0,field,F35,,0.111111111,dev_rate,mild
22,constant,0,field,F36,,0.111111111,dev_rate,mild
22,constant,0,field,F37,,0.090909091,dev_rate,mild
22,constant,0,field,F38,,0.111111111,dev_rate,mild
22,constant,0,field,F39,,0.111111111,dev_rate,mild
22,constant,0,field,F40,,0.111111111,dev_rate,mild
22,constant,0,field,F41,,0.125,dev_rate,mild
22,constant,0,field,F42,,0.125,dev_rate,mild
22,constant,0,field,F43,,0.1,dev_rate,mild
22,constant,0,field,F44,,0.1,dev_rate,mild
22,constant,0,field,F45,,0.125,dev_rate,mild
22,constant,0,field,F47,,0.125,dev_rate,mild
22,constant,0,field,F48,,0.1,dev_rate,mild
22,constant,0,field,F49,,0.125,dev_rate,mild
22,constant,0,field,F50,,0.090909091,dev_rate,mild
22,constant,0,field,F51,,0.111111111,dev_rate,mild
22,fluctuating,5,lab,L1,,0.111111111,dev_rate,mild
22,fluctuating,5,lab,L3,,0.111111111,dev_rate,mild
22,fluctuating,5,lab,L10,,0.1,dev_rate,mild
22,fluctuating,5,lab,L12,,0.1,dev_rate,mild
22,fluctuating,5,lab,L13,,0.142857143,dev_rate,mild
22,fluctuating,5,lab,L15,,0.083333333,dev_rate,mild
22,fluctuating,5,lab,L17,,0.090909091,dev_rate,mild
22,fluctuating,5,lab,L18,,0.1,dev_rate,mild
22,fluctuating,5,lab,L21,,0.1,dev_rate,mild
22,fluctuating,5,lab,L25,,0.1,dev_rate,mild
22,fluctuating,5,lab,L27,,0.111111111,dev_rate,mild
22,fluctuating,5,lab,L28,,0.125,dev_rate,mild
22,fluctuating,5,lab,L29,,0.125,dev_rate,mild
22,fluctuating,5,lab,L31,,0.125,dev_rate,mild
22,fluctuating,5,lab,L32,,0.111111111,dev_rate,mild
22,fluctuating,5,lab,L33,,0.125,dev_rate,mild
22,fluctuating,5,lab,L34,,0.125,dev_rate,mild
22,fluctuating,5,lab,L35,,0.111111111,dev_rate,mild
22,fluctuating,5,lab,L36,,0.1,dev_rate,mild
22,fluctuating,5,lab,L37,,0.125,dev_rate,mild
22,fluctuating,5,lab,L38,,0.111111111,dev_rate,mild
22,fluctuating,5,lab,L39,,0.125,dev_rate,mild
22,fluctuating,5,lab,L40,,0.142857143,dev_rate,mild
22,fluctuating,5,lab,L41,,0.142857143,dev_rate,mild
22,fluctuating,5,lab,L42,,0.142857143,dev_rate,mild
22,fluctuating,5,lab,L43,,0.111111111,dev_rate,mild
22,fluctuating,5,lab,L44,,0.111111111,dev_rate,mild
22,fluctuating,5,lab,L46,,0.125,dev_rate,mild
22,fluctuating,5,lab,L47,,0.125,dev_rate,mild
22,fluctuating,5,lab,L49,,0.125,dev_rate,mild
22,fluctuating,5,lab,L50,,0.111111111,dev_rate,mild
22,fluctuating,5,lab,L51,,0.111111111,dev_rate,mild
22,fluctuating,5,lab,L52,,0.090909091,dev_rate,mild
22,fluctuating,5,lab,L53,,0.111111111,dev_rate,mild
22,fluctuating,5,lab,L54,,0.125,dev_rate,mild
22,fluctuating,5,lab,L55,,0.111111111,dev_rate,mild
22,fluctuating,5,lab,L56,,0.125,dev_rate,mild
22,fluctuating,5,lab,L58,,0.090909091,dev_rate,mild
22,fluctuating,5,field,F1,,0.1,dev_rate,mild
22,fluctuating,5,field,F2,,0.111111111,dev_rate,mild
22,fluctuating,5,field,F3,,0.111111111,dev_rate,mild
22,fluctuating,5,field,F4,,0.083333333,dev_rate,mild
22,fluctuating,5,field,F5,,0.125,dev_rate,mild
22,fluctuating,5,field,F6,,0.125,dev_rate,mild
22,fluctuating,5,field,F7,,0.125,dev_rate,mild
22,fluctuating,5,field,F8,,0.125,dev_rate,mild
22,fluctuating,5,field,F9,,0.125,dev_rate,mild
22,fluctuating,5,field,F10,,0.111111111,dev_rate,mild
22,fluctuating,5,field,F11,,0.1,dev_rate,mild
22,fluctuating,5,field,F12,,0.090909091,dev_rate,mild
22,fluctuating,5,field,F14,,0.125,dev_rate,mild
22,fluctuating,5,field,F15,,0.1,dev_rate,mild
22,fluctuating,5,field,F16,,0.083333333,dev_rate,mild
22,fluctuating,5,field,F17,,0.111111111,dev_rate,mild
22,fluctuating,5,field,F18,,0.111111111,dev_rate,mild
22,fluctuating,5,field,F19,,0.111111111,dev_rate,mild
22,fluctuating,5,field,F20,,0.111111111,dev_rate,mild
22,fluctuating,5,field,F21,,0.111111111,dev_rate,mild
22,fluctuating,5,field,F22,,0.125,dev_rate,mild
22,fluctuating,5,field,F24,,0.125,dev_rate,mild
22,fluctuating,5,field,F25,,0.1,dev_rate,mild
22,fluctuating,5,field,F26,,0.142857143,dev_rate,mild
22,fluctuating,5,field,F27,,0.125,dev_rate,mild
22,fluctuating,5,field,F28,,0.1,dev_rate,mild
22,fluctuating,5,field,F29,,0.166666667,dev_rate,mild
22,fluctuating,5,field,F30,,0.166666667,dev_rate,mild
22,fluctuating,5,field,F31,,0.125,dev_rate,mild
22,fluctuating,5,field,F32,,0.125,dev_rate,mild
22,fluctuating,5,field,F33,,0.125,dev_rate,mild
22,fluctuating,5,field,F34,,0.111111111,dev_rate,mild
22,fluctuating,5,field,F35,,0.125,dev_rate,mild
22,fluctuating,5,field,F36,,0.142857143,dev_rate,mild
22,fluctuating,5,field,F37,,0.125,dev_rate,mild
22,fluctuating,5,field,F38,,0.111111111,dev_rate,mild
22,fluctuating,5,field,F39,,0.125,dev_rate,mild
22,fluctuating,5,field,F40,,0.125,dev_rate,mild
22,fluctuating,5,field,F41,,0.125,dev_rate,mild
22,fluctuating,5,field,F42,,0.142857143,dev_rate,mild
22,fluctuating,5,field,F43,,0.166666667,dev_rate,mild
22,fluctuating,5,field,F44,,0.142857143,dev_rate,mild
22,fluctuating,5,field,F46,,0.125,dev_rate,mild
22,fluctuating,5,field,F47,,0.166666667,dev_rate,mild
22,fluctuating,5,field,F49,,0.125,dev_rate,mild
22,fluctuating,5,field,F50,,0.111111111,dev_rate,mild
22,fluctuating,9,lab,L5,,0.111111111,dev_rate,large
22,fluctuating,9,lab,L6,,0.1,dev_rate,large
22,fluctuating,9,lab,L10,,0.090909091,dev_rate,large
22,fluctuating,9,lab,L12,,0.090909091,dev_rate,large
22,fluctuating,9,lab,L14,,0.111111111,dev_rate,large
22,fluctuating,9,lab,L15,,0.111111111,dev_rate,large
22,fluctuating,9,lab,L16,,0.111111111,dev_rate,large
22,fluctuating,9,lab,L17,,0.111111111,dev_rate,large
22,fluctuating,9,lab,L18,,0.111111111,dev_rate,large
22,fluctuating,9,lab,L19,,0.1,dev_rate,large
22,fluctuating,9,lab,L21,,0.111111111,dev_rate,large
22,fluctuating,9,lab,L22,,0.090909091,dev_rate,large
22,fluctuating,9,lab,L23,,0.090909091,dev_rate,large
22,fluctuating,9,lab,L24,,0.1,dev_rate,large
22,fluctuating,9,lab,L25,,0.1,dev_rate,large
22,fluctuating,9,lab,L26,,0.090909091,dev_rate,large
22,fluctuating,9,lab,L29,,0.111111111,dev_rate,large
22,fluctuating,9,lab,L30,,0.111111111,dev_rate,large
22,fluctuating,9,lab,L32,,0.125,dev_rate,large
22,fluctuating,9,lab,L33,,0.111111111,dev_rate,large
22,fluctuating,9,lab,L34,,0.111111111,dev_rate,large
22,fluctuating,9,lab,L35,,0.1,dev_rate,large
22,fluctuating,9,lab,L36,,0.142857143,dev_rate,large
22,fluctuating,9,lab,L37,,0.142857143,dev_rate,large
22,fluctuating,9,lab,L39,,0.111111111,dev_rate,large
22,fluctuating,9,lab,L40,,0.111111111,dev_rate,large
22,fluctuating,9,lab,L41,,0.125,dev_rate,large
22,fluctuating,9,lab,L43,,0.125,dev_rate,large
22,fluctuating,9,lab,L44,,0.111111111,dev_rate,large
22,fluctuating,9,lab,L45,,0.111111111,dev_rate,large
22,fluctuating,9,lab,L46,,0.111111111,dev_rate,large
22,fluctuating,9,lab,L47,,0.090909091,dev_rate,large
22,fluctuating,9,lab,L48,,0.125,dev_rate,large
22,fluctuating,9,lab,L49,,0.111111111,dev_rate,large
22,fluctuating,9,lab,L50,,0.1,dev_rate,large
22,fluctuating,9,lab,L51,,0.111111111,dev_rate,large
22,fluctuating,9,lab,L52,,0.111111111,dev_rate,large
22,fluctuating,9,lab,L53,,0.111111111,dev_rate,large
22,fluctuating,9,lab,L55,,0.111111111,dev_rate,large
22,fluctuating,9,lab,L56,,0.111111111,dev_rate,large
22,fluctuating,9,lab,L46（1）,,0.058823529,dev_rate,large
22,fluctuating,9,field,F1,,0.1,dev_rate,large
22,fluctuating,9,field,F2,,0.111111111,dev_rate,large
22,fluctuating,9,field,F3,,0.1,dev_rate,large
22,fluctuating,9,field,F4,,0.090909091,dev_rate,large
22,fluctuating,9,field,F5,,0.1,dev_rate,large
22,fluctuating,9,field,F6,,0.1,dev_rate,large
22,fluctuating,9,field,F7,,0.111111111,dev_rate,large
22,fluctuating,9,field,F8,,0.111111111,dev_rate,large
22,fluctuating,9,field,F10,,0.1,dev_rate,large
22,fluctuating,9,field,F11,,0.1,dev_rate,large
22,fluctuating,9,field,F12,,0.1,dev_rate,large
22,fluctuating,9,field,F13,,0.1,dev_rate,large
22,fluctuating,9,field,F14,,0.1,dev_rate,large
22,fluctuating,9,field,F15,,0.125,dev_rate,large
22,fluctuating,9,field,F16,,0.083333333,dev_rate,large
22,fluctuating,9,field,F17,,0.1,dev_rate,large
22,fluctuating,9,field,F18,,0.111111111,dev_rate,large
22,fluctuating,9,field,F19,,0.111111111,dev_rate,large
22,fluctuating,9,field,F20,,0.1,dev_rate,large
22,fluctuating,9,field,F21,,0.125,dev_rate,large
22,fluctuating,9,field,F22,,0.090909091,dev_rate,large
22,fluctuating,9,field,F23,,0.1,dev_rate,large
22,fluctuating,9,field,F24,,0.090909091,dev_rate,large
22,fluctuating,9,field,F25,,0.125,dev_rate,large
22,fluctuating,9,field,F26,,0.111111111,dev_rate,large
22,fluctuating,9,field,F27,,0.125,dev_rate,large
22,fluctuating,9,field,F28,,0.166666667,dev_rate,large
22,fluctuating,9,field,F29,,0.111111111,dev_rate,large
22,fluctuating,9,field,F30,,0.1,dev_rate,large
22,fluctuating,9,field,F31,,0.111111111,dev_rate,large
22,fluctuating,9,field,F32,,0.1,dev_rate,large
22,fluctuating,9,field,F33,,0.083333333,dev_rate,large
22,fluctuating,9,field,F34,,0.111111111,dev_rate,large
22,fluctuating,9,field,F35,,0.125,dev_rate,large
22,fluctuating,9,field,F36,,0.125,dev_rate,large
22,fluctuating,9,field,F38,,0.125,dev_rate,large
22,fluctuating,9,field,F39,,0.1,dev_rate,large
22,fluctuating,9,field,F41,,0.090909091,dev_rate,large
22,fluctuating,9,field,F42,,0.111111111,dev_rate,large
22,fluctuating,9,field,F43,,0.090909091,dev_rate,large
22,fluctuating,9,field,F44,,0.090909091,dev_rate,large
22,fluctuating,9,field,F45,,0.090909091,dev_rate,large
22,fluctuating,9,field,F46,,0.083333333,dev_rate,large
22,fluctuating,9,field,F47,,0.090909091,dev_rate,large
22,fluctuating,9,field,F48,,0.090909091,dev_rate,large
22,fluctuating,9,field,F49,,0.090909091,dev_rate,large
22,fluctuating,9,field,F50,,0.090909091,dev_rate,large
22,fluctuating,9,field,F51,,0.090909091,dev_rate,large
22,fluctuating,9,field,F52,,0.090909091,dev_rate,large
22,fluctuating,9,field,F53,,0.1,dev_rate,large
22,fluctuating,9,field,F42（1）,,0.083333333,dev_rate,large
22,fluctuating,13,lab,L2,,0.083333333,dev_rate,large
22,fluctuating,13,lab,L7,,0.090909091,dev_rate,large
22,fluctuating,13,lab,L14,,0.1,dev_rate,large
22,fluctuating,13,lab,L15,,0.083333333,dev_rate,large
22,fluctuating,13,lab,L16,,0.083333333,dev_rate,large
22,fluctuating,13,lab,L17,,0.1,dev_rate,large
22,fluctuating,13,lab,L18,,0.083333333,dev_rate,large
22,fluctuating,13,lab,L19,,0.090909091,dev_rate,large
22,fluctuating,13,lab,L20,,0.090909091,dev_rate,large
22,fluctuating,13,lab,L21,,0.090909091,dev_rate,large
22,fluctuating,13,lab,L23,,0.090909091,dev_rate,large
22,fluctuating,13,lab,L24,,0.1,dev_rate,large
22,fluctuating,13,lab,L26,,0.111111111,dev_rate,large
22,fluctuating,13,lab,L28,,0.076923077,dev_rate,large
22,fluctuating,13,lab,L29,,0.071428571,dev_rate,large
22,fluctuating,13,lab,L30,,0.1,dev_rate,large
22,fluctuating,13,lab,L31,,0.1,dev_rate,large
22,fluctuating,13,lab,L32,,0.090909091,dev_rate,large
22,fluctuating,13,lab,L33,,0.142857143,dev_rate,large
22,fluctuating,13,lab,L34,,0.090909091,dev_rate,large
22,fluctuating,13,lab,L36,,0.090909091,dev_rate,large
22,fluctuating,13,lab,L37,,0.090909091,dev_rate,large
22,fluctuating,13,lab,L39,,0.111111111,dev_rate,large
22,fluctuating,13,lab,L40,,0.083333333,dev_rate,large
22,fluctuating,13,lab,L41,,0.090909091,dev_rate,large
22,fluctuating,13,lab,L42,,0.111111111,dev_rate,large
22,fluctuating,13,lab,L43,,0.1,dev_rate,large
22,fluctuating,13,lab,L44,,0.090909091,dev_rate,large
22,fluctuating,13,lab,L45,,0.1,dev_rate,large
22,fluctuating,13,lab,L46,,0.090909091,dev_rate,large
22,fluctuating,13,lab,L47,,0.083333333,dev_rate,large
22,fluctuating,13,lab,L49,,0.083333333,dev_rate,large
22,fluctuating,13,lab,L50,,0.1,dev_rate,large
22,fluctuating,13,lab,L51,,0.090909091,dev_rate,large
22,fluctuating,13,lab,L52,,0.090909091,dev_rate,large
22,fluctuating,13,lab,L53,,0.083333333,dev_rate,large
22,fluctuating,13,lab,L54,,0.1,dev_rate,large
22,fluctuating,13,lab,L55,,0.1,dev_rate,large
22,fluctuating,13,lab,L56,,0.1,dev_rate,large
22,fluctuating,13,lab,L57,,0.1,dev_rate,large
22,fluctuating,13,lab,L58,,0.111111111,dev_rate,large
22,fluctuating,13,field,F1,,0.090909091,dev_rate,large
22,fluctuating,13,field,F2,,0.090909091,dev_rate,large
22,fluctuating,13,field,F3,,0.083333333,dev_rate,large
22,fluctuating,13,field,F4,,0.090909091,dev_rate,large
22,fluctuating,13,field,F5,,0.090909091,dev_rate,large
22,fluctuating,13,field,F6,,0.090909091,dev_rate,large
22,fluctuating,13,field,F7,,0.058823529,dev_rate,large
22,fluctuating,13,field,F8,,0.090909091,dev_rate,large
22,fluctuating,13,field,F9,,0.090909091,dev_rate,large
22,fluctuating,13,field,F10,,0.076923077,dev_rate,large
22,fluctuating,13,field,F11,,0.1,dev_rate,large
22,fluctuating,13,field,F12,,0.083333333,dev_rate,large
22,fluctuating,13,field,F13,,0.090909091,dev_rate,large
22,fluctuating,13,field,F14,,0.090909091,dev_rate,large
22,fluctuating,13,field,F15,,0.071428571,dev_rate,large
22,fluctuating,13,field,F16,,0.1,dev_rate,large
22,fluctuating,13,field,F17,,0.071428571,dev_rate,large
22,fluctuating,13,field,F18,,0.076923077,dev_rate,large
22,fluctuating,13,field,F19,,0.083333333,dev_rate,large
22,fluctuating,13,field,F20,,0.090909091,dev_rate,large
22,fluctuating,13,field,F21,,0.083333333,dev_rate,large
22,fluctuating,13,field,F22,,0.083333333,dev_rate,large
22,fluctuating,13,field,F23,,0.076923077,dev_rate,large
22,fluctuating,13,field,F24,,0.076923077,dev_rate,large
22,fluctuating,13,field,F25,,0.083333333,dev_rate,large
22,fluctuating,13,field,F26,,0.111111111,dev_rate,large
22,fluctuating,13,field,F27,,0.111111111,dev_rate,large
22,fluctuating,13,field,F28,,0.1,dev_rate,large
22,fluctuating,13,field,F29,,0.090909091,dev_rate,large
22,fluctuating,13,field,F30,,0.076923077,dev_rate,large
22,fluctuating,13,field,F31,,0.1,dev_rate,large
22,fluctuating,13,field,F32,,0.083333333,dev_rate,large
22,fluctuating,13,field,F33,,0.071428571,dev_rate,large
22,fluctuating,13,field,F34,,0.1,dev_rate,large
22,fluctuating,13,field,F36,,0.090909091,dev_rate,large
22,fluctuating,13,field,F37,,0.076923077,dev_rate,large
22,fluctuating,13,field,F38,,0.071428571,dev_rate,large
22,fluctuating,13,field,F39,,0.090909091,dev_rate,large
22,fluctuating,13,field,F41,,0.083333333,dev_rate,large
22,fluctuating,13,field,F42,,0.090909091,dev_rate,large
22,fluctuating,13,field,F43,,0.083333333,dev_rate,large
22,fluctuating,13,field,F44,,0.083333333,dev_rate,large
22,fluctuating,13,field,F45,,0.083333333,dev_rate,large
22,fluctuating,13,field,F46,,0.1,dev_rate,large
22,fluctuating,13,field,F47,,0.076923077,dev_rate,large
22,fluctuating,13,field,F48,,0.1,dev_rate,large
22,fluctuating,13,field,F49,,0.1,dev_rate,large
22,fluctuating,13,field,F50,,0.083333333,dev_rate,large
22,fluctuating,13,field,F45（1）,,0.05,dev_rate,large
28,constant,0,lab,L2,7,0.142857143,dev_rate,
28,constant,0,lab,L3,12,0.083333333,dev_rate,
28,constant,0,lab,L7,7,0.142857143,dev_rate,
28,constant,0,lab,L8,7,0.142857143,dev_rate,
28,constant,0,lab,L9,7,0.142857143,dev_rate,
28,constant,0,lab,L12,10,0.1,dev_rate,
28,constant,0,lab,L14,12,0.083333333,dev_rate,
28,constant,0,lab,L15,8,0.125,dev_rate,
28,constant,0,lab,L16,8,0.125,dev_rate,
28,constant,0,lab,L18,8,0.125,dev_rate,
28,constant,0,lab,L22,8,0.125,dev_rate,
28,constant,0,lab,L23,7,0.142857143,dev_rate,
28,constant,0,lab,L25,6,0.166666667,dev_rate,
28,constant,0,lab,L26,7,0.142857143,dev_rate,
28,constant,0,lab,L32,7,0.142857143,dev_rate,
28,constant,0,lab,L33,9,0.111111111,dev_rate,
28,constant,0,lab,L34,6,0.166666667,dev_rate,
28,constant,0,lab,L36,7,0.142857143,dev_rate,
28,constant,0,lab,L40,7,0.142857143,dev_rate,
28,constant,0,lab,L41,7,0.142857143,dev_rate,
28,constant,0,lab,L42,8,0.125,dev_rate,
28,constant,0,lab,L43,6,0.166666667,dev_rate,
28,constant,0,lab,L44,7,0.142857143,dev_rate,
28,constant,0,lab,L45,8,0.125,dev_rate,
28,constant,0,lab,L46,7,0.142857143,dev_rate,
28,constant,0,lab,L47,6,0.166666667,dev_rate,
28,constant,0,lab,L48,7,0.142857143,dev_rate,
28,constant,0,lab,L50,7,0.142857143,dev_rate,
28,constant,0,lab,L52,7,0.142857143,dev_rate,
28,constant,0,lab,L53,6,0.166666667,dev_rate,
28,constant,0,lab,L54,7,0.142857143,dev_rate,
28,constant,0,lab,L55,7,0.142857143,dev_rate,
28,constant,0,lab,L56,8,0.125,dev_rate,
28,constant,0,lab,L57,7,0.142857143,dev_rate,
28,constant,0,field,F2,8,0.125,dev_rate,
28,constant,0,field,F3,7,0.142857143,dev_rate,
28,constant,0,field,F4,8,0.125,dev_rate,
28,constant,0,field,F5,6,0.166666667,dev_rate,
28,constant,0,field,F6,7,0.142857143,dev_rate,
28,constant,0,field,F7,9,0.111111111,dev_rate,
28,constant,0,field,F8,8,0.125,dev_rate,
28,constant,0,field,F9,11,0.090909091,dev_rate,
28,constant,0,field,F10,9,0.111111111,dev_rate,
28,constant,0,field,F11,9,0.111111111,dev_rate,
28,constant,0,field,F12,8,0.125,dev_rate,
28,constant,0,field,F13,8,0.125,dev_rate,
28,constant,0,field,F14,8,0.125,dev_rate,
28,constant,0,field,F15,8,0.125,dev_rate,
28,constant,0,field,F16,8,0.125,dev_rate,
28,constant,0,field,F17,8,0.125,dev_rate,
28,constant,0,field,F18,7,0.142857143,dev_rate,
28,constant,0,field,F19,8,0.125,dev_rate,
28,constant,0,field,F20,8,0.125,dev_rate,
28,constant,0,field,F21,6,0.166666667,dev_rate,
28,constant,0,field,F22,8,0.125,dev_rate,
28,constant,0,field,F23,6,0.166666667,dev_rate,
28,constant,0,field,F24,7,0.142857143,dev_rate,
28,constant,0,field,F25,8,0.125,dev_rate,
28,constant,0,field,F26,7,0.142857143,dev_rate,
28,constant,0,field,F27,7,0.142857143,dev_rate,
28,constant,0,field,F28,7,0.142857143,dev_rate,
28,constant,0,field,F29,7,0.142857143,dev_rate,
28,constant,0,field,F30,7,0.142857143,dev_rate,
28,constant,0,field,F31,8,0.125,dev_rate,
28,constant,0,field,F32,8,0.125,dev_rate,
28,constant,0,field,F33,8,0.125,dev_rate,
28,constant,0,field,F34,8,0.125,dev_rate,
28,constant,0,field,F35,7,0.142857143,dev_rate,
28,constant,0,field,F36,7,0.142857143,dev_rate,
28,constant,0,field,F37,7,0.142857143,dev_rate,
28,constant,0,field,F38,6,0.166666667,dev_rate,
28,constant,0,field,F39,7,0.142857143,dev_rate,
28,constant,0,field,F40,8,0.125,dev_rate,
28,constant,0,field,F41,7,0.142857143,dev_rate,
28,constant,0,field,F42,7,0.142857143,dev_rate,
28,constant,0,field,F43,7,0.142857143,dev_rate,
28,constant,0,field,F44,7,0.142857143,dev_rate,
28,constant,0,field,F45,7,0.142857143,dev_rate,
28,constant,0,field,F46,7,0.142857143,dev_rate,
28,constant,0,field,F47,8,0.125,dev_rate,
28,constant,0,field,F48,7,0.142857143,dev_rate,
28,constant,0,field,F49,8,0.125,dev_rate,
28,constant,0,field,F50,8,0.125,dev_rate,
28,fluctuating,5,lab,L1,7,0.142857143,dev_rate,
28,fluctuating,5,lab,L2,9,0.111111111,dev_rate,
28,fluctuating,5,lab,L3,7,0.142857143,dev_rate,
28,fluctuating,5,lab,L4,10,0.1,dev_rate,
28,fluctuating,5,lab,L5,10,0.1,dev_rate,
28,fluctuating,5,lab,L6,10,0.1,dev_rate,
28,fluctuating,5,lab,L7,8,0.125,dev_rate,
28,fluctuating,5,lab,L9,8,0.125,dev_rate,
28,fluctuating,5,lab,L12,9,0.111111111,dev_rate,
28,fluctuating,5,lab,L13,8,0.125,dev_rate,
28,fluctuating,5,lab,L14,8,0.125,dev_rate,
28,fluctuating,5,lab,L15,7,0.142857143,dev_rate,
28,fluctuating,5,lab,L16,7,0.142857143,dev_rate,
28,fluctuating,5,lab,L17,8,0.125,dev_rate,
28,fluctuating,5,lab,L19,9,0.111111111,dev_rate,
28,fluctuating,5,lab,L20,8,0.125,dev_rate,
28,fluctuating,5,lab,L21,7,0.142857143,dev_rate,
28,fluctuating,5,lab,L22,9,0.111111111,dev_rate,
28,fluctuating,5,lab,L23,8,0.125,dev_rate,
28,fluctuating,5,lab,L24,6,0.166666667,dev_rate,
28,fluctuating,5,lab,L25,8,0.125,dev_rate,
28,fluctuating,5,lab,L26,8,0.125,dev_rate,
28,fluctuating,5,lab,L27,7,0.142857143,dev_rate,
28,fluctuating,5,lab,L28,8,0.125,dev_rate,
28,fluctuating,5,lab,L29,8,0.125,dev_rate,
28,fluctuating,5,lab,L30,7,0.142857143,dev_rate,
28,fluctuating,5,lab,L31,7,0.142857143,dev_rate,
28,fluctuating,5,lab,L32,9,0.111111111,dev_rate,
28,fluctuating,5,lab,L33,8,0.125,dev_rate,
28,fluctuating,5,lab,L34,8,0.125,dev_rate,
28,fluctuating,5,lab,L35,9,0.111111111,dev_rate,
28,fluctuating,5,lab,L36,8,0.125,dev_rate,
28,fluctuating,5,lab,L37,9,0.111111111,dev_rate,
28,fluctuating,5,lab,L41,8,0.125,dev_rate,
28,fluctuating,5,lab,L42,8,0.125,dev_rate,
28,fluctuating,5,lab,L43,7,0.142857143,dev_rate,
28,fluctuating,5,lab,L44,9,0.111111111,dev_rate,
28,fluctuating,5,lab,L45,9,0.111111111,dev_rate,
28,fluctuating,5,lab,L46,8,0.125,dev_rate,
28,fluctuating,5,lab,L49,7,0.142857143,dev_rate,
28,fluctuating,5,lab,L50,8,0.125,dev_rate,
28,fluctuating,5,lab,L51,7,0.142857143,dev_rate,
28,fluctuating,5,lab,L52,7,0.142857143,dev_rate,
28,fluctuating,5,lab,L53,9,0.111111111,dev_rate,
28,fluctuating,5,lab,L54,7,0.142857143,dev_rate,
28,fluctuating,5,lab,L56,8,0.125,dev_rate,
28,fluctuating,5,lab,L57,7,0.142857143,dev_rate,
28,fluctuating,5,lab,L58,9,0.111111111,dev_rate,
28,fluctuating,5,field,F1,8,0.125,dev_rate,
28,fluctuating,5,field,F2,9,0.111111111,dev_rate,
28,fluctuating,5,field,F3,9,0.111111111,dev_rate,
28,fluctuating,5,field,F4,9,0.111111111,dev_rate,
28,fluctuating,5,field,F6,7,0.142857143,dev_rate,
28,fluctuating,5,field,F7,7,0.142857143,dev_rate,
28,fluctuating,5,field,F8,8,0.125,dev_rate,
28,fluctuating,5,field,F9,8,0.125,dev_rate,
28,fluctuating,5,field,F10,8,0.125,dev_rate,
28,fluctuating,5,field,F11,10,0.1,dev_rate,
28,fluctuating,5,field,F12,10,0.1,dev_rate,
28,fluctuating,5,field,F13,10,0.1,dev_rate,
28,fluctuating,5,field,F14,8,0.125,dev_rate,
28,fluctuating,5,field,F15,7,0.142857143,dev_rate,
28,fluctuating,5,field,F16,8,0.125,dev_rate,
28,fluctuating,5,field,F17,8,0.125,dev_rate,
28,fluctuating,5,field,F18,9,0.111111111,dev_rate,
28,fluctuating,5,field,F20,7,0.142857143,dev_rate,
28,fluctuating,5,field,F21,8,0.125,dev_rate,
28,fluctuating,5,field,F22,9,0.111111111,dev_rate,
28,fluctuating,5,field,F23,9,0.111111111,dev_rate,
28,fluctuating,5,field,F24,9,0.111111111,dev_rate,
28,fluctuating,5,field,F25,7,0.142857143,dev_rate,
28,fluctuating,5,field,F26,8,0.125,dev_rate,
28,fluctuating,5,field,F27,8,0.125,dev_rate,
28,fluctuating,5,field,F28,8,0.125,dev_rate,
28,fluctuating,5,field,F29,7,0.142857143,dev_rate,
28,fluctuating,5,field,F30,10,0.1,dev_rate,
28,fluctuating,5,field,F31,9,0.111111111,dev_rate,
28,fluctuating,5,field,F32,8,0.125,dev_rate,
28,fluctuating,5,field,F34,9,0.111111111,dev_rate,
28,fluctuating,5,field,F35,8,0.125,dev_rate,
28,fluctuating,5,field,F36,7,0.142857143,dev_rate,
28,fluctuating,5,field,F37,9,0.111111111,dev_rate,
28,fluctuating,5,field,F38,10,0.1,dev_rate,
28,fluctuating,5,field,F39,8,0.125,dev_rate,
28,fluctuating,5,field,F40,8,0.125,dev_rate,
28,fluctuating,5,field,F41,8,0.125,dev_rate,
28,fluctuating,5,field,F42,7,0.142857143,dev_rate,
28,fluctuating,5,field,F44,7,0.142857143,dev_rate,
28,fluctuating,5,field,F45,8,0.125,dev_rate,
28,fluctuating,5,field,F46,8,0.125,dev_rate,
28,fluctuating,5,field,F47,6,0.166666667,dev_rate,
28,fluctuating,5,field,F48,6,0.166666667,dev_rate,
28,fluctuating,5,field,F49,9,0.111111111,dev_rate,
28,fluctuating,5,field,F50,8,0.125,dev_rate,
28,fluctuating,5,field,F51,8,0.125,dev_rate,
28,fluctuating,5,field,F25（1）,14,0.071428571,dev_rate,
28,fluctuating,5,field,F45（1）,12,0.083333333,dev_rate,
30,constant,0,lab,L6,12,0.083333333,dev_rate,
30,constant,0,lab,L8,8,0.125,dev_rate,
30,constant,0,lab,L10,9,0.111111111,dev_rate,
30,constant,0,lab,L13,9,0.111111111,dev_rate,
30,constant,0,lab,L17,9,0.111111111,dev_rate,
30,constant,0,lab,L18,7,0.142857143,dev_rate,
30,constant,0,lab,L19,8,0.125,dev_rate,
30,constant,0,lab,L20,7,0.142857143,dev_rate,
30,constant,0,lab,L21,8,0.125,dev_rate,
30,constant,0,lab,L22,7,0.142857143,dev_rate,
30,constant,0,lab,L24,7,0.142857143,dev_rate,
30,constant,0,lab,L25,8,0.125,dev_rate,
30,constant,0,lab,L26,9,0.111111111,dev_rate,
30,constant,0,lab,L27,8,0.125,dev_rate,
30,constant,0,lab,L28,11,0.090909091,dev_rate,
30,constant,0,lab,L29,8,0.125,dev_rate,
30,constant,0,lab,L30,7,0.142857143,dev_rate,
30,constant,0,lab,L31,11,0.090909091,dev_rate,
30,constant,0,lab,L32,10,0.1,dev_rate,
30,constant,0,lab,L33,7,0.142857143,dev_rate,
30,constant,0,lab,L34,7,0.142857143,dev_rate,
30,constant,0,lab,L36,8,0.125,dev_rate,
30,constant,0,lab,L37,8,0.125,dev_rate,
30,constant,0,lab,L40,9,0.111111111,dev_rate,
30,constant,0,lab,L41,7,0.142857143,dev_rate,
30,constant,0,lab,L42,8,0.125,dev_rate,
30,constant,0,lab,L43,7,0.142857143,dev_rate,
30,constant,0,lab,L45,8,0.125,dev_rate,
30,constant,0,lab,L46,7,0.142857143,dev_rate,
30,constant,0,lab,L47,8,0.125,dev_rate,
30,constant,0,lab,L48,7,0.142857143,dev_rate,
30,constant,0,lab,L49,9,0.111111111,dev_rate,
30,constant,0,lab,L51,7,0.142857143,dev_rate,
30,constant,0,lab,L52,8,0.125,dev_rate,
30,constant,0,lab,L53,9,0.111111111,dev_rate,
30,constant,0,lab,L54,6,0.166666667,dev_rate,
30,constant,0,lab,L55,8,0.125,dev_rate,
30,constant,0,lab,L56,7,0.142857143,dev_rate,
30,constant,0,lab,L57,9,0.111111111,dev_rate,
30,constant,0,lab,L59,7,0.142857143,dev_rate,
30,constant,0,lab,L60,8,0.125,dev_rate,
30,constant,0,lab,L61,7,0.142857143,dev_rate,
30,constant,0,lab,L63,7,0.142857143,dev_rate,
30,constant,0,lab,L64,7,0.142857143,dev_rate,
30,constant,0,lab,L65,7,0.142857143,dev_rate,
30,constant,0,lab,L66,7,0.142857143,dev_rate,
30,constant,0,lab,L67,8,0.125,dev_rate,
30,constant,0,lab,L68,7,0.142857143,dev_rate,
30,constant,0,lab,L72,10,0.1,dev_rate,
30,constant,0,lab,L76,10,0.1,dev_rate,
30,constant,0,lab,L78,8,0.125,dev_rate,
30,constant,0,field,F2,10,0.1,dev_rate,
30,constant,0,field,F3,9,0.111111111,dev_rate,
30,constant,0,field,F5,8,0.125,dev_rate,
30,constant,0,field,F6,9,0.111111111,dev_rate,
30,constant,0,field,F7,9,0.111111111,dev_rate,
30,constant,0,field,F8,9,0.111111111,dev_rate,
30,constant,0,field,F9,9,0.111111111,dev_rate,
30,constant,0,field,F10,9,0.111111111,dev_rate,
30,constant,0,field,F12,10,0.1,dev_rate,
30,constant,0,field,F13,9,0.111111111,dev_rate,
30,constant,0,field,F16,9,0.111111111,dev_rate,
30,constant,0,field,F17,8,0.125,dev_rate,
30,constant,0,field,F21,8,0.125,dev_rate,
30,constant,0,field,F22,11,0.090909091,dev_rate,
30,constant,0,field,F23,10,0.1,dev_rate,
30,constant,0,field,F24,8,0.125,dev_rate,
30,constant,0,field,F25,10,0.1,dev_rate,
30,constant,0,field,F26,7,0.142857143,dev_rate,
30,constant,0,field,F27,10,0.1,dev_rate,
30,constant,0,field,F28,8,0.125,dev_rate,
30,constant,0,field,F29,9,0.111111111,dev_rate,
30,constant,0,field,F30,8,0.125,dev_rate,
30,constant,0,field,F31,10,0.1,dev_rate,
30,constant,0,field,F32,8,0.125,dev_rate,
30,constant,0,field,F33,9,0.111111111,dev_rate,
30,constant,0,field,F34,12,0.083333333,dev_rate,
30,constant,0,field,F35,9,0.111111111,dev_rate,
30,constant,0,field,F36,9,0.111111111,dev_rate,
30,constant,0,field,F37,7,0.142857143,dev_rate,
30,constant,0,field,F38,7,0.142857143,dev_rate,
30,constant,0,field,F39,12,0.083333333,dev_rate,
30,constant,0,field,F40,9,0.111111111,dev_rate,
30,constant,0,field,F41,8,0.125,dev_rate,
30,constant,0,field,F42,7,0.142857143,dev_rate,
30,constant,0,field,F43,7,0.142857143,dev_rate,
30,constant,0,field,F44,8,0.125,dev_rate,
30,constant,0,field,F45,8,0.125,dev_rate,
30,constant,0,field,F46,9,0.111111111,dev_rate,
30,constant,0,field,F47,8,0.125,dev_rate,
30,constant,0,field,F48,7,0.142857143,dev_rate,
30,constant,0,field,F49,8,0.125,dev_rate,
30,constant,0,field,F50,7,0.142857143,dev_rate,
30,constant,0,field,F51,7,0.142857143,dev_rate,
30,constant,0,field,F64,8,0.125,dev_rate,
30,constant,0,field,F65,12,0.083333333,dev_rate,
30,constant,0,field,F69,8,0.125,dev_rate,
30,fluctuating,5,lab,L1,9,0.111111111,dev_rate,
30,fluctuating,5,lab,L2,8,0.125,dev_rate,
30,fluctuating,5,lab,L5,9,0.111111111,dev_rate,
30,fluctuating,5,lab,L6,9,0.111111111,dev_rate,
30,fluctuating,5,lab,L7,7,0.142857143,dev_rate,
30,fluctuating,5,lab,L10,11,0.090909091,dev_rate,
30,fluctuating,5,lab,L12,10,0.1,dev_rate,
30,fluctuating,5,lab,L14,7,0.142857143,dev_rate,
30,fluctuating,5,lab,L15,9,0.111111111,dev_rate,
30,fluctuating,5,lab,L16,9,0.111111111,dev_rate,
30,fluctuating,5,lab,L17,8,0.125,dev_rate,
30,fluctuating,5,lab,L18,8,0.125,dev_rate,
30,fluctuating,5,lab,L20,9,0.111111111,dev_rate,
30,fluctuating,5,lab,L22,7,0.142857143,dev_rate,
30,fluctuating,5,lab,L23,8,0.125,dev_rate,
30,fluctuating,5,lab,L25,9,0.111111111,dev_rate,
30,fluctuating,5,lab,L26,7,0.142857143,dev_rate,
30,fluctuating,5,lab,L27,7,0.142857143,dev_rate,
30,fluctuating,5,lab,L28,9,0.111111111,dev_rate,
30,fluctuating,5,lab,L29,8,0.125,dev_rate,
30,fluctuating,5,lab,L30,8,0.125,dev_rate,
30,fluctuating,5,lab,L32,8,0.125,dev_rate,
30,fluctuating,5,lab,L33,8,0.125,dev_rate,
30,fluctuating,5,lab,L35,9,0.111111111,dev_rate,
30,fluctuating,5,lab,L36,7,0.142857143,dev_rate,
30,fluctuating,5,lab,L37,8,0.125,dev_rate,
30,fluctuating,5,lab,L39,7,0.142857143,dev_rate,
30,fluctuating,5,lab,L40,10,0.1,dev_rate,
30,fluctuating,5,lab,L41,8,0.125,dev_rate,
30,fluctuating,5,lab,L42,8,0.125,dev_rate,
30,fluctuating,5,lab,L43,8,0.125,dev_rate,
30,fluctuating,5,lab,L46,7,0.142857143,dev_rate,
30,fluctuating,5,lab,L47,8,0.125,dev_rate,
30,fluctuating,5,lab,L48,8,0.125,dev_rate,
30,fluctuating,5,lab,L49,8,0.125,dev_rate,
30,fluctuating,5,lab,L51,6,0.166666667,dev_rate,
30,fluctuating,5,lab,L52,9,0.111111111,dev_rate,
30,fluctuating,5,lab,L55,7,0.142857143,dev_rate,
30,fluctuating,5,lab,L56,10,0.1,dev_rate,
30,fluctuating,5,lab,L57,9,0.111111111,dev_rate,
30,fluctuating,5,lab,L58,7,0.142857143,dev_rate,
30,fluctuating,5,lab,L59,8,0.125,dev_rate,
30,fluctuating,5,lab,L60,9,0.111111111,dev_rate,
30,fluctuating,5,lab,L61,7,0.142857143,dev_rate,
30,fluctuating,5,lab,L62,7,0.142857143,dev_rate,
30,fluctuating,5,lab,L63,8,0.125,dev_rate,
30,fluctuating,5,lab,L64,9,0.111111111,dev_rate,
30,fluctuating,5,lab,L65,7,0.142857143,dev_rate,
30,fluctuating,5,lab,L66,7,0.142857143,dev_rate,
30,fluctuating,5,lab,L68,8,0.125,dev_rate,
30,fluctuating,5,lab,L78,9,0.111111111,dev_rate,
30,fluctuating,5,lab,L80,7,0.142857143,dev_rate,
30,fluctuating,5,lab,L15（1）,10,0.1,dev_rate,
30,fluctuating,5,lab,L16（1）,10,0.1,dev_rate,
30,fluctuating,5,lab,L36（1）,10,0.1,dev_rate,
30,fluctuating,5,lab,L51（1）,10,0.1,dev_rate,
30,fluctuating,5,lab,L22（1）,10,0.1,dev_rate,
30,fluctuating,5,lab,L23（1）,11,0.090909091,dev_rate,
30,fluctuating,5,lab,L30（1）,10,0.1,dev_rate,
30,fluctuating,5,field,F1,6,0.166666667,dev_rate,
30,fluctuating,5,field,F2,8,0.125,dev_rate,
30,fluctuating,5,field,F3,9,0.111111111,dev_rate,
30,fluctuating,5,field,F4,7,0.142857143,dev_rate,
30,fluctuating,5,field,F5,7,0.142857143,dev_rate,
30,fluctuating,5,field,F6,7,0.142857143,dev_rate,
30,fluctuating,5,field,F7,9,0.111111111,dev_rate,
30,fluctuating,5,field,F8,8,0.125,dev_rate,
30,fluctuating,5,field,F9,8,0.125,dev_rate,
30,fluctuating,5,field,F12,11,0.090909091,dev_rate,
30,fluctuating,5,field,F13,10,0.1,dev_rate,
30,fluctuating,5,field,F14,8,0.125,dev_rate,
30,fluctuating,5,field,F15,8,0.125,dev_rate,
30,fluctuating,5,field,F16,8,0.125,dev_rate,
30,fluctuating,5,field,F17,7,0.142857143,dev_rate,
30,fluctuating,5,field,F18,8,0.125,dev_rate,
30,fluctuating,5,field,F19,10,0.1,dev_rate,
30,fluctuating,5,field,F20,11,0.090909091,dev_rate,
30,fluctuating,5,field,F21,9,0.111111111,dev_rate,
30,fluctuating,5,field,F23,7,0.142857143,dev_rate,
30,fluctuating,5,field,F24,7,0.142857143,dev_rate,
30,fluctuating,5,field,F26,9,0.111111111,dev_rate,
30,fluctuating,5,field,F27,12,0.083333333,dev_rate,
30,fluctuating,5,field,F28,7,0.142857143,dev_rate,
30,fluctuating,5,field,F29,7,0.142857143,dev_rate,
30,fluctuating,5,field,F30,7,0.142857143,dev_rate,
30,fluctuating,5,field,F31,8,0.125,dev_rate,
30,fluctuating,5,field,F32,8,0.125,dev_rate,
30,fluctuating,5,field,F33,8,0.125,dev_rate,
30,fluctuating,5,field,F34,7,0.142857143,dev_rate,
30,fluctuating,5,field,F35,9,0.111111111,dev_rate,
30,fluctuating,5,field,F36,7,0.142857143,dev_rate,
30,fluctuating,5,field,F37,8,0.125,dev_rate,
30,fluctuating,5,field,F38,9,0.111111111,dev_rate,
30,fluctuating,5,field,F39,9,0.111111111,dev_rate,
30,fluctuating,5,field,F40,9,0.111111111,dev_rate,
30,fluctuating,5,field,F41,8,0.125,dev_rate,
30,fluctuating,5,field,F42,11,0.090909091,dev_rate,
30,fluctuating,5,field,F43,7,0.142857143,dev_rate,
30,fluctuating,5,field,F44,9,0.111111111,dev_rate,
30,fluctuating,5,field,F45,9,0.111111111,dev_rate,
30,fluctuating,5,field,F46,10,0.1,dev_rate,
30,fluctuating,5,field,F47,9,0.111111111,dev_rate,
30,fluctuating,5,field,F48,8,0.125,dev_rate,
30,fluctuating,5,field,F49,10,0.1,dev_rate,
30,fluctuating,5,field,F50,9,0.111111111,dev_rate,
32,constant,0,lab,L7,12,0.083333333,dev_rate,
32,constant,0,lab,L26,8,0.125,dev_rate,
32,constant,0,lab,L34,8,0.125,dev_rate,
32,constant,0,lab,L40,7,0.142857143,dev_rate,
32,constant,0,lab,L48,11,0.090909091,dev_rate,
32,constant,0,lab,L55,8,0.125,dev_rate,
32,constant,0,lab,L68,11,0.090909091,dev_rate,
32,constant,0,lab,L70,9,0.111111111,dev_rate,
32,constant,0,lab,L78,9,0.111111111,dev_rate,
32,constant,0,field,F18,12,0.083333333,dev_rate,
32,constant,0,field,F26,9,0.111111111,dev_rate,
32,constant,0,field,F51,9,0.111111111,dev_rate,
32,constant,0,field,F67,10,0.1,dev_rate,
32,constant,0,field,F68,12,0.083333333,dev_rate,
32,constant,0,field,F69,10,0.1,dev_rate,
32,constant,0,field,F73,10,0.1,dev_rate,
32,constant,0,field,F76,9,0.111111111,dev_rate,
32,constant,0,field,F79,10,0.1,dev_rate,
32,constant,0,field,F81,10,0.1,dev_rate,
32,fluctuating,5,lab,L22,10,0.1,dev_rate,
32,fluctuating,5,lab,L79,11,0.090909091,dev_rate,
32,fluctuating,5,lab,L80,8,0.125,dev_rate,
32,fluctuating,5,field,F21,10,0.1,dev_rate,
32,fluctuating,5,field,F23,12,0.083333333,dev_rate,
32,fluctuating,5,field,F38,11,0.090909091,dev_rate,
32,fluctuating,5,field,F42,11,0.090909091,dev_rate,
32,fluctuating,5,field,F46,9,0.111111111,dev_rate,
32,fluctuating,5,field,F50,10,0.1,dev_rate,
32,fluctuating,5,field,F51,8,0.125,dev_rate,
32,fluctuating,5,field,F52,11,0.090909091,dev_rate,
32,fluctuating,5,field,F53,9,0.111111111,dev_rate,
32,fluctuating,5,field,F57,12,0.083333333,dev_rate,
32,fluctuating,5,field,F61,10,0.1,dev_rate,
32,fluctuating,5,field,F62,10,0.1,dev_rate,
32,fluctuating,5,field,F64,9,0.111111111,dev_rate,
32,fluctuating,5,field,F66,8,0.125,dev_rate,
32,fluctuating,5,field,F67,9,0.111111111,dev_rate,
32,fluctuating,5,field,F70,9,0.111111111,dev_rate,
32,fluctuating,5,field,F72,8,0.125,dev_rate,
32,fluctuating,5,field,F73,8,0.125,dev_rate,
32,fluctuating,5,field,F74,13,0.076923077,dev_rate,
32,fluctuating,5,field,F78,11,0.090909091,dev_rate,
32,fluctuating,5,field,F79,9,0.111111111,dev_rate,
32,fluctuating,5,field,F81,11,0.090909091,dev_rate,
28,constant,0,lab,L2,,45,fecundity,
28,constant,0,lab,L3,,1,fecundity,
28,constant,0,lab,L7,,17,fecundity,
28,constant,0,lab,L8,,32,fecundity,
28,constant,0,lab,L9,,11,fecundity,
28,constant,0,lab,L12,,5,fecundity,
28,constant,0,lab,L14,,1,fecundity,
28,constant,0,lab,L15,,2,fecundity,
28,constant,0,lab,L16,,16,fecundity,
28,constant,0,lab,L18,,21,fecundity,
28,constant,0,lab,L22,,10,fecundity,
28,constant,0,lab,L23,,3,fecundity,
28,constant,0,lab,L25,,15,fecundity,
28,constant,0,lab,L26,,8,fecundity,
28,constant,0,lab,L32,,2,fecundity,
28,constant,0,lab,L33,,1,fecundity,
28,constant,0,lab,L34,,31,fecundity,
28,constant,0,lab,L36,,11,fecundity,
28,constant,0,lab,L40,,22,fecundity,
28,constant,0,lab,L41,,20,fecundity,
28,constant,0,lab,L42,,11,fecundity,
28,constant,0,lab,L43,,51,fecundity,
28,constant,0,lab,L44,,19,fecundity,
28,constant,0,lab,L45,,37,fecundity,
28,constant,0,lab,L46,,30,fecundity,
28,constant,0,lab,L47,,45,fecundity,
28,constant,0,lab,L48,,26,fecundity,
28,constant,0,lab,L50,,20,fecundity,
28,constant,0,lab,L52,,37,fecundity,
28,constant,0,lab,L53,,20,fecundity,
28,constant,0,lab,L54,,34,fecundity,
28,constant,0,lab,L55,,27,fecundity,
28,constant,0,lab,L56,,24,fecundity,
28,constant,0,lab,L57,,20,fecundity,
28,constant,0,field,F2,,41,fecundity,
28,constant,0,field,F3,,37,fecundity,
28,constant,0,field,F4,,14,fecundity,
28,constant,0,field,F5,,75,fecundity,
28,constant,0,field,F6,,53,fecundity,
28,constant,0,field,F7,,45,fecundity,
28,constant,0,field,F8,,40,fecundity,
28,constant,0,field,F9,,11,fecundity,
28,constant,0,field,F10,,9,fecundity,
28,constant,0,field,F11,,31,fecundity,
28,constant,0,field,F12,,34,fecundity,
28,constant,0,field,F13,,51,fecundity,
28,constant,0,field,F14,,44,fecundity,
28,constant,0,field,F15,,28,fecundity,
28,constant,0,field,F16,,50,fecundity,
28,constant,0,field,F17,,30,fecundity,
28,constant,0,field,F18,,58,fecundity,
28,constant,0,field,F19,,23,fecundity,
28,constant,0,field,F20,,48,fecundity,
28,constant,0,field,F21,,55,fecundity,
28,constant,0,field,F22,,22,fecundity,
28,constant,0,field,F23,,64,fecundity,
28,constant,0,field,F24,,43,fecundity,
28,constant,0,field,F25,,39,fecundity,
28,constant,0,field,F26,,50,fecundity,
28,constant,0,field,F27,,47,fecundity,
28,constant,0,field,F28,,79,fecundity,
28,constant,0,field,F29,,56,fecundity,
28,constant,0,field,F30,,8,fecundity,
28,constant,0,field,F31,,41,fecundity,
28,constant,0,field,F32,,35,fecundity,
28,constant,0,field,F33,,23,fecundity,
28,constant,0,field,F34,,34,fecundity,
28,constant,0,field,F35,,47,fecundity,
28,constant,0,field,F36,,37,fecundity,
28,constant,0,field,F37,,70,fecundity,
28,constant,0,field,F38,,48,fecundity,
28,constant,0,field,F39,,55,fecundity,
28,constant,0,field,F40,,37,fecundity,
28,constant,0,field,F41,,32,fecundity,
28,constant,0,field,F42,,58,fecundity,
28,constant,0,field,F43,,16,fecundity,
28,constant,0,field,F44,,52,fecundity,
28,constant,0,field,F45,,60,fecundity,
28,constant,0,field,F46,,28,fecundity,
28,constant,0,field,F47,,28,fecundity,
28,constant,0,field,F48,,1,fecundity,
28,constant,0,field,F49,,54,fecundity,
28,constant,0,field,F50,,44,fecundity,
28,fluctuating,5,lab,L1,,4,fecundity,
28,fluctuating,5,lab,L2,,2,fecundity,
28,fluctuating,5,lab,L3,,50,fecundity,
28,fluctuating,5,lab,L4,,6,fecundity,
28,fluctuating,5,lab,L5,,4,fecundity,
28,fluctuating,5,lab,L6,,9,fecundity,
28,fluctuating,5,lab,L7,,8,fecundity,
28,fluctuating,5,lab,L9,,20,fecundity,
28,fluctuating,5,lab,L12,,18,fecundity,
28,fluctuating,5,lab,L13,,3,fecundity,
28,fluctuating,5,lab,L14,,32,fecundity,
28,fluctuating,5,lab,L15,,33,fecundity,
28,fluctuating,5,lab,L16,,34,fecundity,
28,fluctuating,5,lab,L17,,39,fecundity,
28,fluctuating,5,lab,L19,,6,fecundity,
28,fluctuating,5,lab,L20,,19,fecundity,
28,fluctuating,5,lab,L21,,19,fecundity,
28,fluctuating,5,lab,L22,,12,fecundity,
28,fluctuating,5,lab,L23,,9,fecundity,
28,fluctuating,5,lab,L24,,41,fecundity,
28,fluctuating,5,lab,L25,,20,fecundity,
28,fluctuating,5,lab,L26,,24,fecundity,
28,fluctuating,5,lab,L27,,19,fecundity,
28,fluctuating,5,lab,L28,,22,fecundity,
28,fluctuating,5,lab,L29,,42,fecundity,
28,fluctuating,5,lab,L30,,39,fecundity,
28,fluctuating,5,lab,L31,,47,fecundity,
28,fluctuating,5,lab,L32,,13,fecundity,
28,fluctuating,5,lab,L33,,36,fecundity,
28,fluctuating,5,lab,L34,,35,fecundity,
28,fluctuating,5,lab,L35,,25,fecundity,
28,fluctuating,5,lab,L36,,22,fecundity,
28,fluctuating,5,lab,L37,,4,fecundity,
28,fluctuating,5,lab,L41,,32,fecundity,
28,fluctuating,5,lab,L42,,10,fecundity,
28,fluctuating,5,lab,L43,,47,fecundity,
28,fluctuating,5,lab,L44,,15,fecundity,
28,fluctuating,5,lab,L45,,28,fecundity,
28,fluctuating,5,lab,L46,,33,fecundity,
28,fluctuating,5,lab,L49,,39,fecundity,
28,fluctuating,5,lab,L50,,17,fecundity,
28,fluctuating,5,lab,L51,,28,fecundity,
28,fluctuating,5,lab,L52,,41,fecundity,
28,fluctuating,5,lab,L53,,8,fecundity,
28,fluctuating,5,lab,L54,,37,fecundity,
28,fluctuating,5,lab,L56,,33,fecundity,
28,fluctuating,5,lab,L57,,14,fecundity,
28,fluctuating,5,lab,L58,,14,fecundity,
28,fluctuating,5,field,F1,,65,fecundity,
28,fluctuating,5,field,F2,,53,fecundity,
28,fluctuating,5,field,F3,,50,fecundity,
28,fluctuating,5,field,F4,,49,fecundity,
28,fluctuating,5,field,F6,,59,fecundity,
28,fluctuating,5,field,F7,,47,fecundity,
28,fluctuating,5,field,F8,,35,fecundity,
28,fluctuating,5,field,F9,,63,fecundity,
28,fluctuating,5,field,F10,,71,fecundity,
28,fluctuating,5,field,F11,,21,fecundity,
28,fluctuating,5,field,F12,,23,fecundity,
28,fluctuating,5,field,F13,,26,fecundity,
28,fluctuating,5,field,F14,,62,fecundity,
28,fluctuating,5,field,F15,,44,fecundity,
28,fluctuating,5,field,F16,,48,fecundity,
28,fluctuating,5,field,F17,,56,fecundity,
28,fluctuating,5,field,F18,,70,fecundity,
28,fluctuating,5,field,F20,,72,fecundity,
28,fluctuating,5,field,F21,,69,fecundity,
28,fluctuating,5,field,F22,,58,fecundity,
28,fluctuating,5,field,F23,,65,fecundity,
28,fluctuating,5,field,F24,,65,fecundity,
28,fluctuating,5,field,F25,,55,fecundity,
28,fluctuating,5,field,F26,,43,fecundity,
28,fluctuating,5,field,F27,,31,fecundity,
28,fluctuating,5,field,F28,,40,fecundity,
28,fluctuating,5,field,F29,,56,fecundity,
28,fluctuating,5,field,F30,,48,fecundity,
28,fluctuating,5,field,F31,,38,fecundity,
28,fluctuating,5,field,F32,,67,fecundity,
28,fluctuating,5,field,F34,,32,fecundity,
28,fluctuating,5,field,F35,,55,fecundity,
28,fluctuating,5,field,F36,,36,fecundity,
28,fluctuating,5,field,F37,,24,fecundity,
28,fluctuating,5,field,F38,,24,fecundity,
28,fluctuating,5,field,F39,,11,fecundity,
28,fluctuating,5,field,F40,,72,fecundity,
28,fluctuating,5,field,F41,,41,fecundity,
28,fluctuating,5,field,F42,,65,fecundity,
28,fluctuating,5,field,F44,,36,fecundity,
28,fluctuating,5,field,F45,,40,fecundity,
28,fluctuating,5,field,F46,,58,fecundity,
28,fluctuating,5,field,F47,,59,fecundity,
28,fluctuating,5,field,F48,,82,fecundity,
28,fluctuating,5,field,F49,,31,fecundity,
28,fluctuating,5,field,F50,,55,fecundity,
28,fluctuating,5,field,F51,,10,fecundity,
28,fluctuating,5,field,F25（1）,,19,fecundity,
28,fluctuating,5,field,F45（1）,,24,fecundity,
30,constant,0,lab,L6,,2,fecundity,
30,constant,0,lab,L8,,8,fecundity,
30,constant,0,lab,L10,,11,fecundity,
30,constant,0,lab,L13,,9,fecundity,
30,constant,0,lab,L17,,3,fecundity,
30,constant,0,lab,L18,,12,fecundity,
30,constant,0,lab,L19,,4,fecundity,
30,constant,0,lab,L20,,21,fecundity,
30,constant,0,lab,L21,,13,fecundity,
30,constant,0,lab,L22,,20,fecundity,
30,constant,0,lab,L24,,1,fecundity,
30,constant,0,lab,L25,,11,fecundity,
30,constant,0,lab,L26,,13,fecundity,
30,constant,0,lab,L27,,21,fecundity,
30,constant,0,lab,L28,,2,fecundity,
30,constant,0,lab,L29,,13,fecundity,
30,constant,0,lab,L30,,6,fecundity,
30,constant,0,lab,L31,,1,fecundity,
30,constant,0,lab,L32,,6,fecundity,
30,constant,0,lab,L33,,21,fecundity,
30,constant,0,lab,L34,,16,fecundity,
30,constant,0,lab,L36,,13,fecundity,
30,constant,0,lab,L37,,18,fecundity,
30,constant,0,lab,L40,,12,fecundity,
30,constant,0,lab,L41,,23,fecundity,
30,constant,0,lab,L42,,23,fecundity,
30,constant,0,lab,L43,,12,fecundity,
30,constant,0,lab,L45,,8,fecundity,
30,constant,0,lab,L46,,12,fecundity,
30,constant,0,lab,L47,,13,fecundity,
30,constant,0,lab,L48,,22,fecundity,
30,constant,0,lab,L49,,8,fecundity,
30,constant,0,lab,L51,,12,fecundity,
30,constant,0,lab,L52,,9,fecundity,
30,constant,0,lab,L53,,14,fecundity,
30,constant,0,lab,L54,,22,fecundity,
30,constant,0,lab,L55,,14,fecundity,
30,constant,0,lab,L56,,14,fecundity,
30,constant,0,lab,L57,,11,fecundity,
30,constant,0,lab,L59,,23,fecundity,
30,constant,0,lab,L60,,3,fecundity,
30,constant,0,lab,L61,,14,fecundity,
30,constant,0,lab,L63,,16,fecundity,
30,constant,0,lab,L64,,14,fecundity,
30,constant,0,lab,L65,,4,fecundity,
30,constant,0,lab,L66,,8,fecundity,
30,constant,0,lab,L67,,12,fecundity,
30,constant,0,lab,L68,,14,fecundity,
30,constant,0,lab,L72,,1,fecundity,
30,constant,0,lab,L76,,3,fecundity,
30,constant,0,lab,L78,,4,fecundity,
30,constant,0,field,F2,,9,fecundity,
30,constant,0,field,F3,,17,fecundity,
30,constant,0,field,F5,,17,fecundity,
30,constant,0,field,F6,,21,fecundity,
30,constant,0,field,F7,,8,fecundity,
30,constant,0,field,F8,,11,fecundity,
30,constant,0,field,F9,,10,fecundity,
30,constant,0,field,F10,,8,fecundity,
30,constant,0,field,F12,,17,fecundity,
30,constant,0,field,F13,,15,fecundity,
30,constant,0,field,F16,,30,fecundity,
30,constant,0,field,F17,,44,fecundity,
30,constant,0,field,F21,,22,fecundity,
30,constant,0,field,F22,,6,fecundity,
30,constant,0,field,F23,,13,fecundity,
30,constant,0,field,F24,,13,fecundity,
30,constant,0,field,F25,,3,fecundity,
30,constant,0,field,F26,,16,fecundity,
30,constant,0,field,F27,,5,fecundity,
30,constant,0,field,F28,,14,fecundity,
30,constant,0,field,F29,,10,fecundity,
30,constant,0,field,F30,,16,fecundity,
30,constant,0,field,F31,,11,fecundity,
30,constant,0,field,F32,,4,fecundity,
30,constant,0,field,F33,,14,fecundity,
30,constant,0,field,F34,,3,fecundity,
30,constant,0,field,F35,,10,fecundity,
30,constant,0,field,F36,,14,fecundity,
30,constant,0,field,F37,,13,fecundity,
30,constant,0,field,F38,,34,fecundity,
30,constant,0,field,F39,,3,fecundity,
30,constant,0,field,F40,,15,fecundity,
30,constant,0,field,F41,,17,fecundity,
30,constant,0,field,F42,,26,fecundity,
30,constant,0,field,F43,,39,fecundity,
30,constant,0,field,F44,,3,fecundity,
30,constant,0,field,F45,,17,fecundity,
30,constant,0,field,F46,,9,fecundity,
30,constant,0,field,F47,,9,fecundity,
30,constant,0,field,F48,,30,fecundity,
30,constant,0,field,F49,,19,fecundity,
30,constant,0,field,F50,,30,fecundity,
30,constant,0,field,F51,,28,fecundity,
30,constant,0,field,F64,,7,fecundity,
30,constant,0,field,F65,,5,fecundity,
30,constant,0,field,F69,,1,fecundity,
30,fluctuating,5,lab,L1,,15,fecundity,
30,fluctuating,5,lab,L2,,4,fecundity,
30,fluctuating,5,lab,L5,,7,fecundity,
30,fluctuating,5,lab,L6,,4,fecundity,
30,fluctuating,5,lab,L7,,4,fecundity,
30,fluctuating,5,lab,L10,,2,fecundity,
30,fluctuating,5,lab,L12,,7,fecundity,
30,fluctuating,5,lab,L14,,8,fecundity,
30,fluctuating,5,lab,L15,,10,fecundity,
30,fluctuating,5,lab,L16,,24,fecundity,
30,fluctuating,5,lab,L17,,26,fecundity,
30,fluctuating,5,lab,L18,,14,fecundity,
30,fluctuating,5,lab,L20,,11,fecundity,
30,fluctuating,5,lab,L22,,32,fecundity,
30,fluctuating,5,lab,L23,,14,fecundity,
30,fluctuating,5,lab,L25,,13,fecundity,
30,fluctuating,5,lab,L26,,25,fecundity,
30,fluctuating,5,lab,L27,,9,fecundity,
30,fluctuating,5,lab,L28,,8,fecundity,
30,fluctuating,5,lab,L29,,17,fecundity,
30,fluctuating,5,lab,L30,,31,fecundity,
30,fluctuating,5,lab,L32,,20,fecundity,
30,fluctuating,5,lab,L33,,13,fecundity,
30,fluctuating,5,lab,L35,,21,fecundity,
30,fluctuating,5,lab,L36,,26,fecundity,
30,fluctuating,5,lab,L37,,16,fecundity,
30,fluctuating,5,lab,L39,,16,fecundity,
30,fluctuating,5,lab,L40,,13,fecundity,
30,fluctuating,5,lab,L41,,26,fecundity,
30,fluctuating,5,lab,L42,,14,fecundity,
30,fluctuating,5,lab,L43,,18,fecundity,
30,fluctuating,5,lab,L46,,34,fecundity,
30,fluctuating,5,lab,L47,,6,fecundity,
30,fluctuating,5,lab,L48,,12,fecundity,
30,fluctuating,5,lab,L49,,4,fecundity,
30,fluctuating,5,lab,L51,,32,fecundity,
30,fluctuating,5,lab,L52,,15,fecundity,
30,fluctuating,5,lab,L55,,16,fecundity,
30,fluctuating,5,lab,L56,,21,fecundity,
30,fluctuating,5,lab,L57,,2,fecundity,
30,fluctuating,5,lab,L58,,22,fecundity,
30,fluctuating,5,lab,L59,,12,fecundity,
30,fluctuating,5,lab,L60,,21,fecundity,
30,fluctuating,5,lab,L61,,19,fecundity,
30,fluctuating,5,lab,L62,,24,fecundity,
30,fluctuating,5,lab,L63,,15,fecundity,
30,fluctuating,5,lab,L64,,14,fecundity,
30,fluctuating,5,lab,L65,,13,fecundity,
30,fluctuating,5,lab,L66,,3,fecundity,
30,fluctuating,5,lab,L68,,16,fecundity,
30,fluctuating,5,lab,L78,,4,fecundity,
30,fluctuating,5,lab,L80,,14,fecundity,
30,fluctuating,5,lab,L15（1）,,15,fecundity,
30,fluctuating,5,lab,L16（1）,,26,fecundity,
30,fluctuating,5,lab,L36（1）,,21,fecundity,
30,fluctuating,5,lab,L51（1）,,20,fecundity,
30,fluctuating,5,lab,L22（1）,,17,fecundity,
30,fluctuating,5,lab,L23（1）,,2,fecundity,
30,fluctuating,5,lab,L30（1）,,9,fecundity,
30,fluctuating,5,field,F1,,22,fecundity,
30,fluctuating,5,field,F2,,35,fecundity,
30,fluctuating,5,field,F3,,13,fecundity,
30,fluctuating,5,field,F4,,31,fecundity,
30,fluctuating,5,field,F5,,38,fecundity,
30,fluctuating,5,field,F6,,57,fecundity,
30,fluctuating,5,field,F7,,29,fecundity,
30,fluctuating,5,field,F8,,39,fecundity,
30,fluctuating,5,field,F9,,29,fecundity,
30,fluctuating,5,field,F12,,12,fecundity,
30,fluctuating,5,field,F13,,19,fecundity,
30,fluctuating,5,field,F14,,23,fecundity,
30,fluctuating,5,field,F15,,31,fecundity,
30,fluctuating,5,field,F16,,25,fecundity,
30,fluctuating,5,field,F17,,34,fecundity,
30,fluctuating,5,field,F18,,31,fecundity,
30,fluctuating,5,field,F19,,24,fecundity,
30,fluctuating,5,field,F20,,12,fecundity,
30,fluctuating,5,field,F21,,41,fecundity,
30,fluctuating,5,field,F23,,39,fecundity,
30,fluctuating,5,field,F24,,37,fecundity,
30,fluctuating,5,field,F26,,31,fecundity,
30,fluctuating,5,field,F27,,2,fecundity,
30,fluctuating,5,field,F28,,36,fecundity,
30,fluctuating,5,field,F29,,34,fecundity,
30,fluctuating,5,field,F30,,37,fecundity,
30,fluctuating,5,field,F31,,28,fecundity,
30,fluctuating,5,field,F32,,23,fecundity,
30,fluctuating,5,field,F33,,44,fecundity,
30,fluctuating,5,field,F34,,45,fecundity,
30,fluctuating,5,field,F35,,21,fecundity,
30,fluctuating,5,field,F36,,35,fecundity,
30,fluctuating,5,field,F37,,32,fecundity,
30,fluctuating,5,field,F38,,24,fecundity,
30,fluctuating,5,field,F39,,36,fecundity,
30,fluctuating,5,field,F40,,22,fecundity,
30,fluctuating,5,field,F41,,43,fecundity,
30,fluctuating,5,field,F42,,1,fecundity,
30,fluctuating,5,field,F43,,49,fecundity,
30,fluctuating,5,field,F44,,13,fecundity,
30,fluctuating,5,field,F45,,36,fecundity,
30,fluctuating,5,field,F46,,19,fecundity,
30,fluctuating,5,field,F47,,28,fecundity,
30,fluctuating,5,field,F48,,27,fecundity,
30,fluctuating,5,field,F49,,10,fecundity,
30,fluctuating,5,field,F50,,21,fecundity,
32,constant,0,lab,L7,,1,fecundity,
32,constant,0,lab,L26,,1,fecundity,
32,constant,0,lab,L34,,10,fecundity,
32,constant,0,lab,L40,,1,fecundity,
32,constant,0,lab,L48,,1,fecundity,
32,constant,0,lab,L55,,1,fecundity,
32,constant,0,lab,L68,,1,fecundity,
32,constant,0,lab,L70,,2,fecundity,
32,constant,0,lab,L78,,1,fecundity,
32,constant,0,field,F18,,7,fecundity,
32,constant,0,field,F26,,4,fecundity,
32,constant,0,field,F51,,7,fecundity,
32,constant,0,field,F67,,3,fecundity,
32,constant,0,field,F68,,4,fecundity,
32,constant,0,field,F69,,4,fecundity,
32,constant,0,field,F73,,2,fecundity,
32,constant,0,field,F76,,1,fecundity,
32,constant,0,field,F79,,4,fecundity,
32,constant,0,field,F81,,4,fecundity,
32,fluctuating,5,lab,L22,,3,fecundity,
32,fluctuating,5,lab,L79,,2,fecundity,
32,fluctuating,5,lab,L80,,3,fecundity,
32,fluctuating,5,field,F21,,6,fecundity,
32,fluctuating,5,field,F23,,2,fecundity,
32,fluctuating,5,field,F38,,3,fecundity,
32,fluctuating,5,field,F42,,3,fecundity,
32,fluctuating,5,field,F46,,7,fecundity,
32,fluctuating,5,field,F50,,1,fecundity,
32,fluctuating,5,field,F51,,14,fecundity,
32,fluctuating,5,field,F52,,7,fecundity,
32,fluctuating,5,field,F53,,14,fecundity,
32,fluctuating,5,field,F57,,2,fecundity,
32,fluctuating,5,field,F61,,2,fecundity,
32,fluctuating,5,field,F62,,8,fecundity,
32,fluctuating,5,field,F64,,6,fecundity,
32,fluctuating,5,field,F66,,6,fecundity,
32,fluctuating,5,field,F67,,11,fecundity,
32,fluctuating,5,field,F70,,1,fecundity,
32,fluctuating,5,field,F72,,7,fecundity,
32,fluctuating,5,field,F73,,4,fecundity,
32,fluctuating,5,field,F74,,2,fecundity,
32,fluctuating,5,field,F78,,1,fecundity,
32,fluctuating,5,field,F79,,4,fecundity,
32,fluctuating,5,field,F81,,1,fecundity,
28,constant,0,lab,L1,,2,survival,
28,constant,0,lab,L2,,26,survival,
28,constant,0,lab,L3,,13,survival,
28,constant,0,lab,L4,,11,survival,
28,constant,0,lab,L5,,4,survival,
28,constant,0,lab,L6,,2,survival,
28,constant,0,lab,L7,,20,survival,
28,constant,0,lab,L8,,20,survival,
28,constant,0,lab,L9,,16,survival,
28,constant,0,lab,L10,,2,survival,
28,constant,0,lab,L11,,9,survival,
28,constant,0,lab,L12,,15,survival,
28,constant,0,lab,L13,,2,survival,
28,constant,0,lab,L14,,13,survival,
28,constant,0,lab,L15,,10,survival,
28,constant,0,lab,L16,,15,survival,
28,constant,0,lab,L17,,1,survival,
28,constant,0,lab,L18,,15,survival,
28,constant,0,lab,L19,,8,survival,
28,constant,0,lab,L20,,1,survival,
28,constant,0,lab,L21,,1,survival,
28,constant,0,lab,L22,,15,survival,
28,constant,0,lab,L23,,9,survival,
28,constant,0,lab,L24,,6,survival,
28,constant,0,lab,L25,,15,survival,
28,constant,0,lab,L26,,12,survival,
28,constant,0,lab,L27,,1,survival,
28,constant,0,lab,L28,,7,survival,
28,constant,0,lab,L29,,4,survival,
28,constant,0,lab,L30,,1,survival,
28,constant,0,lab,L31,,1,survival,
28,constant,0,lab,L32,,8,survival,
28,constant,0,lab,L33,,10,survival,
28,constant,0,lab,L34,,24,survival,
28,constant,0,lab,L35,,7,survival,
28,constant,0,lab,L36,,12,survival,
28,constant,0,lab,L37,,9,survival,
28,constant,0,lab,L39,,4,survival,
28,constant,0,lab,L40,,14,survival,
28,constant,0,lab,L41,,15,survival,
28,constant,0,lab,L42,,14,survival,
28,constant,0,lab,L43,,24,survival,
28,constant,0,lab,L44,,15,survival,
28,constant,0,lab,L45,,29,survival,
28,constant,0,lab,L46,,19,survival,
28,constant,0,lab,L47,,24,survival,
28,constant,0,lab,L48,,13,survival,
28,constant,0,lab,L49,,4,survival,
28,constant,0,lab,L50,,11,survival,
28,constant,0,lab,L51,,7,survival,
28,constant,0,lab,L52,,26,survival,
28,constant,0,lab,L53,,14,survival,
28,constant,0,lab,L54,,16,survival,
28,constant,0,lab,L55,,22,survival,
28,constant,0,lab,L56,,15,survival,
28,constant,0,lab,L57,,26,survival,
28,constant,0,field,F2,,28,survival,
28,constant,0,field,F3,,26,survival,
28,constant,0,field,F4,,20,survival,
28,constant,0,field,F5,,31,survival,
28,constant,0,field,F6,,31,survival,
28,constant,0,field,F7,,29,survival,
28,constant,0,field,F8,,26,survival,
28,constant,0,field,F9,,16,survival,
28,constant,0,field,F10,,15,survival,
28,constant,0,field,F11,,20,survival,
28,constant,0,field,F12,,20,survival,
28,constant,0,field,F13,,30,survival,
28,constant,0,field,F14,,22,survival,
28,constant,0,field,F15,,19,survival,
28,constant,0,field,F16,,23,survival,
28,constant,0,field,F17,,24,survival,
28,constant,0,field,F18,,28,survival,
28,constant,0,field,F19,,17,survival,
28,constant,0,field,F20,,20,survival,
28,constant,0,field,F21,,22,survival,
28,constant,0,field,F22,,26,survival,
28,constant,0,field,F23,,20,survival,
28,constant,0,field,F24,,20,survival,
28,constant,0,field,F25,,29,survival,
28,constant,0,field,F26,,25,survival,
28,constant,0,field,F27,,23,survival,
28,constant,0,field,F28,,25,survival,
28,constant,0,field,F29,,28,survival,
28,constant,0,field,F30,,10,survival,
28,constant,0,field,F31,,22,survival,
28,constant,0,field,F32,,26,survival,
28,constant,0,field,F33,,17,survival,
28,constant,0,field,F34,,24,survival,
28,constant,0,field,F35,,29,survival,
28,constant,0,field,F36,,16,survival,
28,constant,0,field,F37,,29,survival,
28,constant,0,field,F38,,27,survival,
28,constant,0,field,F39,,18,survival,
28,constant,0,field,F40,,19,survival,
28,constant,0,field,F41,,16,survival,
28,constant,0,field,F42,,20,survival,
28,constant,0,field,F43,,15,survival,
28,constant,0,field,F44,,30,survival,
28,constant,0,field,F45,,21,survival,
28,constant,0,field,F46,,26,survival,
28,constant,0,field,F47,,24,survival,
28,constant,0,field,F48,,8,survival,
28,constant,0,field,F49,,22,survival,
28,constant,0,field,F50,,27,survival,
28,fluctuating,0,lab,L1,,15,survival,
28,fluctuating,0,lab,L2,,10,survival,
28,fluctuating,0,lab,L3,,26,survival,
28,fluctuating,0,lab,L4,,14,survival,
28,fluctuating,0,lab,L5,,14,survival,
28,fluctuating,0,lab,L6,,16,survival,
28,fluctuating,0,lab,L7,,15,survival,
28,fluctuating,0,lab,L8,,2,survival,
28,fluctuating,0,lab,L9,,15,survival,
28,fluctuating,0,lab,L10,,5,survival,
28,fluctuating,0,lab,L12,,22,survival,
28,fluctuating,0,lab,L13,,10,survival,
28,fluctuating,0,lab,L14,,21,survival,
28,fluctuating,0,lab,L15,,21,survival,
28,fluctuating,0,lab,L16,,20,survival,
28,fluctuating,0,lab,L17,,21,survival,
28,fluctuating,0,lab,L18,,5,survival,
28,fluctuating,0,lab,L19,,17,survival,
28,fluctuating,0,lab,L20,,19,survival,
28,fluctuating,0,lab,L21,,12,survival,
28,fluctuating,0,lab,L22,,15,survival,
28,fluctuating,0,lab,L23,,12,survival,
28,fluctuating,0,lab,L24,,21,survival,
28,fluctuating,0,lab,L25,,14,survival,
28,fluctuating,0,lab,L26,,21,survival,
28,fluctuating,0,lab,L27,,15,survival,
28,fluctuating,0,lab,L28,,20,survival,
28,fluctuating,0,lab,L29,,19,survival,
28,fluctuating,0,lab,L30,,19,survival,
28,fluctuating,0,lab,L31,,21,survival,
28,fluctuating,0,lab,L32,,15,survival,
28,fluctuating,0,lab,L33,,19,survival,
28,fluctuating,0,lab,L34,,23,survival,
28,fluctuating,0,lab,L35,,20,survival,
28,fluctuating,0,lab,L36,,19,survival,
28,fluctuating,0,lab,L37,,12,survival,
28,fluctuating,0,lab,L40,,5,survival,
28,fluctuating,0,lab,L41,,21,survival,
28,fluctuating,0,lab,L42,,15,survival,
28,fluctuating,0,lab,L43,,24,survival,
28,fluctuating,0,lab,L44,,15,survival,
28,fluctuating,0,lab,L45,,24,survival,
28,fluctuating,0,lab,L46,,22,survival,
28,fluctuating,0,lab,L47,,4,survival,
28,fluctuating,0,lab,L48,,3,survival,
28,fluctuating,0,lab,L49,,19,survival,
28,fluctuating,0,lab,L50,,18,survival,
28,fluctuating,0,lab,L51,,21,survival,
28,fluctuating,0,lab,L52,,24,survival,
28,fluctuating,0,lab,L53,,16,survival,
28,fluctuating,0,lab,L54,,24,survival,
28,fluctuating,0,lab,L56,,20,survival,
28,fluctuating,0,lab,L57,,20,survival,
28,fluctuating,0,lab,L58,,16,survival,
28,fluctuating,0,field,F1,,31,survival,
28,fluctuating,0,field,F2,,25,survival,
28,fluctuating,0,field,F3,,31,survival,
28,fluctuating,0,field,F4,,28,survival,
28,fluctuating,0,field,F6,,24,survival,
28,fluctuating,0,field,F7,,22,survival,
28,fluctuating,0,field,F8,,19,survival,
28,fluctuating,0,field,F9,,30,survival,
28,fluctuating,0,field,F10,,35,survival,
28,fluctuating,0,field,F11,,22,survival,
28,fluctuating,0,field,F12,,26,survival,
28,fluctuating,0,field,F13,,21,survival,
28,fluctuating,0,field,F14,,29,survival,
28,fluctuating,0,field,F15,,20,survival,
28,fluctuating,0,field,F16,,35,survival,
28,fluctuating,0,field,F17,,29,survival,
28,fluctuating,0,field,F18,,28,survival,
28,fluctuating,0,field,F19,,4,survival,
28,fluctuating,0,field,F20,,33,survival,
28,fluctuating,0,field,F21,,33,survival,
28,fluctuating,0,field,F22,,34,survival,
28,fluctuating,0,field,F23,,33,survival,
28,fluctuating,0,field,F24,,28,survival,
28,fluctuating,0,field,F25,,22,survival,
28,fluctuating,0,field,F26,,26,survival,
28,fluctuating,0,field,F27,,17,survival,
28,fluctuating,0,field,F28,,26,survival,
28,fluctuating,0,field,F29,,26,survival,
28,fluctuating,0,field,F30,,29,survival,
28,fluctuating,0,field,F31,,18,survival,
28,fluctuating,0,field,F32,,33,survival,
28,fluctuating,0,field,F34,,19,survival,
28,fluctuating,0,field,F35,,28,survival,
28,fluctuating,0,field,F36,,21,survival,
28,fluctuating,0,field,F37,,19,survival,
28,fluctuating,0,field,F38,,24,survival,
28,fluctuating,0,field,F39,,13,survival,
28,fluctuating,0,field,F40,,27,survival,
28,fluctuating,0,field,F41,,28,survival,
28,fluctuating,0,field,F42,,33,survival,
28,fluctuating,0,field,F44,,28,survival,
28,fluctuating,0,field,F45,,27,survival,
28,fluctuating,0,field,F46,,28,survival,
28,fluctuating,0,field,F47,,28,survival,
28,fluctuating,0,field,F48,,32,survival,
28,fluctuating,0,field,F49,,21,survival,
28,fluctuating,0,field,F50,,21,survival,
28,fluctuating,0,field,F51,,10,survival,
28,fluctuating,0,field,F25（1）,,22,survival,
28,fluctuating,0,field,F45（1）,,21,survival,
30,constant,0,lab,L1,,4,survival,
30,constant,0,lab,L2,,8,survival,
30,constant,0,lab,L3,,2,survival,
30,constant,0,lab,L4,,4,survival,
30,constant,0,lab,L5,,11,survival,
30,constant,0,lab,L6,,13,survival,
30,constant,0,lab,L7,,11,survival,
30,constant,0,lab,L8,,14,survival,
30,constant,0,lab,L9,,9,survival,
30,constant,0,lab,L10,,15,survival,
30,constant,0,lab,L11,,3,survival,
30,constant,0,lab,L12,,2,survival,
30,constant,0,lab,L13,,14,survival,
30,constant,0,lab,L14,,5,survival,
30,constant,0,lab,L15,,4,survival,
30,constant,0,lab,L16,,7,survival,
30,constant,0,lab,L17,,12,survival,
30,constant,0,lab,L18,,20,survival,
30,constant,0,lab,L19,,12,survival,
30,constant,0,lab,L20,,19,survival,
30,constant,0,lab,L21,,21,survival,
30,constant,0,lab,L22,,19,survival,
30,constant,0,lab,L23,,5,survival,
30,constant,0,lab,L24,,15,survival,
30,constant,0,lab,L25,,16,survival,
30,constant,0,lab,L26,,16,survival,
30,constant,0,lab,L27,,21,survival,
30,constant,0,lab,L28,,12,survival,
30,constant,0,lab,L29,,16,survival,
30,constant,0,lab,L30,,12,survival,
30,constant,0,lab,L31,,12,survival,
30,constant,0,lab,L32,,22,survival,
30,constant,0,lab,L33,,21,survival,
30,constant,0,lab,L34,,19,survival,
30,constant,0,lab,L35,,1,survival,
30,constant,0,lab,L36,,15,survival,
30,constant,0,lab,L37,,18,survival,
30,constant,0,lab,L40,,15,survival,
30,constant,0,lab,L41,,18,survival,
30,constant,0,lab,L42,,21,survival,
30,constant,0,lab,L43,,13,survival,
30,constant,0,lab,L45,,14,survival,
30,constant,0,lab,L46,,20,survival,
30,constant,0,lab,L47,,15,survival,
30,constant,0,lab,L48,,17,survival,
30,constant,0,lab,L49,,20,survival,
30,constant,0,lab,L51,,17,survival,
30,constant,0,lab,L52,,19,survival,
30,constant,0,lab,L53,,20,survival,
30,constant,0,lab,L54,,19,survival,
30,constant,0,lab,L55,,23,survival,
30,constant,0,lab,L56,,13,survival,
30,constant,0,lab,L57,,18,survival,
30,constant,0,lab,L58,,5,survival,
30,constant,0,lab,L59,,15,survival,
30,constant,0,lab,L60,,15,survival,
30,constant,0,lab,L61,,18,survival,
30,constant,0,lab,L62,,4,survival,
30,constant,0,lab,L63,,14,survival,
30,constant,0,lab,L64,,15,survival,
30,constant,0,lab,L65,,14,survival,
30,constant,0,lab,L66,,14,survival,
30,constant,0,lab,L67,,19,survival,
30,constant,0,lab,L68,,18,survival,
30,constant,0,lab,L72,,11,survival,
30,constant,0,lab,L75,,15,survival,
30,constant,0,lab,L76,,11,survival,
30,constant,0,lab,L78,,11,survival,
30,constant,0,field,F1,,8,survival,
30,constant,0,field,F2,,16,survival,
30,constant,0,field,F3,,17,survival,
30,constant,0,field,F4,,7,survival,
30,constant,0,field,F5,,17,survival,
30,constant,0,field,F6,,26,survival,
30,constant,0,field,F7,,21,survival,
30,constant,0,field,F8,,14,survival,
30,constant,0,field,F9,,12,survival,
30,constant,0,field,F10,,24,survival,
30,constant,0,field,F12,,25,survival,
30,constant,0,field,F13,,14,survival,
30,constant,0,field,F14,,22,survival,
30,constant,0,field,F16,,24,survival,
30,constant,0,field,F17,,24,survival,
30,constant,0,field,F20,,11,survival,
30,constant,0,field,F21,,25,survival,
30,constant,0,field,F22,,24,survival,
30,constant,0,field,F23,,20,survival,
30,constant,0,field,F24,,15,survival,
30,constant,0,field,F25,,17,survival,
30,constant,0,field,F26,,23,survival,
30,constant,0,field,F27,,14,survival,
30,constant,0,field,F28,,19,survival,
30,constant,0,field,F29,,23,survival,
30,constant,0,field,F30,,17,survival,
30,constant,0,field,F31,,20,survival,
30,constant,0,field,F32,,21,survival,
30,constant,0,field,F33,,23,survival,
30,constant,0,field,F34,,13,survival,
30,constant,0,field,F35,,23,survival,
30,constant,0,field,F36,,18,survival,
30,constant,0,field,F37,,11,survival,
30,constant,0,field,F38,,24,survival,
30,constant,0,field,F39,,16,survival,
30,constant,0,field,F40,,17,survival,
30,constant,0,field,F41,,18,survival,
30,constant,0,field,F42,,18,survival,
30,constant,0,field,F43,,21,survival,
30,constant,0,field,F44,,15,survival,
30,constant,0,field,F45,,18,survival,
30,constant,0,field,F46,,20,survival,
30,constant,0,field,F47,,18,survival,
30,constant,0,field,F48,,19,survival,
30,constant,0,field,F49,,24,survival,
30,constant,0,field,F50,,23,survival,
30,constant,0,field,F51,,24,survival,
30,constant,0,field,F64,,11,survival,
30,constant,0,field,F65,,20,survival,
30,constant,0,field,F69,,11,survival,
30,fluctuating,0,lab,L1,,21,survival,
30,fluctuating,0,lab,L2,,11,survival,
30,fluctuating,0,lab,L3,,4,survival,
30,fluctuating,0,lab,L4,,10,survival,
30,fluctuating,0,lab,L5,,13,survival,
30,fluctuating,0,lab,L6,,12,survival,
30,fluctuating,0,lab,L7,,9,survival,
30,fluctuating,0,lab,L8,,6,survival,
30,fluctuating,0,lab,L9,,9,survival,
30,fluctuating,0,lab,L10,,13,survival,
30,fluctuating,0,lab,L12,,13,survival,
30,fluctuating,0,lab,L13,,11,survival,
30,fluctuating,0,lab,L14,,11,survival,
30,fluctuating,0,lab,L15,,23,survival,
30,fluctuating,0,lab,L16,,21,survival,
30,fluctuating,0,lab,L17,,19,survival,
30,fluctuating,0,lab,L18,,20,survival,
30,fluctuating,0,lab,L19,,2,survival,
30,fluctuating,0,lab,L20,,18,survival,
30,fluctuating,0,lab,L21,,4,survival,
30,fluctuating,0,lab,L22,,19,survival,
30,fluctuating,0,lab,L23,,14,survival,
30,fluctuating,0,lab,L24,,6,survival,
30,fluctuating,0,lab,L25,,16,survival,
30,fluctuating,0,lab,L26,,18,survival,
30,fluctuating,0,lab,L27,,13,survival,
30,fluctuating,0,lab,L28,,16,survival,
30,fluctuating,0,lab,L29,,20,survival,
30,fluctuating,0,lab,L30,,23,survival,
30,fluctuating,0,lab,L31,,7,survival,
30,fluctuating,0,lab,L32,,19,survival,
30,fluctuating,0,lab,L33,,15,survival,
30,fluctuating,0,lab,L35,,21,survival,
30,fluctuating,0,lab,L36,,19,survival,
30,fluctuating,0,lab,L37,,20,survival,
30,fluctuating,0,lab,L39,,13,survival,
30,fluctuating,0,lab,L40,,18,survival,
30,fluctuating,0,lab,L41,,19,survival,
30,fluctuating,0,lab,L42,,15,survival,
30,fluctuating,0,lab,L43,,18,survival,
30,fluctuating,0,lab,L46,,17,survival,
30,fluctuating,0,lab,L47,,13,survival,
30,fluctuating,0,lab,L48,,13,survival,
30,fluctuating,0,lab,L49,,10,survival,
30,fluctuating,0,lab,L50,,4,survival,
30,fluctuating,0,lab,L51,,19,survival,
30,fluctuating,0,lab,L52,,15,survival,
30,fluctuating,0,lab,L53,,11,survival,
30,fluctuating,0,lab,L54,,5,survival,
30,fluctuating,0,lab,L55,,17,survival,
30,fluctuating,0,lab,L56,,19,survival,
30,fluctuating,0,lab,L57,,10,survival,
30,fluctuating,0,lab,L58,,15,survival,
30,fluctuating,0,lab,L59,,14,survival,
30,fluctuating,0,lab,L60,,20,survival,
30,fluctuating,0,lab,L61,,15,survival,
30,fluctuating,0,lab,L62,,19,survival,
30,fluctuating,0,lab,L63,,17,survival,
30,fluctuating,0,lab,L64,,18,survival,
30,fluctuating,0,lab,L65,,13,survival,
30,fluctuating,0,lab,L66,,11,survival,
30,fluctuating,0,lab,L67,,10,survival,
30,fluctuating,0,lab,L68,,17,survival,
30,fluctuating,0,lab,L75,,10,survival,
30,fluctuating,0,lab,L78,,10,survival,
30,fluctuating,0,lab,L80,,20,survival,
30,fluctuating,0,lab,L15（1）,,16,survival,
30,fluctuating,0,lab,L16（1）,,24,survival,
30,fluctuating,0,lab,L36（1）,,19,survival,
30,fluctuating,0,lab,L51（1）,,18,survival,
30,fluctuating,0,lab,L22（1）,,19,survival,
30,fluctuating,0,lab,L23（1）,,15,survival,
30,fluctuating,0,lab,L30（1）,,19,survival,
30,fluctuating,0,field,F1,,16,survival,
30,fluctuating,0,field,F2,,20,survival,
30,fluctuating,0,field,F3,,18,survival,
30,fluctuating,0,field,F4,,22,survival,
30,fluctuating,0,field,F5,,22,survival,
30,fluctuating,0,field,F6,,21,survival,
30,fluctuating,0,field,F7,,21,survival,
30,fluctuating,0,field,F8,,19,survival,
30,fluctuating,0,field,F9,,20,survival,
30,fluctuating,0,field,F10,,7,survival,
30,fluctuating,0,field,F11,,8,survival,
30,fluctuating,0,field,F12,,20,survival,
30,fluctuating,0,field,F13,,23,survival,
30,fluctuating,0,field,F14,,24,survival,
30,fluctuating,0,field,F15,,27,survival,
30,fluctuating,0,field,F16,,20,survival,
30,fluctuating,0,field,F17,,17,survival,
30,fluctuating,0,field,F18,,21,survival,
30,fluctuating,0,field,F19,,23,survival,
30,fluctuating,0,field,F20,,18,survival,
30,fluctuating,0,field,F21,,23,survival,
30,fluctuating,0,field,F22,,7,survival,
30,fluctuating,0,field,F23,,19,survival,
30,fluctuating,0,field,F24,,18,survival,
30,fluctuating,0,field,F26,,25,survival,
30,fluctuating,0,field,F27,,16,survival,
30,fluctuating,0,field,F28,,19,survival,
30,fluctuating,0,field,F29,,20,survival,
30,fluctuating,0,field,F30,,17,survival,
30,fluctuating,0,field,F31,,21,survival,
30,fluctuating,0,field,F32,,19,survival,
30,fluctuating,0,field,F33,,27,survival,
30,fluctuating,0,field,F34,,24,survival,
30,fluctuating,0,field,F35,,19,survival,
30,fluctuating,0,field,F36,,17,survival,
30,fluctuating,0,field,F37,,21,survival,
30,fluctuating,0,field,F38,,21,survival,
30,fluctuating,0,field,F39,,23,survival,
30,fluctuating,0,field,F40,,26,survival,
30,fluctuating,0,field,F41,,25,survival,
30,fluctuating,0,field,F42,,13,survival,
30,fluctuating,0,field,F43,,21,survival,
30,fluctuating,0,field,F44,,20,survival,
30,fluctuating,0,field,F45,,27,survival,
30,fluctuating,0,field,F46,,24,survival,
30,fluctuating,0,field,F47,,18,survival,
30,fluctuating,0,field,F48,,16,survival,
30,fluctuating,0,field,F49,,17,survival,
30,fluctuating,0,field,F50,,19,survival,
32,constant,0,lab,L1,,2,survival,
32,constant,0,lab,L2,,2,survival,
32,constant,0,lab,L3,,10,survival,
32,constant,0,lab,L4,,10,survival,
32,constant,0,lab,L5,,8,survival,
32,constant,0,lab,L7,,13,survival,
32,constant,0,lab,L8,,8,survival,
32,constant,0,lab,L9,,2,survival,
32,constant,0,lab,L10,,8,survival,
32,constant,0,lab,L11,,9,survival,
32,constant,0,lab,L12,,3,survival,
32,constant,0,lab,L13,,11,survival,
32,constant,0,lab,L15,,12,survival,
32,constant,0,lab,L16,,9,survival,
32,constant,0,lab,L17,,3,survival,
32,constant,0,lab,L18,,9,survival,
32,constant,0,lab,L19,,8,survival,
32,constant,0,lab,L20,,7,survival,
32,constant,0,lab,L21,,2,survival,
32,constant,0,lab,L22,,12,survival,
32,constant,0,lab,L23,,7,survival,
32,constant,0,lab,L24,,9,survival,
32,constant,0,lab,L25,,4,survival,
32,constant,0,lab,L26,,17,survival,
32,constant,0,lab,L27,,1,survival,
32,constant,0,lab,L28,,5,survival,
32,constant,0,lab,L29,,9,survival,
32,constant,0,lab,L30,,5,survival,
32,constant,0,lab,L31,,13,survival,
32,constant,0,lab,L32,,13,survival,
32,constant,0,lab,L33,,4,survival,
32,constant,0,lab,L34,,17,survival,
32,constant,0,lab,L35,,4,survival,
32,constant,0,lab,L36,,3,survival,
32,constant,0,lab,L37,,11,survival,
32,constant,0,lab,L39,,8,survival,
32,constant,0,lab,L40,,16,survival,
32,constant,0,lab,L41,,13,survival,
32,constant,0,lab,L42,,2,survival,
32,constant,0,lab,L43,,10,survival,
32,constant,0,lab,L44,,12,survival,
32,constant,0,lab,L45,,15,survival,
32,constant,0,lab,L46,,14,survival,
32,constant,0,lab,L47,,16,survival,
32,constant,0,lab,L48,,15,survival,
32,constant,0,lab,L49,,10,survival,
32,constant,0,lab,L50,,9,survival,
32,constant,0,lab,L51,,14,survival,
32,constant,0,lab,L52,,3,survival,
32,constant,0,lab,L53,,12,survival,
32,constant,0,lab,L54,,14,survival,
32,constant,0,lab,L55,,14,survival,
32,constant,0,lab,L56,,6,survival,
32,constant,0,lab,L57,,11,survival,
32,constant,0,lab,L58,,8,survival,
32,constant,0,lab,L59,,13,survival,
32,constant,0,lab,L60,,8,survival,
32,constant,0,lab,L61,,1,survival,
32,constant,0,lab,L62,,8,survival,
32,constant,0,lab,L63,,4,survival,
32,constant,0,lab,L64,,11,survival,
32,constant,0,lab,L65,,11,survival,
32,constant,0,lab,L66,,14,survival,
32,constant,0,lab,L68,,15,survival,
32,constant,0,lab,L69,,11,survival,
32,constant,0,lab,L70,,15,survival,
32,constant,0,lab,L71,,11,survival,
32,constant,0,lab,L72,,14,survival,
32,constant,0,lab,L73,,12,survival,
32,constant,0,lab,L74,,9,survival,
32,constant,0,lab,L76,,17,survival,
32,constant,0,lab,L78,,17,survival,
32,constant,0,lab,L79,,14,survival,
32,constant,0,field,F1,,8,survival,
32,constant,0,field,F2,,8,survival,
32,constant,0,field,F3,,12,survival,
32,constant,0,field,F4,,12,survival,
32,constant,0,field,F5,,7,survival,
32,constant,0,field,F7,,18,survival,
32,constant,0,field,F8,,16,survival,
32,constant,0,field,F9,,16,survival,
32,constant,0,field,F10,,12,survival,
32,constant,0,field,F11,,12,survival,
32,constant,0,field,F12,,12,survival,
32,constant,0,field,F13,,15,survival,
32,constant,0,field,F14,,14,survival,
32,constant,0,field,F15,,12,survival,
32,constant,0,field,F16,,10,survival,
32,constant,0,field,F17,,9,survival,
32,constant,0,field,F18,,20,survival,
32,constant,0,field,F19,,16,survival,
32,constant,0,field,F20,,10,survival,
32,constant,0,field,F21,,16,survival,
32,constant,0,field,F22,,12,survival,
32,constant,0,field,F23,,8,survival,
32,constant,0,field,F24,,13,survival,
32,constant,0,field,F25,,12,survival,
32,constant,0,field,F26,,17,survival,
32,constant,0,field,F27,,3,survival,
32,constant,0,field,F28,,11,survival,
32,constant,0,field,F29,,3,survival,
32,constant,0,field,F30,,11,survival,
32,constant,0,field,F32,,4,survival,
32,constant,0,field,F33,,19,survival,
32,constant,0,field,F34,,11,survival,
32,constant,0,field,F35,,2,survival,
32,constant,0,field,F37,,9,survival,
32,constant,0,field,F38,,10,survival,
32,constant,0,field,F39,,3,survival,
32,constant,0,field,F40,,10,survival,
32,constant,0,field,F41,,8,survival,
32,constant,0,field,F42,,8,survival,
32,constant,0,field,F43,,9,survival,
32,constant,0,field,F45,,4,survival,
32,constant,0,field,F46,,18,survival,
32,constant,0,field,F47,,6,survival,
32,constant,0,field,F48,,10,survival,
32,constant,0,field,F49,,15,survival,
32,constant,0,field,F50,,3,survival,
32,constant,0,field,F51,,18,survival,
32,constant,0,field,F52,,12,survival,
32,constant,0,field,F54,,13,survival,
32,constant,0,field,F55,,18,survival,
32,constant,0,field,F56,,11,survival,
32,constant,0,field,F57,,15,survival,
32,constant,0,field,F58,,15,survival,
32,constant,0,field,F59,,14,survival,
32,constant,0,field,F60,,15,survival,
32,constant,0,field,F61,,16,survival,
32,constant,0,field,F62,,11,survival,
32,constant,0,field,F63,,16,survival,
32,constant,0,field,F64,,10,survival,
32,constant,0,field,F65,,14,survival,
32,constant,0,field,F66,,15,survival,
32,constant,0,field,F67,,19,survival,
32,constant,0,field,F68,,21,survival,
32,constant,0,field,F69,,19,survival,
32,constant,0,field,F71,,18,survival,
32,constant,0,field,F72,,16,survival,
32,constant,0,field,F73,,18,survival,
32,constant,0,field,F74,,15,survival,
32,constant,0,field,F75,,15,survival,
32,constant,0,field,F76,,10,survival,
32,constant,0,field,F77,,15,survival,
32,constant,0,field,F78,,14,survival,
32,constant,0,field,F79,,17,survival,
32,constant,0,field,F80,,10,survival,
32,constant,0,field,F81,,18,survival,
32,fluctuating,0,lab,L1,,3,survival,
32,fluctuating,0,lab,L2,,7,survival,
32,fluctuating,0,lab,L3,,5,survival,
32,fluctuating,0,lab,L4,,4,survival,
32,fluctuating,0,lab,L5,,7,survival,
32,fluctuating,0,lab,L6,,8,survival,
32,fluctuating,0,lab,L8,,9,survival,
32,fluctuating,0,lab,L9,,5,survival,
32,fluctuating,0,lab,L10,,5,survival,
32,fluctuating,0,lab,L11,,5,survival,
32,fluctuating,0,lab,L12,,2,survival,
32,fluctuating,0,lab,L13,,2,survival,
32,fluctuating,0,lab,L14,,13,survival,
32,fluctuating,0,lab,L15,,12,survival,
32,fluctuating,0,lab,L16,,4,survival,
32,fluctuating,0,lab,L17,,14,survival,
32,fluctuating,0,lab,L18,,16,survival,
32,fluctuating,0,lab,L19,,13,survival,
32,fluctuating,0,lab,L20,,11,survival,
32,fluctuating,0,lab,L22,,15,survival,
32,fluctuating,0,lab,L23,,6,survival,
32,fluctuating,0,lab,L24,,2,survival,
32,fluctuating,0,lab,L25,,2,survival,
32,fluctuating,0,lab,L26,,10,survival,
32,fluctuating,0,lab,L27,,12,survival,
32,fluctuating,0,lab,L28,,13,survival,
32,fluctuating,0,lab,L29,,8,survival,
32,fluctuating,0,lab,L30,,5,survival,
32,fluctuating,0,lab,L31,,12,survival,
32,fluctuating,0,lab,L32,,13,survival,
32,fluctuating,0,lab,L33,,3,survival,
32,fluctuating,0,lab,L34,,13,survival,
32,fluctuating,0,lab,L35,,1,survival,
32,fluctuating,0,lab,L36,,2,survival,
32,fluctuating,0,lab,L37,,2,survival,
32,fluctuating,0,lab,L39,,9,survival,
32,fluctuating,0,lab,L40,,6,survival,
32,fluctuating,0,lab,L41,,9,survival,
32,fluctuating,0,lab,L42,,8,survival,
32,fluctuating,0,lab,L43,,11,survival,
32,fluctuating,0,lab,L44,,9,survival,
32,fluctuating,0,lab,L46,,10,survival,
32,fluctuating,0,lab,L47,,8,survival,
32,fluctuating,0,lab,L49,,13,survival,
32,fluctuating,0,lab,L50,,11,survival,
32,fluctuating,0,lab,L51,,5,survival,
32,fluctuating,0,lab,L52,,7,survival,
32,fluctuating,0,lab,L53,,8,survival,
32,fluctuating,0,lab,L54,,7,survival,
32,fluctuating,0,lab,L56,,9,survival,
32,fluctuating,0,lab,L57,,9,survival,
32,fluctuating,0,lab,L58,,1,survival,
32,fluctuating,0,lab,L59,,2,survival,
32,fluctuating,0,lab,L60,,4,survival,
32,fluctuating,0,lab,L61,,9,survival,
32,fluctuating,0,lab,L62,,7,survival,
32,fluctuating,0,lab,L63,,10,survival,
32,fluctuating,0,lab,L64,,8,survival,
32,fluctuating,0,lab,L65,,2,survival,
32,fluctuating,0,lab,L66,,8,survival,
32,fluctuating,0,lab,L67,,9,survival,
32,fluctuating,0,lab,L68,,3,survival,
32,fluctuating,0,lab,L69,,10,survival,
32,fluctuating,0,lab,L70,,6,survival,
32,fluctuating,0,lab,L72,,9,survival,
32,fluctuating,0,lab,L73,,10,survival,
32,fluctuating,0,lab,L74,,2,survival,
32,fluctuating,0,lab,L75,,5,survival,
32,fluctuating,0,lab,L76,,9,survival,
32,fluctuating,0,lab,L77,,12,survival,
32,fluctuating,0,lab,L78,,4,survival,
32,fluctuating,0,lab,L79,,14,survival,
32,fluctuating,0,lab,L80,,9,survival,
32,fluctuating,0,field,F1,,5,survival,
32,fluctuating,0,field,F2,,12,survival,
32,fluctuating,0,field,F3,,6,survival,
32,fluctuating,0,field,F4,,5,survival,
32,fluctuating,0,field,F5,,15,survival,
32,fluctuating,0,field,F6,,14,survival,
32,fluctuating,0,field,F7,,6,survival,
32,fluctuating,0,field,F8,,10,survival,
32,fluctuating,0,field,F9,,8,survival,
32,fluctuating,0,field,F10,,15,survival,
32,fluctuating,0,field,F11,,11,survival,
32,fluctuating,0,field,F12,,12,survival,
32,fluctuating,0,field,F13,,12,survival,
32,fluctuating,0,field,F14,,5,survival,
32,fluctuating,0,field,F15,,12,survival,
32,fluctuating,0,field,F17,,10,survival,
32,fluctuating,0,field,F18,,5,survival,
32,fluctuating,0,field,F19,,8,survival,
32,fluctuating,0,field,F20,,15,survival,
32,fluctuating,0,field,F21,,17,survival,
32,fluctuating,0,field,F22,,18,survival,
32,fluctuating,0,field,F23,,16,survival,
32,fluctuating,0,field,F24,,9,survival,
32,fluctuating,0,field,F25,,4,survival,
32,fluctuating,0,field,F26,,15,survival,
32,fluctuating,0,field,F27,,12,survival,
32,fluctuating,0,field,F28,,8,survival,
32,fluctuating,0,field,F29,,10,survival,
32,fluctuating,0,field,F30,,14,survival,
32,fluctuating,0,field,F31,,15,survival,
32,fluctuating,0,field,F32,,15,survival,
32,fluctuating,0,field,F33,,12,survival,
32,fluctuating,0,field,F34,,16,survival,
32,fluctuating,0,field,F35,,10,survival,
32,fluctuating,0,field,F36,,14,survival,
32,fluctuating,0,field,F37,,11,survival,
32,fluctuating,0,field,F38,,17,survival,
32,fluctuating,0,field,F39,,14,survival,
32,fluctuating,0,field,F40,,19,survival,
32,fluctuating,0,field,F41,,8,survival,
32,fluctuating,0,field,F42,,17,survival,
32,fluctuating,0,field,F43,,10,survival,
32,fluctuating,0,field,F44,,15,survival,
32,fluctuating,0,field,F45,,8,survival,
32,fluctuating,0,field,F46,,18,survival,
32,fluctuating,0,field,F47,,5,survival,
32,fluctuating,0,field,F48,,5,survival,
32,fluctuating,0,field,F49,,15,survival,
32,fluctuating,0,field,F50,,11,survival,
32,fluctuating,0,field,F51,,18,survival,
32,fluctuating,0,field,F52,,16,survival,
32,fluctuating,0,field,F53,,18,survival,
32,fluctuating,0,field,F54,,11,survival,
32,fluctuating,0,field,F55,,12,survival,
32,fluctuating,0,field,F56,,15,survival,
32,fluctuating,0,field,F57,,15,survival,
32,fluctuating,0,field,F58,,5,survival,
32,fluctuating,0,field,F59,,11,survival,
32,fluctuating,0,field,F60,,1,survival,
32,fluctuating,0,field,F61,,14,survival,
32,fluctuating,0,field,F62,,18,survival,
32,fluctuating,0,field,F63,,13,survival,
32,fluctuating,0,field,F64,,12,survival,
32,fluctuating,0,field,F65,,2,survival,
32,fluctuating,0,field,F66,,17,survival,
32,fluctuating,0,field,F67,,16,survival,
32,fluctuating,0,field,F68,,16,survival,
32,fluctuating,0,field,F69,,11,survival,
32,fluctuating,0,field,F70,,13,survival,
32,fluctuating,0,field,F72,,14,survival,
32,fluctuating,0,field,F73,,13,survival,
32,fluctuating,0,field,F74,,15,survival,
32,fluctuating,0,field,F76,,9,survival,
32,fluctuating,0,field,F77,,13,survival,
32,fluctuating,0,field,F78,,17,survival,
32,fluctuating,0,field,F79,,17,survival,
32,fluctuating,0,field,F80,,9,survival,
32,fluctuating,0,field,F81,,17,survival,
22,constant,0,lab,L1,,18,fecundity,mild
22,constant,0,lab,L3,,17,fecundity,mild
22,constant,0,lab,L4,,55,fecundity,mild
22,constant,0,lab,L6,,54,fecundity,mild
22,constant,0,lab,L7,,45,fecundity,mild
22,constant,0,lab,L8,,14,fecundity,mild
22,constant,0,lab,L9,,47,fecundity,mild
22,constant,0,lab,L10,,54,fecundity,mild
22,constant,0,lab,L11,,36,fecundity,mild
22,constant,0,lab,L12,,34,fecundity,mild
22,constant,0,lab,L14,,32,fecundity,mild
22,constant,0,lab,L15,,10,fecundity,mild
22,constant,0,lab,L16,,6,fecundity,mild
22,constant,0,lab,L17,,47,fecundity,mild
22,constant,0,lab,L18,,51,fecundity,mild
22,constant,0,lab,L19,,41,fecundity,mild
22,constant,0,lab,L20,,67,fecundity,mild
22,constant,0,lab,L21,,34,fecundity,mild
22,constant,0,lab,L22,,4,fecundity,mild
22,constant,0,lab,L23,,64,fecundity,mild
22,constant,0,lab,L24,,26,fecundity,mild
22,constant,0,lab,L25,,42,fecundity,mild
22,constant,0,lab,L27,,68,fecundity,mild
22,constant,0,lab,L29,,36,fecundity,mild
22,constant,0,lab,L30,,6,fecundity,mild
22,constant,0,lab,L31,,45,fecundity,mild
22,constant,0,lab,L32,,44,fecundity,mild
22,constant,0,lab,L33,,51,fecundity,mild
22,constant,0,lab,L34,,55,fecundity,mild
22,constant,0,lab,L35,,47,fecundity,mild
22,constant,0,lab,L36,,6,fecundity,mild
22,constant,0,lab,L37,,52,fecundity,mild
22,constant,0,lab,L40,,36,fecundity,mild
22,constant,0,lab,L41,,37,fecundity,mild
22,constant,0,lab,L44,,45,fecundity,mild
22,constant,0,lab,L46,,86,fecundity,mild
22,constant,0,lab,L47,,53,fecundity,mild
22,constant,0,lab,L48,,63,fecundity,mild
22,constant,0,lab,L49,,36,fecundity,mild
22,constant,0,lab,L50,,54,fecundity,mild
22,constant,0,lab,L51,,30,fecundity,mild
22,constant,0,lab,L52,,62,fecundity,mild
22,constant,0,lab,L53,,64,fecundity,mild
22,constant,0,lab,L54,,58,fecundity,mild
22,constant,0,lab,L55,,51,fecundity,mild
22,constant,0,lab,L56,,12,fecundity,mild
22,constant,0,lab,L57,,54,fecundity,mild
22,constant,0,field,F1,,64,fecundity,mild
22,constant,0,field,F2,,53,fecundity,mild
22,constant,0,field,F3,,40,fecundity,mild
22,constant,0,field,F4,,66,fecundity,mild
22,constant,0,field,F5,,45,fecundity,mild
22,constant,0,field,F6,,73,fecundity,mild
22,constant,0,field,F7,,64,fecundity,mild
22,constant,0,field,F8,,56,fecundity,mild
22,constant,0,field,F9,,76,fecundity,mild
22,constant,0,field,F10,,60,fecundity,mild
22,constant,0,field,F11,,12,fecundity,mild
22,constant,0,field,F13,,34,fecundity,mild
22,constant,0,field,F14,,72,fecundity,mild
22,constant,0,field,F16,,61,fecundity,mild
22,constant,0,field,F17,,89,fecundity,mild
22,constant,0,field,F18,,67,fecundity,mild
22,constant,0,field,F19,,33,fecundity,mild
22,constant,0,field,F20,,67,fecundity,mild
22,constant,0,field,F22,,61,fecundity,mild
22,constant,0,field,F23,,66,fecundity,mild
22,constant,0,field,F24,,25,fecundity,mild
22,constant,0,field,F25,,50,fecundity,mild
22,constant,0,field,F26,,70,fecundity,mild
22,constant,0,field,F27,,64,fecundity,mild
22,constant,0,field,F28,,63,fecundity,mild
22,constant,0,field,F29,,68,fecundity,mild
22,constant,0,field,F30,,80,fecundity,mild
22,constant,0,field,F31,,66,fecundity,mild
22,constant,0,field,F32,,48,fecundity,mild
22,constant,0,field,F34,,49,fecundity,mild
22,constant,0,field,F35,,59,fecundity,mild
22,constant,0,field,F36,,62,fecundity,mild
22,constant,0,field,F37,,52,fecundity,mild
22,constant,0,field,F38,,23,fecundity,mild
22,constant,0,field,F39,,71,fecundity,mild
22,constant,0,field,F40,,68,fecundity,mild
22,constant,0,field,F41,,77,fecundity,mild
22,constant,0,field,F42,,28,fecundity,mild
22,constant,0,field,F43,,54,fecundity,mild
22,constant,0,field,F44,,37,fecundity,mild
22,constant,0,field,F45,,63,fecundity,mild
22,constant,0,field,F47,,37,fecundity,mild
22,constant,0,field,F48,,49,fecundity,mild
22,constant,0,field,F49,,48,fecundity,mild
22,constant,0,field,F50,,54,fecundity,mild
22,constant,0,field,F51,,62,fecundity,mild
22,fluctuating,5,lab,L1,,47,fecundity,mild
22,fluctuating,5,lab,L3,,39,fecundity,mild
22,fluctuating,5,lab,L10,,26,fecundity,mild
22,fluctuating,5,lab,L12,,19,fecundity,mild
22,fluctuating,5,lab,L13,,11,fecundity,mild
22,fluctuating,5,lab,L15,,25,fecundity,mild
22,fluctuating,5,lab,L17,,23,fecundity,mild
22,fluctuating,5,lab,L18,,28,fecundity,mild
22,fluctuating,5,lab,L21,,24,fecundity,mild
22,fluctuating,5,lab,L25,,45,fecundity,mild
22,fluctuating,5,lab,L27,,25,fecundity,mild
22,fluctuating,5,lab,L28,,63,fecundity,mild
22,fluctuating,5,lab,L29,,42,fecundity,mild
22,fluctuating,5,lab,L31,,51,fecundity,mild
22,fluctuating,5,lab,L32,,60,fecundity,mild
22,fluctuating,5,lab,L33,,61,fecundity,mild
22,fluctuating,5,lab,L34,,44,fecundity,mild
22,fluctuating,5,lab,L35,,36,fecundity,mild
22,fluctuating,5,lab,L36,,43,fecundity,mild
22,fluctuating,5,lab,L37,,69,fecundity,mild
22,fluctuating,5,lab,L38,,60,fecundity,mild
22,fluctuating,5,lab,L39,,29,fecundity,mild
22,fluctuating,5,lab,L40,,42,fecundity,mild
22,fluctuating,5,lab,L41,,60,fecundity,mild
22,fluctuating,5,lab,L42,,52,fecundity,mild
22,fluctuating,5,lab,L43,,41,fecundity,mild
22,fluctuating,5,lab,L44,,53,fecundity,mild
22,fluctuating,5,lab,L46,,46,fecundity,mild
22,fluctuating,5,lab,L47,,35,fecundity,mild
22,fluctuating,5,lab,L49,,57,fecundity,mild
22,fluctuating,5,lab,L50,,49,fecundity,mild
22,fluctuating,5,lab,L51,,43,fecundity,mild
22,fluctuating,5,lab,L52,,9,fecundity,mild
22,fluctuating,5,lab,L53,,56,fecundity,mild
22,fluctuating,5,lab,L54,,64,fecundity,mild
22,fluctuating,5,lab,L55,,56,fecundity,mild
22,fluctuating,5,lab,L56,,59,fecundity,mild
22,fluctuating,5,lab,L58,,32,fecundity,mild
22,fluctuating,5,field,F1,,33,fecundity,mild
22,fluctuating,5,field,F2,,80,fecundity,mild
22,fluctuating,5,field,F3,,70,fecundity,mild
22,fluctuating,5,field,F4,,61,fecundity,mild
22,fluctuating,5,field,F5,,76,fecundity,mild
22,fluctuating,5,field,F6,,81,fecundity,mild
22,fluctuating,5,field,F7,,84,fecundity,mild
22,fluctuating,5,field,F8,,70,fecundity,mild
22,fluctuating,5,field,F9,,73,fecundity,mild
22,fluctuating,5,field,F10,,78,fecundity,mild
22,fluctuating,5,field,F11,,53,fecundity,mild
22,fluctuating,5,field,F12,,72,fecundity,mild
22,fluctuating,5,field,F14,,77,fecundity,mild
22,fluctuating,5,field,F15,,51,fecundity,mild
22,fluctuating,5,field,F16,,55,fecundity,mild
22,fluctuating,5,field,F17,,81,fecundity,mild
22,fluctuating,5,field,F18,,72,fecundity,mild
22,fluctuating,5,field,F19,,78,fecundity,mild
22,fluctuating,5,field,F20,,54,fecundity,mild
22,fluctuating,5,field,F21,,64,fecundity,mild
22,fluctuating,5,field,F22,,71,fecundity,mild
22,fluctuating,5,field,F24,,73,fecundity,mild
22,fluctuating,5,field,F25,,67,fecundity,mild
22,fluctuating,5,field,F26,,72,fecundity,mild
22,fluctuating,5,field,F27,,55,fecundity,mild
22,fluctuating,5,field,F28,,27,fecundity,mild
22,fluctuating,5,field,F29,,84,fecundity,mild
22,fluctuating,5,field,F30,,82,fecundity,mild
22,fluctuating,5,field,F31,,59,fecundity,mild
22,fluctuating,5,field,F32,,76,fecundity,mild
22,fluctuating,5,field,F33,,78,fecundity,mild
22,fluctuating,5,field,F34,,59,fecundity,mild
22,fluctuating,5,field,F35,,63,fecundity,mild
22,fluctuating,5,field,F36,,84,fecundity,mild
22,fluctuating,5,field,F37,,71,fecundity,mild
22,fluctuating,5,field,F38,,77,fecundity,mild
22,fluctuating,5,field,F39,,79,fecundity,mild
22,fluctuating,5,field,F40,,80,fecundity,mild
22,fluctuating,5,field,F41,,77,fecundity,mild
22,fluctuating,5,field,F42,,58,fecundity,mild
22,fluctuating,5,field,F43,,64,fecundity,mild
22,fluctuating,5,field,F44,,90,fecundity,mild
22,fluctuating,5,field,F46,,42,fecundity,mild
22,fluctuating,5,field,F47,,87,fecundity,mild
22,fluctuating,5,field,F49,,61,fecundity,mild
22,fluctuating,5,field,F50,,37,fecundity,mild
22,fluctuating,9,lab,L5,,28,fecundity,large
22,fluctuating,9,lab,L6,,33,fecundity,large
22,fluctuating,9,lab,L10,,21,fecundity,large
22,fluctuating,9,lab,L12,,5,fecundity,large
22,fluctuating,9,lab,L14,,45,fecundity,large
22,fluctuating,9,lab,L15,,6,fecundity,large
22,fluctuating,9,lab,L16,,42,fecundity,large
22,fluctuating,9,lab,L17,,40,fecundity,large
22,fluctuating,9,lab,L18,,36,fecundity,large
22,fluctuating,9,lab,L19,,8,fecundity,large
22,fluctuating,9,lab,L21,,58,fecundity,large
22,fluctuating,9,lab,L22,,9,fecundity,large
22,fluctuating,9,lab,L23,,9,fecundity,large
22,fluctuating,9,lab,L24,,26,fecundity,large
22,fluctuating,9,lab,L25,,53,fecundity,large
22,fluctuating,9,lab,L26,,50,fecundity,large
22,fluctuating,9,lab,L29,,40,fecundity,large
22,fluctuating,9,lab,L30,,58,fecundity,large
22,fluctuating,9,lab,L32,,27,fecundity,large
22,fluctuating,9,lab,L33,,55,fecundity,large
22,fluctuating,9,lab,L34,,30,fecundity,large
22,fluctuating,9,lab,L35,,6,fecundity,large
22,fluctuating,9,lab,L36,,39,fecundity,large
22,fluctuating,9,lab,L37,,38,fecundity,large
22,fluctuating,9,lab,L39,,39,fecundity,large
22,fluctuating,9,lab,L40,,43,fecundity,large
22,fluctuating,9,lab,L41,,45,fecundity,large
22,fluctuating,9,lab,L43,,42,fecundity,large
22,fluctuating,9,lab,L44,,12,fecundity,large
22,fluctuating,9,lab,L45,,51,fecundity,large
22,fluctuating,9,lab,L46,,24,fecundity,large
22,fluctuating,9,lab,L47,,11,fecundity,large
22,fluctuating,9,lab,L48,,57,fecundity,large
22,fluctuating,9,lab,L49,,63,fecundity,large
22,fluctuating,9,lab,L50,,31,fecundity,large
22,fluctuating,9,lab,L51,,24,fecundity,large
22,fluctuating,9,lab,L52,,52,fecundity,large
22,fluctuating,9,lab,L53,,38,fecundity,large
22,fluctuating,9,lab,L55,,34,fecundity,large
22,fluctuating,9,lab,L56,,35,fecundity,large
22,fluctuating,9,lab,L46（1）,,20,fecundity,large
22,fluctuating,9,field,F1,,35,fecundity,large
22,fluctuating,9,field,F2,,69,fecundity,large
22,fluctuating,9,field,F3,,41,fecundity,large
22,fluctuating,9,field,F4,,66,fecundity,large
22,fluctuating,9,field,F5,,61,fecundity,large
22,fluctuating,9,field,F6,,66,fecundity,large
22,fluctuating,9,field,F7,,70,fecundity,large
22,fluctuating,9,field,F8,,70,fecundity,large
22,fluctuating,9,field,F10,,61,fecundity,large
22,fluctuating,9,field,F11,,39,fecundity,large
22,fluctuating,9,field,F12,,62,fecundity,large
22,fluctuating,9,field,F13,,56,fecundity,large
22,fluctuating,9,field,F14,,57,fecundity,large
22,fluctuating,9,field,F15,,82,fecundity,large
22,fluctuating,9,field,F16,,59,fecundity,large
22,fluctuating,9,field,F17,,66,fecundity,large
22,fluctuating,9,field,F18,,70,fecundity,large
22,fluctuating,9,field,F19,,41,fecundity,large
22,fluctuating,9,field,F20,,63,fecundity,large
22,fluctuating,9,field,F21,,80,fecundity,large
22,fluctuating,9,field,F22,,55,fecundity,large
22,fluctuating,9,field,F23,,78,fecundity,large
22,fluctuating,9,field,F24,,37,fecundity,large
22,fluctuating,9,field,F25,,45,fecundity,large
22,fluctuating,9,field,F26,,49,fecundity,large
22,fluctuating,9,field,F27,,60,fecundity,large
22,fluctuating,9,field,F28,,42,fecundity,large
22,fluctuating,9,field,F29,,58,fecundity,large
22,fluctuating,9,field,F30,,58,fecundity,large
22,fluctuating,9,field,F31,,21,fecundity,large
22,fluctuating,9,field,F32,,55,fecundity,large
22,fluctuating,9,field,F33,,32,fecundity,large
22,fluctuating,9,field,F34,,47,fecundity,large
22,fluctuating,9,field,F35,,68,fecundity,large
22,fluctuating,9,field,F36,,80,fecundity,large
22,fluctuating,9,field,F38,,76,fecundity,large
22,fluctuating,9,field,F39,,71,fecundity,large
22,fluctuating,9,field,F41,,57,fecundity,large
22,fluctuating,9,field,F42,,73,fecundity,large
22,fluctuating,9,field,F43,,56,fecundity,large
22,fluctuating,9,field,F44,,9,fecundity,large
22,fluctuating,9,field,F45,,69,fecundity,large
22,fluctuating,9,field,F46,,68,fecundity,large
22,fluctuating,9,field,F47,,65,fecundity,large
22,fluctuating,9,field,F48,,46,fecundity,large
22,fluctuating,9,field,F49,,53,fecundity,large
22,fluctuating,9,field,F50,,51,fecundity,large
22,fluctuating,9,field,F51,,40,fecundity,large
22,fluctuating,9,field,F52,,71,fecundity,large
22,fluctuating,9,field,F53,,80,fecundity,large
22,fluctuating,9,field,F42（1）,,72,fecundity,large
22,fluctuating,13,lab,L2,,25,fecundity,large
22,fluctuating,13,lab,L7,,30,fecundity,large
22,fluctuating,13,lab,L14,,15,fecundity,large
22,fluctuating,13,lab,L15,,17,fecundity,large
22,fluctuating,13,lab,L16,,16,fecundity,large
22,fluctuating,13,lab,L17,,30,fecundity,large
22,fluctuating,13,lab,L18,,8,fecundity,large
22,fluctuating,13,lab,L19,,23,fecundity,large
22,fluctuating,13,lab,L20,,12,fecundity,large
22,fluctuating,13,lab,L21,,18,fecundity,large
22,fluctuating,13,lab,L23,,27,fecundity,large
22,fluctuating,13,lab,L24,,35,fecundity,large
22,fluctuating,13,lab,L26,,12,fecundity,large
22,fluctuating,13,lab,L28,,2,fecundity,large
22,fluctuating,13,lab,L29,,2,fecundity,large
22,fluctuating,13,lab,L30,,5,fecundity,large
22,fluctuating,13,lab,L31,,31,fecundity,large
22,fluctuating,13,lab,L32,,21,fecundity,large
22,fluctuating,13,lab,L33,,1,fecundity,large
22,fluctuating,13,lab,L34,,17,fecundity,large
22,fluctuating,13,lab,L36,,26,fecundity,large
22,fluctuating,13,lab,L37,,16,fecundity,large
22,fluctuating,13,lab,L39,,20,fecundity,large
22,fluctuating,13,lab,L40,,22,fecundity,large
22,fluctuating,13,lab,L41,,18,fecundity,large
22,fluctuating,13,lab,L42,,37,fecundity,large
22,fluctuating,13,lab,L43,,19,fecundity,large
22,fluctuating,13,lab,L44,,18,fecundity,large
22,fluctuating,13,lab,L45,,18,fecundity,large
22,fluctuating,13,lab,L46,,24,fecundity,large
22,fluctuating,13,lab,L47,,13,fecundity,large
22,fluctuating,13,lab,L49,,12,fecundity,large
22,fluctuating,13,lab,L50,,21,fecundity,large
22,fluctuating,13,lab,L51,,37,fecundity,large
22,fluctuating,13,lab,L52,,21,fecundity,large
22,fluctuating,13,lab,L53,,22,fecundity,large
22,fluctuating,13,lab,L54,,31,fecundity,large
22,fluctuating,13,lab,L55,,49,fecundity,large
22,fluctuating,13,lab,L56,,15,fecundity,large
22,fluctuating,13,lab,L57,,21,fecundity,large
22,fluctuating,13,lab,L58,,37,fecundity,large
22,fluctuating,13,field,F1,,44,fecundity,large
22,fluctuating,13,field,F2,,44,fecundity,large
22,fluctuating,13,field,F3,,33,fecundity,large
22,fluctuating,13,field,F4,,37,fecundity,large
22,fluctuating,13,field,F5,,6,fecundity,large
22,fluctuating,13,field,F6,,60,fecundity,large
22,fluctuating,13,field,F7,,16,fecundity,large
22,fluctuating,13,field,F8,,66,fecundity,large
22,fluctuating,13,field,F9,,49,fecundity,large
22,fluctuating,13,field,F10,,54,fecundity,large
22,fluctuating,13,field,F11,,67,fecundity,large
22,fluctuating,13,field,F12,,62,fecundity,large
22,fluctuating,13,field,F13,,51,fecundity,large
22,fluctuating,13,field,F14,,54,fecundity,large
22,fluctuating,13,field,F15,,44,fecundity,large
22,fluctuating,13,field,F16,,30,fecundity,large
22,fluctuating,13,field,F17,,16,fecundity,large
22,fluctuating,13,field,F18,,54,fecundity,large
22,fluctuating,13,field,F19,,15,fecundity,large
22,fluctuating,13,field,F20,,53,fecundity,large
22,fluctuating,13,field,F21,,38,fecundity,large
22,fluctuating,13,field,F22,,20,fecundity,large
22,fluctuating,13,field,F23,,3,fecundity,large
22,fluctuating,13,field,F24,,47,fecundity,large
22,fluctuating,13,field,F25,,38,fecundity,large
22,fluctuating,13,field,F26,,1,fecundity,large
22,fluctuating,13,field,F27,,33,fecundity,large
22,fluctuating,13,field,F28,,74,fecundity,large
22,fluctuating,13,field,F29,,19,fecundity,large
22,fluctuating,13,field,F30,,42,fecundity,large
22,fluctuating,13,field,F31,,54,fecundity,large
22,fluctuating,13,field,F32,,52,fecundity,large
22,fluctuating,13,field,F33,,29,fecundity,large
22,fluctuating,13,field,F34,,60,fecundity,large
22,fluctuating,13,field,F36,,48,fecundity,large
22,fluctuating,13,field,F37,,32,fecundity,large
22,fluctuating,13,field,F38,,45,fecundity,large
22,fluctuating,13,field,F39,,20,fecundity,large
22,fluctuating,13,field,F41,,39,fecundity,large
22,fluctuating,13,field,F42,,43,fecundity,large
22,fluctuating,13,field,F43,,55,fecundity,large
22,fluctuating,13,field,F44,,48,fecundity,large
22,fluctuating,13,field,F45,,59,fecundity,large
22,fluctuating,13,field,F46,,19,fecundity,large
22,fluctuating,13,field,F47,,2,fecundity,large
22,fluctuating,13,field,F48,,30,fecundity,large
22,fluctuating,13,field,F49,,69,fecundity,large
22,fluctuating,13,field,F50,,22,fecundity,large
22,fluctuating,13,field,F45（1）,,17,fecundity,large
22,constant,0,lab,L1,,12,survival,mild
22,constant,0,lab,L2,,9,survival,mild
22,constant,0,lab,L3,,12,survival,mild
22,constant,0,lab,L4,,24,survival,mild
22,constant,0,lab,L5,,5,survival,mild
22,constant,0,lab,L6,,32,survival,mild
22,constant,0,lab,L7,,27,survival,mild
22,constant,0,lab,L8,,16,survival,mild
22,constant,0,lab,L9,,23,survival,mild
22,constant,0,lab,L10,,30,survival,mild
22,constant,0,lab,L11,,29,survival,mild
22,constant,0,lab,L12,,31,survival,mild
22,constant,0,lab,L13,,3,survival,mild
22,constant,0,lab,L14,,27,survival,mild
22,constant,0,lab,L15,,11,survival,mild
22,constant,0,lab,L16,,11,survival,mild
22,constant,0,lab,L17,,31,survival,mild
22,constant,0,lab,L18,,23,survival,mild
22,constant,0,lab,L19,,17,survival,mild
22,constant,0,lab,L20,,34,survival,mild
22,constant,0,lab,L21,,31,survival,mild
22,constant,0,lab,L22,,11,survival,mild
22,constant,0,lab,L23,,34,survival,mild
22,constant,0,lab,L24,,15,survival,mild
22,constant,0,lab,L25,,31,survival,mild
22,constant,0,lab,L26,,6,survival,mild
22,constant,0,lab,L27,,28,survival,mild
22,constant,0,lab,L28,,2,survival,mild
22,constant,0,lab,L29,,26,survival,mild
22,constant,0,lab,L30,,11,survival,mild
22,constant,0,lab,L31,,32,survival,mild
22,constant,0,lab,L32,,18,survival,mild
22,constant,0,lab,L33,,20,survival,mild
22,constant,0,lab,L34,,27,survival,mild
22,constant,0,lab,L35,,23,survival,mild
22,constant,0,lab,L36,,11,survival,mild
22,constant,0,lab,L37,,20,survival,mild
22,constant,0,lab,L38,,12,survival,mild
22,constant,0,lab,L39,,7,survival,mild
22,constant,0,lab,L40,,18,survival,mild
22,constant,0,lab,L41,,34,survival,mild
22,constant,0,lab,L42,,4,survival,mild
22,constant,0,lab,L43,,4,survival,mild
22,constant,0,lab,L44,,30,survival,mild
22,constant,0,lab,L45,,5,survival,mild
22,constant,0,lab,L46,,40,survival,mild
22,constant,0,lab,L47,,22,survival,mild
22,constant,0,lab,L48,,29,survival,mild
22,constant,0,lab,L49,,29,survival,mild
22,constant,0,lab,L50,,27,survival,mild
22,constant,0,lab,L51,,19,survival,mild
22,constant,0,lab,L52,,25,survival,mild
22,constant,0,lab,L53,,29,survival,mild
22,constant,0,lab,L54,,30,survival,mild
22,constant,0,lab,L55,,24,survival,mild
22,constant,0,lab,L56,,10,survival,mild
22,constant,0,lab,L57,,30,survival,mild
22,constant,0,field,F1,,39,survival,mild
22,constant,0,field,F2,,29,survival,mild
22,constant,0,field,F3,,28,survival,mild
22,constant,0,field,F4,,32,survival,mild
22,constant,0,field,F5,,31,survival,mild
22,constant,0,field,F6,,38,survival,mild
22,constant,0,field,F7,,29,survival,mild
22,constant,0,field,F8,,39,survival,mild
22,constant,0,field,F9,,39,survival,mild
22,constant,0,field,F10,,36,survival,mild
22,constant,0,field,F11,,12,survival,mild
22,constant,0,field,F13,,27,survival,mild
22,constant,0,field,F14,,37,survival,mild
22,constant,0,field,F16,,40,survival,mild
22,constant,0,field,F17,,38,survival,mild
22,constant,0,field,F18,,22,survival,mild
22,constant,0,field,F19,,17,survival,mild
22,constant,0,field,F20,,30,survival,mild
22,constant,0,field,F22,,35,survival,mild
22,constant,0,field,F23,,35,survival,mild
22,constant,0,field,F24,,19,survival,mild
22,constant,0,field,F25,,20,survival,mild
22,constant,0,field,F26,,43,survival,mild
22,constant,0,field,F27,,41,survival,mild
22,constant,0,field,F28,,38,survival,mild
22,constant,0,field,F29,,36,survival,mild
22,constant,0,field,F30,,42,survival,mild
22,constant,0,field,F31,,36,survival,mild
22,constant,0,field,F32,,29,survival,mild
22,constant,0,field,F33,,8,survival,mild
22,constant,0,field,F34,,26,survival,mild
22,constant,0,field,F35,,37,survival,mild
22,constant,0,field,F36,,42,survival,mild
22,constant,0,field,F37,,33,survival,mild
22,constant,0,field,F38,,17,survival,mild
22,constant,0,field,F39,,42,survival,mild
22,constant,0,field,F40,,45,survival,mild
22,constant,0,field,F41,,35,survival,mild
22,constant,0,field,F42,,18,survival,mild
22,constant,0,field,F43,,27,survival,mild
22,constant,0,field,F44,,26,survival,mild
22,constant,0,field,F45,,29,survival,mild
22,constant,0,field,F47,,20,survival,mild
22,constant,0,field,F48,,39,survival,mild
22,constant,0,field,F49,,29,survival,mild
22,constant,0,field,F50,,29,survival,mild
22,constant,0,field,F51,,28,survival,mild
22,fluctuating,5,lab,L1,,22,survival,mild
22,fluctuating,5,lab,L2,,10,survival,mild
22,fluctuating,5,lab,L3,,30,survival,mild
22,fluctuating,5,lab,L4,,3,survival,mild
22,fluctuating,5,lab,L5,,6,survival,mild
22,fluctuating,5,lab,L6,,2,survival,mild
22,fluctuating,5,lab,L7,,6,survival,mild
22,fluctuating,5,lab,L8,,9,survival,mild
22,fluctuating,5,lab,L9,,5,survival,mild
22,fluctuating,5,lab,L10,,24,survival,mild
22,fluctuating,5,lab,L11,,3,survival,mild
22,fluctuating,5,lab,L12,,27,survival,mild
22,fluctuating,5,lab,L13,,11,survival,mild
22,fluctuating,5,lab,L14,,3,survival,mild
22,fluctuating,5,lab,L15,,28,survival,mild
22,fluctuating,5,lab,L17,,20,survival,mild
22,fluctuating,5,lab,L18,,28,survival,mild
22,fluctuating,5,lab,L19,,4,survival,mild
22,fluctuating,5,lab,L20,,4,survival,mild
22,fluctuating,5,lab,L21,,19,survival,mild
22,fluctuating,5,lab,L22,,2,survival,mild
22,fluctuating,5,lab,L23,,3,survival,mild
22,fluctuating,5,lab,L24,,2,survival,mild
22,fluctuating,5,lab,L25,,32,survival,mild
22,fluctuating,5,lab,L26,,1,survival,mild
22,fluctuating,5,lab,L27,,21,survival,mild
22,fluctuating,5,lab,L28,,29,survival,mild
22,fluctuating,5,lab,L29,,16,survival,mild
22,fluctuating,5,lab,L30,,7,survival,mild
22,fluctuating,5,lab,L31,,24,survival,mild
22,fluctuating,5,lab,L32,,31,survival,mild
22,fluctuating,5,lab,L33,,34,survival,mild
22,fluctuating,5,lab,L34,,21,survival,mild
22,fluctuating,5,lab,L35,,28,survival,mild
22,fluctuating,5,lab,L36,,30,survival,mild
22,fluctuating,5,lab,L37,,33,survival,mild
22,fluctuating,5,lab,L38,,34,survival,mild
22,fluctuating,5,lab,L39,,20,survival,mild
22,fluctuating,5,lab,L40,,18,survival,mild
22,fluctuating,5,lab,L41,,29,survival,mild
22,fluctuating,5,lab,L42,,24,survival,mild
22,fluctuating,5,lab,L43,,32,survival,mild
22,fluctuating,5,lab,L44,,26,survival,mild
22,fluctuating,5,lab,L45,,6,survival,mild
22,fluctuating,5,lab,L46,,28,survival,mild
22,fluctuating,5,lab,L47,,24,survival,mild
22,fluctuating,5,lab,L48,,5,survival,mild
22,fluctuating,5,lab,L49,,29,survival,mild
22,fluctuating,5,lab,L50,,31,survival,mild
22,fluctuating,5,lab,L51,,21,survival,mild
22,fluctuating,5,lab,L52,,16,survival,mild
22,fluctuating,5,lab,L53,,29,survival,mild
22,fluctuating,5,lab,L54,,29,survival,mild
22,fluctuating,5,lab,L55,,30,survival,mild
22,fluctuating,5,lab,L56,,33,survival,mild
22,fluctuating,5,lab,L58,,30,survival,mild
22,fluctuating,5,field,F1,,21,survival,mild
22,fluctuating,5,field,F2,,45,survival,mild
22,fluctuating,5,field,F3,,28,survival,mild
22,fluctuating,5,field,F4,,47,survival,mild
22,fluctuating,5,field,F5,,36,survival,mild
22,fluctuating,5,field,F6,,42,survival,mild
22,fluctuating,5,field,F7,,46,survival,mild
22,fluctuating,5,field,F8,,25,survival,mild
22,fluctuating,5,field,F9,,37,survival,mild
22,fluctuating,5,field,F10,,38,survival,mild
22,fluctuating,5,field,F11,,40,survival,mild
22,fluctuating,5,field,F12,,42,survival,mild
22,fluctuating,5,field,F13,,2,survival,mild
22,fluctuating,5,field,F14,,41,survival,mild
22,fluctuating,5,field,F15,,31,survival,mild
22,fluctuating,5,field,F16,,43,survival,mild
22,fluctuating,5,field,F17,,35,survival,mild
22,fluctuating,5,field,F18,,36,survival,mild
22,fluctuating,5,field,F19,,43,survival,mild
22,fluctuating,5,field,F20,,26,survival,mild
22,fluctuating,5,field,F21,,43,survival,mild
22,fluctuating,5,field,F22,,43,survival,mild
22,fluctuating,5,field,F23,,2,survival,mild
22,fluctuating,5,field,F24,,41,survival,mild
22,fluctuating,5,field,F25,,40,survival,mild
22,fluctuating,5,field,F26,,41,survival,mild
22,fluctuating,5,field,F27,,29,survival,mild
22,fluctuating,5,field,F28,,23,survival,mild
22,fluctuating,5,field,F29,,27,survival,mild
22,fluctuating,5,field,F30,,38,survival,mild
22,fluctuating,5,field,F31,,36,survival,mild
22,fluctuating,5,field,F32,,43,survival,mild
22,fluctuating,5,field,F33,,40,survival,mild
22,fluctuating,5,field,F34,,36,survival,mild
22,fluctuating,5,field,F35,,42,survival,mild
22,fluctuating,5,field,F36,,36,survival,mild
22,fluctuating,5,field,F37,,34,survival,mild
22,fluctuating,5,field,F38,,35,survival,mild
22,fluctuating,5,field,F39,,43,survival,mild
22,fluctuating,5,field,F40,,46,survival,mild
22,fluctuating,5,field,F41,,29,survival,mild
22,fluctuating,5,field,F42,,35,survival,mild
22,fluctuating,5,field,F43,,34,survival,mild
22,fluctuating,5,field,F44,,43,survival,mild
22,fluctuating,5,field,F45,,7,survival,mild
22,fluctuating,5,field,F46,,24,survival,mild
22,fluctuating,5,field,F47,,40,survival,mild
22,fluctuating,5,field,F48,,2,survival,mild
22,fluctuating,5,field,F49,,37,survival,mild
22,fluctuating,5,field,F50,,32,survival,mild
22,fluctuating,9,lab,L1,,11,survival,large
22,fluctuating,9,lab,L2,,4,survival,large
22,fluctuating,9,lab,L3,,7,survival,large
22,fluctuating,9,lab,L4,,4,survival,large
22,fluctuating,9,lab,L5,,26,survival,large
22,fluctuating,9,lab,L6,,29,survival,large
22,fluctuating,9,lab,L7,,7,survival,large
22,fluctuating,9,lab,L8,,3,survival,large
22,fluctuating,9,lab,L9,,2,survival,large
22,fluctuating,9,lab,L10,,21,survival,large
22,fluctuating,9,lab,L11,,5,survival,large
22,fluctuating,9,lab,L12,,16,survival,large
22,fluctuating,9,lab,L13,,8,survival,large
22,fluctuating,9,lab,L14,,30,survival,large
22,fluctuating,9,lab,L15,,11,survival,large
22,fluctuating,9,lab,L16,,24,survival,large
22,fluctuating,9,lab,L17,,27,survival,large
22,fluctuating,9,lab,L18,,23,survival,large
22,fluctuating,9,lab,L19,,16,survival,large
22,fluctuating,9,lab,L20,,5,survival,large
22,fluctuating,9,lab,L21,,35,survival,large
22,fluctuating,9,lab,L22,,17,survival,large
22,fluctuating,9,lab,L23,,17,survival,large
22,fluctuating,9,lab,L24,,22,survival,large
22,fluctuating,9,lab,L25,,32,survival,large
22,fluctuating,9,lab,L26,,30,survival,large
22,fluctuating,9,lab,L27,,9,survival,large
22,fluctuating,9,lab,L28,,6,survival,large
22,fluctuating,9,lab,L29,,31,survival,large
22,fluctuating,9,lab,L30,,32,survival,large
22,fluctuating,9,lab,L31,,6,survival,large
22,fluctuating,9,lab,L32,,21,survival,large
22,fluctuating,9,lab,L33,,28,survival,large
22,fluctuating,9,lab,L34,,29,survival,large
22,fluctuating,9,lab,L35,,13,survival,large
22,fluctuating,9,lab,L36,,28,survival,large
22,fluctuating,9,lab,L37,,21,survival,large
22,fluctuating,9,lab,L38,,10,survival,large
22,fluctuating,9,lab,L39,,26,survival,large
22,fluctuating,9,lab,L40,,26,survival,large
22,fluctuating,9,lab,L41,,27,survival,large
22,fluctuating,9,lab,L42,,3,survival,large
22,fluctuating,9,lab,L43,,27,survival,large
22,fluctuating,9,lab,L44,,17,survival,large
22,fluctuating,9,lab,L45,,29,survival,large
22,fluctuating,9,lab,L46,,18,survival,large
22,fluctuating,9,lab,L47,,17,survival,large
22,fluctuating,9,lab,L48,,31,survival,large
22,fluctuating,9,lab,L49,,32,survival,large
22,fluctuating,9,lab,L50,,29,survival,large
22,fluctuating,9,lab,L51,,19,survival,large
22,fluctuating,9,lab,L52,,28,survival,large
22,fluctuating,9,lab,L53,,26,survival,large
22,fluctuating,9,lab,L55,,24,survival,large
22,fluctuating,9,lab,L56,,19,survival,large
22,fluctuating,9,lab,L46（1）,,29,survival,large
22,fluctuating,9,field,F1,,22,survival,large
22,fluctuating,9,field,F2,,36,survival,large
22,fluctuating,9,field,F3,,22,survival,large
22,fluctuating,9,field,F4,,44,survival,large
22,fluctuating,9,field,F5,,39,survival,large
22,fluctuating,9,field,F6,,41,survival,large
22,fluctuating,9,field,F7,,35,survival,large
22,fluctuating,9,field,F8,,40,survival,large
22,fluctuating,9,field,F10,,40,survival,large
22,fluctuating,9,field,F11,,20,survival,large
22,fluctuating,9,field,F12,,34,survival,large
22,fluctuating,9,field,F13,,29,survival,large
22,fluctuating,9,field,F14,,49,survival,large
22,fluctuating,9,field,F15,,37,survival,large
22,fluctuating,9,field,F16,,44,survival,large
22,fluctuating,9,field,F17,,46,survival,large
22,fluctuating,9,field,F18,,30,survival,large
22,fluctuating,9,field,F19,,20,survival,large
22,fluctuating,9,field,F20,,41,survival,large
22,fluctuating,9,field,F21,,40,survival,large
22,fluctuating,9,field,F22,,33,survival,large
22,fluctuating,9,field,F23,,47,survival,large
22,fluctuating,9,field,F24,,27,survival,large
22,fluctuating,9,field,F25,,25,survival,large
22,fluctuating,9,field,F26,,19,survival,large
22,fluctuating,9,field,F27,,33,survival,large
22,fluctuating,9,field,F28,,22,survival,large
22,fluctuating,9,field,F29,,39,survival,large
22,fluctuating,9,field,F30,,36,survival,large
22,fluctuating,9,field,F31,,16,survival,large
22,fluctuating,9,field,F32,,37,survival,large
22,fluctuating,9,field,F33,,28,survival,large
22,fluctuating,9,field,F34,,24,survival,large
22,fluctuating,9,field,F35,,39,survival,large
22,fluctuating,9,field,F36,,45,survival,large
22,fluctuating,9,field,F37,,1,survival,large
22,fluctuating,9,field,F38,,34,survival,large
22,fluctuating,9,field,F39,,45,survival,large
22,fluctuating,9,field,F41,,42,survival,large
22,fluctuating,9,field,F42,,38,survival,large
22,fluctuating,9,field,F43,,38,survival,large
22,fluctuating,9,field,F44,,14,survival,large
22,fluctuating,9,field,F45,,47,survival,large
22,fluctuating,9,field,F46,,44,survival,large
22,fluctuating,9,field,F47,,27,survival,large
22,fluctuating,9,field,F48,,23,survival,large
22,fluctuating,9,field,F49,,28,survival,large
22,fluctuating,9,field,F50,,41,survival,large
22,fluctuating,9,field,F51,,34,survival,large
22,fluctuating,9,field,F52,,50,survival,large
22,fluctuating,9,field,F53,,48,survival,large
22,fluctuating,9,field,F42（1）,,49,survival,large
22,fluctuating,13,lab,L1,,6,survival,large
22,fluctuating,13,lab,L2,,25,survival,large
22,fluctuating,13,lab,L3,,12,survival,large
22,fluctuating,13,lab,L4,,4,survival,large
22,fluctuating,13,lab,L5,,2,survival,large
22,fluctuating,13,lab,L6,,4,survival,large
22,fluctuating,13,lab,L7,,25,survival,large
22,fluctuating,13,lab,L8,,13,survival,large
22,fluctuating,13,lab,L9,,2,survival,large
22,fluctuating,13,lab,L10,,4,survival,large
22,fluctuating,13,lab,L11,,4,survival,large
22,fluctuating,13,lab,L12,,2,survival,large
22,fluctuating,13,lab,L13,,4,survival,large
22,fluctuating,13,lab,L14,,18,survival,large
22,fluctuating,13,lab,L15,,20,survival,large
22,fluctuating,13,lab,L16,,21,survival,large
22,fluctuating,13,lab,L17,,28,survival,large
22,fluctuating,13,lab,L18,,20,survival,large
22,fluctuating,13,lab,L19,,25,survival,large
22,fluctuating,13,lab,L20,,19,survival,large
22,fluctuating,13,lab,L21,,24,survival,large
22,fluctuating,13,lab,L22,,9,survival,large
22,fluctuating,13,lab,L23,,27,survival,large
22,fluctuating,13,lab,L24,,32,survival,large
22,fluctuating,13,lab,L25,,8,survival,large
22,fluctuating,13,lab,L26,,19,survival,large
22,fluctuating,13,lab,L28,,15,survival,large
22,fluctuating,13,lab,L29,,15,survival,large
22,fluctuating,13,lab,L30,,14,survival,large
22,fluctuating,13,lab,L31,,21,survival,large
22,fluctuating,13,lab,L32,,21,survival,large
22,fluctuating,13,lab,L33,,8,survival,large
22,fluctuating,13,lab,L34,,20,survival,large
22,fluctuating,13,lab,L35,,2,survival,large
22,fluctuating,13,lab,L36,,21,survival,large
22,fluctuating,13,lab,L37,,23,survival,large
22,fluctuating,13,lab,L39,,18,survival,large
22,fluctuating,13,lab,L40,,27,survival,large
22,fluctuating,13,lab,L41,,21,survival,large
22,fluctuating,13,lab,L42,,28,survival,large
22,fluctuating,13,lab,L43,,19,survival,large
,,,,,,,survival,
22,fluctuating,13,lab,L44,,22,survival,large
22,fluctuating,13,lab,L45,,17,survival,large
22,fluctuating,13,lab,L46,,20,survival,large
22,fluctuating,13,lab,L47,,21,survival,large
22,fluctuating,13,lab,L48,,5,survival,large
22,fluctuating,13,lab,L49,,22,survival,large
22,fluctuating,13,lab,L50,,23,survival,large
22,fluctuating,13,lab,L51,,27,survival,large
22,fluctuating,13,lab,L52,,26,survival,large
22,fluctuating,13,lab,L53,,23,survival,large
22,fluctuating,13,lab,L54,,21,survival,large
22,fluctuating,13,lab,L55,,31,survival,large
22,fluctuating,13,lab,L56,,18,survival,large
22,fluctuating,13,lab,L57,,22,survival,large
22,fluctuating,13,lab,L58,,23,survival,large
22,fluctuating,13,field,F1,,38,survival,large
22,fluctuating,13,field,F2,,28,survival,large
22,fluctuating,13,field,F3,,27,survival,large
22,fluctuating,13,field,F4,,29,survival,large
22,fluctuating,13,field,F5,,14,survival,large
22,fluctuating,13,field,F6,,27,survival,large
22,fluctuating,13,field,F7,,29,survival,large
22,fluctuating,13,field,F8,,38,survival,large
22,fluctuating,13,field,F9,,37,survival,large
22,fluctuating,13,field,F10,,41,survival,large
22,fluctuating,13,field,F11,,39,survival,large
22,fluctuating,13,field,F12,,37,survival,large
22,fluctuating,13,field,F13,,32,survival,large
22,fluctuating,13,field,F14,,32,survival,large
22,fluctuating,13,field,F15,,34,survival,large
22,fluctuating,13,field,F16,,29,survival,large
22,fluctuating,13,field,F17,,23,survival,large
22,fluctuating,13,field,F18,,33,survival,large
22,fluctuating,13,field,F19,,19,survival,large
22,fluctuating,13,field,F20,,40,survival,large
22,fluctuating,13,field,F21,,34,survival,large
22,fluctuating,13,field,F22,,21,survival,large
22,fluctuating,13,field,F23,,15,survival,large
22,fluctuating,13,field,F24,,38,survival,large
22,fluctuating,13,field,F25,,30,survival,large
22,fluctuating,13,field,F26,,14,survival,large
22,fluctuating,13,field,F27,,38,survival,large
22,fluctuating,13,field,F28,,36,survival,large
22,fluctuating,13,field,F29,,27,survival,large
22,fluctuating,13,field,F30,,40,survival,large
22,fluctuating,13,field,F31,,31,survival,large
22,fluctuating,13,field,F32,,33,survival,large
22,fluctuating,13,field,F33,,35,survival,large
22,fluctuating,13,field,F34,,37,survival,large
22,fluctuating,13,field,F35,,10,survival,large
22,fluctuating,13,field,F36,,37,survival,large
22,fluctuating,13,field,F37,,27,survival,large
22,fluctuating,13,field,F38,,40,survival,large
22,fluctuating,13,field,F39,,21,survival,large
22,fluctuating,13,field,F40,,12,survival,large
22,fluctuating,13,field,F41,,33,survival,large
22,fluctuating,13,field,F42,,31,survival,large
22,fluctuating,13,field,F43,,34,survival,large
22,fluctuating,13,field,F44,,35,survival,large
22,fluctuating,13,field,F45,,44,survival,large
22,fluctuating,13,field,F46,,18,survival,large
22,fluctuating,13,field,F47,,14,survival,large
22,fluctuating,13,field,F48,,20,survival,large
22,fluctuating,13,field,F49,,38,survival,large
22,fluctuating,13,field,F50,,23,survival,large
22,fluctuating,13,field,F45（1）,,31,survival,large