ind,"Time, GMT+08:00",am_pm,"Temp, °C",treatment
1,12/9/06 11:00,pm,29.464,high
2,12/9/06 11:20,pm,22.944,high
3,12/9/06 11:40,pm,21.819,high
4,12/9/07 12:00,am,21.604,high
5,12/9/07 12:20,am,20.889,high
6,12/9/07 12:40,am,20.388,high
7,12/9/07 1:00,am,20.317,high
8,12/9/07 1:20,am,19.912,high
9,12/9/07 1:40,am,19.793,high
10,12/9/07 2:00,am,19.722,high
11,12/9/07 2:20,am,19.318,high
12,12/9/07 2:40,am,19.294,high
13,12/9/07 3:00,am,19.27,high
14,12/9/07 3:20,am,18.985,high
15,12/9/07 3:40,am,18.961,high
16,12/9/07 4:00,am,18.985,high
17,12/9/07 4:20,am,19.508,high
18,12/9/07 4:40,am,19.603,high
19,12/9/07 5:00,am,19.603,high
20,12/9/07 5:20,am,20.341,high
21,12/9/07 5:40,am,20.65,high
22,12/9/07 6:00,am,20.246,high
23,12/9/07 6:20,am,21.342,high
24,12/9/07 6:40,am,21.604,high
25,12/9/07 7:00,am,21.843,high
26,12/9/07 7:20,am,22.681,high
27,12/9/07 7:40,am,22.896,high
28,12/9/07 8:00,am,22.609,high
29,12/9/07 8:20,am,24.098,high
30,12/9/07 8:40,am,24.412,high
31,12/9/07 9:00,am,24.388,high
32,12/9/07 9:20,am,26.231,high
33,12/9/07 9:40,am,26.231,high
34,12/9/07 10:00,am,26.378,high
35,12/9/07 10:20,am,28.941,high
38,12/9/07 10:40,am,29.015,high
39,12/9/07 11:00,am,29.439,high
40,12/9/07 11:20,am,31.791,high
41,12/9/07 11:40,am,31.919,high
42,12/9/07 12:00,pm,31.842,high
43,12/9/07 12:20,pm,33.809,high
44,12/9/07 12:40,pm,33.757,high
45,12/9/07 1:00,pm,33.861,high
46,12/9/07 1:20,pm,34.624,high
47,12/9/07 1:40,pm,34.413,high
48,12/9/07 2:00,pm,34.519,high
49,12/9/07 2:20,pm,34.572,high
50,12/9/07 2:40,pm,34.44,high
51,12/9/07 3:00,pm,34.572,high
52,12/9/07 3:20,pm,33.626,high
53,12/9/07 3:40,pm,33.469,high
54,12/9/07 4:00,pm,33.365,high
55,12/9/07 4:20,pm,32.227,high
56,12/9/07 4:40,pm,31.816,high
57,12/9/07 5:00,pm,31.791,high
58,12/9/07 5:20,pm,30.52,high
59,12/9/07 5:40,pm,30.394,high
60,12/9/07 6:00,pm,30.217,high
61,12/9/07 6:20,pm,28.444,high
62,12/9/07 6:40,pm,28.245,high
63,12/9/07 7:00,pm,28.295,high
64,12/9/07 7:20,pm,27.063,high
65,12/9/07 7:40,pm,26.769,high
66,12/9/07 8:00,pm,26.769,high
67,12/9/07 8:20,pm,25.647,high
68,12/9/07 8:40,pm,25.55,high
69,12/9/07 9:00,pm,25.38,high
70,12/9/07 9:20,pm,24.074,high
71,12/9/07 9:40,pm,23.857,high
72,12/9/07 10:00,pm,23.857,high
73,12/9/07 10:20,pm,22.705,high
74,12/9/07 10:40,pm,22.753,high
75,12/9/07 11:00,pm,22.776,high
76,12/9/07 11:20,pm,21.724,high
77,12/9/07 11:40,pm,21.652,high
78,12/9/08 12:00,am,21.676,high
79,12/9/08 12:20,am,20.77,high
80,12/9/08 12:40,am,20.579,high
81,12/9/08 1:00,am,20.507,high
82,12/9/08 1:20,am,20.15,high
83,12/9/08 1:40,am,20.222,high
84,12/9/08 2:00,am,19.984,high
85,12/9/08 2:20,am,20.079,high
86,12/9/08 2:40,am,19.936,high
87,12/9/08 3:00,am,19.841,high
88,12/9/08 3:20,am,19.27,high
89,12/9/08 3:40,am,19.127,high
90,12/9/08 4:00,am,19.056,high
91,12/9/08 4:20,am,19.27,high
92,12/9/08 4:40,am,19.389,high
93,12/9/08 5:00,am,19.389,high
94,12/9/08 5:20,am,19.841,high
95,12/9/08 5:40,am,20.222,high
96,12/9/08 6:00,am,20.913,high
97,12/9/08 6:20,am,21.413,high
98,12/9/08 6:40,am,21.748,high
99,12/9/08 7:00,am,21.867,high
100,12/9/08 7:20,am,22.465,high
101,12/9/08 7:40,am,22.824,high
102,12/9/08 8:00,am,22.657,high
103,12/9/08 8:20,am,24.171,high
104,12/9/08 8:40,am,24.219,high
105,12/9/08 9:00,am,24.219,high
106,12/9/08 9:20,am,26.256,high
107,12/9/08 9:40,am,26.256,high
108,12/9/08 10:00,am,26.353,high
109,12/9/08 10:20,am,29.215,high
110,12/9/08 10:40,am,29.265,high
111,12/9/08 11:00,am,29.515,high
112,12/9/08 11:20,am,31.51,high
113,12/9/08 11:40,am,31.74,high
114,12/9/08 12:00,pm,31.714,high
115,12/9/08 12:20,pm,33.992,high
116,12/9/08 12:40,pm,33.783,high
117,12/9/08 1:00,pm,34.045,high
118,12/9/08 1:20,pm,34.519,high
119,12/9/08 1:40,pm,34.413,high
120,12/9/08 2:00,pm,34.466,high
121,12/9/08 2:20,pm,34.651,high
122,12/9/08 2:40,pm,34.677,high
123,12/9/08 3:00,pm,34.624,high
124,12/9/08 3:20,pm,33.574,high
125,12/9/08 3:40,pm,33.313,high
126,12/9/08 4:00,pm,33.313,high
127,12/9/08 4:20,pm,31.97,high
128,12/9/08 4:40,pm,32.021,high
129,12/9/08 5:00,pm,31.765,high
130,12/9/08 5:20,pm,30.469,high
131,12/9/08 5:40,pm,30.343,high
132,12/9/08 6:00,pm,30.394,high
133,12/9/08 6:20,pm,28.568,high
134,12/9/08 6:40,pm,28.394,high
135,12/9/08 7:00,pm,28.493,high
136,12/9/08 7:20,pm,26.989,high
137,12/9/08 7:40,pm,26.94,high
138,12/9/08 8:00,pm,26.818,high
139,12/9/08 8:20,pm,25.477,high
140,12/9/08 8:40,pm,25.21,high
141,12/9/08 9:00,pm,25.065,high
142,12/9/08 9:20,pm,23.809,high
143,12/9/08 9:40,pm,23.617,high
144,12/9/08 10:00,pm,23.545,high
145,12/9/08 10:20,pm,22.561,high
146,12/9/08 10:40,pm,22.537,high
147,12/9/08 11:00,pm,22.681,high
148,12/9/08 11:20,pm,21.915,high
149,12/9/08 11:40,pm,21.987,high
150,12/9/09 12:00,am,21.891,high
151,12/9/09 12:20,am,20.698,high
152,12/9/09 12:40,am,20.412,high
153,12/9/09 1:00,am,20.46,high
154,12/9/09 1:20,am,20.031,high
155,12/9/09 1:40,am,20.007,high
156,12/9/09 2:00,am,19.936,high
157,12/9/09 2:20,am,19.793,high
158,12/9/09 2:40,am,19.627,high
159,12/9/09 3:00,am,19.46,high
160,12/9/09 3:20,am,19.032,high
161,12/9/09 3:40,am,19.032,high
162,12/9/09 4:00,am,18.842,high
163,12/9/09 4:20,am,19.46,high
164,12/9/09 4:40,am,19.436,high
165,12/9/09 5:00,am,19.603,high
166,12/9/09 5:20,am,20.412,high
167,12/9/09 5:40,am,20.674,high
168,12/9/09 6:00,am,20.269,high
169,12/9/09 6:20,am,21.7,high
170,12/9/09 6:40,am,22.226,high
171,12/9/09 7:00,am,21.891,high
172,12/9/09 7:20,am,22.202,high
173,12/9/09 7:40,am,22.609,high
174,12/9/09 8:00,am,23.04,high
175,12/9/09 8:20,am,23.857,high
176,12/9/09 8:40,am,24.436,high
177,12/9/09 9:00,am,24.122,high
178,12/9/09 9:20,am,26.304,high
179,12/9/09 9:40,am,26.426,high
180,12/9/09 10:00,am,26.28,high
181,12/9/09 10:20,am,29.14,high
182,12/9/09 10:40,am,29.165,high
183,12/9/09 11:00,am,29.19,high
184,12/9/09 11:20,am,31.51,high
185,12/9/09 11:40,am,31.586,high
186,12/9/09 12:00,pm,31.791,high
187,12/9/09 12:20,pm,33.6,high
188,12/9/09 12:40,pm,33.966,high
189,12/9/09 1:00,pm,33.94,high
190,12/9/09 1:20,pm,34.255,high
191,12/9/09 1:40,pm,34.281,high
192,12/9/09 2:00,pm,34.308,high
193,12/9/09 2:20,pm,34.36,high
194,12/9/09 2:40,pm,34.36,high
195,12/9/09 3:00,pm,34.413,high
196,12/9/09 3:20,pm,33.339,high
197,12/9/09 3:40,pm,33.261,high
198,12/9/09 4:00,pm,33.365,high
199,12/9/09 4:20,pm,31.919,high
200,12/9/09 4:40,pm,31.842,high
201,12/9/09 5:00,pm,31.868,high
202,12/9/09 5:20,pm,30.495,high
203,12/9/09 5:40,pm,30.444,high
204,12/9/09 6:00,pm,30.243,high
205,12/9/09 6:20,pm,28.394,high
206,12/9/09 6:40,pm,28.419,high
207,12/9/09 7:00,pm,28.394,high
208,12/9/09 7:20,pm,26.891,high
209,12/9/09 7:40,pm,26.989,high
210,12/9/09 8:00,pm,26.891,high
211,12/9/09 8:20,pm,25.574,high
212,12/9/09 8:40,pm,25.186,high
213,12/9/09 9:00,pm,25.04,high
214,12/9/09 9:20,pm,23.713,high
215,12/9/09 9:40,pm,23.424,high
219,12/9/09 10:00,pm,24.219,high
220,12/9/09 10:20,pm,23.208,high
221,12/9/09 10:40,pm,23.088,high
222,12/9/09 11:00,pm,22.872,high
223,12/9/09 11:20,pm,21.891,high
224,12/9/09 11:40,pm,21.963,high
225,12/9/10 12:00,pm,22.298,high
226,12/9/10 12:20,am,21.199,high
227,12/9/10 12:40,am,20.96,high
228,12/9/10 1:00,am,20.889,high
229,12/9/10 1:20,am,20.46,high
230,12/9/10 1:40,am,20.484,high
231,12/9/10 2:00,am,20.484,high
232,12/9/10 2:20,am,19.936,high
233,12/9/10 2:40,am,19.841,high
234,12/9/10 3:00,am,19.793,high
235,12/9/10 3:20,am,19.436,high
236,12/9/10 3:40,am,19.508,high
237,12/9/10 4:00,am,19.413,high
238,12/9/10 4:20,am,20.269,high
239,12/9/10 4:40,am,20.174,high
240,12/9/10 5:00,am,20.103,high
241,12/9/10 5:20,am,20.079,high
242,12/9/10 5:40,am,20.793,high
243,12/9/10 6:00,am,21.175,high
244,12/9/10 6:20,am,21.604,high
245,12/9/10 6:40,am,21.843,high
246,12/9/10 7:00,am,22.417,high
247,12/9/10 7:20,am,23.328,high
248,12/9/10 7:40,am,23.497,high
249,12/9/10 8:00,am,23.232,high
250,12/9/10 8:20,am,24.484,high
251,12/9/10 8:40,am,24.798,high
252,12/9/10 9:00,am,24.774,high
253,12/9/10 9:20,am,26.989,high
254,12/9/10 9:40,am,26.989,high
255,12/9/10 10:00,am,26.916,high
256,12/9/10 10:20,am,29.64,high
257,12/9/10 10:40,am,29.69,high
258,12/9/10 11:00,am,29.79,high
259,12/9/10 11:20,am,32.278,high
260,12/9/10 11:40,am,32.175,high
261,12/9/10 12:00,pm,32.33,high
262,12/9/10 12:20,pm,34.308,high
263,12/9/10 12:40,pm,34.387,high
264,12/9/10 1:00,pm,34.466,high
265,12/9/10 1:20,pm,34.942,high
266,12/9/10 1:40,pm,35.155,high
267,12/9/10 2:00,pm,35.075,high
268,12/9/10 2:20,pm,35.182,high
269,12/9/10 2:40,pm,35.022,high
270,12/9/10 3:00,pm,35.128,high
271,12/9/10 3:20,pm,34.229,high
272,12/9/10 3:40,pm,33.914,high
273,12/9/10 4:00,pm,33.861,high
274,12/9/10 4:20,pm,32.691,high
275,12/9/10 4:40,pm,32.175,high
276,12/9/10 5:00,pm,32.124,high
277,12/9/10 5:20,pm,30.9,high
278,12/9/10 5:40,pm,30.824,high
279,12/9/10 6:00,pm,30.849,high
280,12/9/10 6:20,pm,29.04,high
281,12/9/10 6:40,pm,28.841,high
282,12/9/10 7:00,pm,28.965,high
283,12/9/10 7:20,pm,27.554,high
284,12/9/10 7:40,pm,27.333,high
285,12/9/10 8:00,pm,27.259,high
286,12/9/10 8:20,pm,25.817,high
287,12/9/10 8:40,pm,25.647,high
288,12/9/10 9:00,pm,25.598,high
289,12/9/10 9:20,pm,24.146,high
290,12/9/10 9:40,pm,24.315,high
291,12/9/10 10:00,pm,24.339,high
292,12/9/10 10:20,pm,23.208,high
293,12/9/10 10:40,pm,23.136,high
294,12/9/10 11:00,pm,23.112,high
295,12/9/10 11:20,pm,22.25,high
296,12/9/10 11:40,pm,21.987,high
297,12/9/11 12:00,am,21.963,high
298,12/9/11 12:20,am,21.056,high
299,12/9/11 12:40,am,20.889,high
300,12/9/11 1:00,am,20.865,high
301,12/9/11 1:20,am,20.579,high
302,12/9/11 1:40,am,20.388,high
303,12/9/11 2:00,am,20.341,high
304,12/9/11 2:20,am,19.793,high
305,12/9/11 2:40,am,19.698,high
306,12/9/11 3:00,am,19.698,high
307,12/9/11 3:20,am,19.698,high
308,12/9/11 3:40,am,19.793,high
309,12/9/11 4:00,am,19.912,high
310,12/9/11 4:20,am,20.222,high
311,12/9/11 4:40,am,20.198,high
312,12/9/11 5:00,am,20.126,high
313,12/9/11 5:20,am,20.079,high
314,12/9/11 5:40,am,20.698,high
315,12/9/11 6:00,am,21.27,high
316,12/9/11 6:20,am,22.321,high
317,12/9/11 6:40,am,22.058,high
318,12/9/11 7:00,am,21.915,high
319,12/9/11 7:20,am,23.136,high
320,12/9/11 7:40,am,23.28,high
321,12/9/11 8:00,am,23.424,high
325,12/9/11 8:20,am,25.574,high
326,12/9/11 8:40,am,25.162,high
327,12/9/11 9:00,am,25.016,high
328,12/9/11 9:20,am,26.867,high
329,12/9/11 9:40,am,26.867,high
330,12/9/11 10:00,am,26.867,high
331,12/9/11 10:20,am,29.665,high
332,12/9/11 10:40,am,29.69,high
333,12/9/11 11:00,am,29.74,high
334,12/9/11 11:20,am,32.201,high
335,12/9/11 11:40,am,32.253,high
336,12/9/11 12:00,pm,32.253,high
337,12/9/11 12:20,pm,34.255,high
338,12/9/11 12:40,pm,34.387,high
339,12/9/11 1:00,pm,34.413,high
340,12/9/11 1:20,pm,34.969,high
341,12/9/11 1:40,pm,34.942,high
342,12/9/11 2:00,pm,34.995,high
343,12/9/11 2:20,pm,35.022,high
344,12/9/11 2:40,pm,35.128,high
345,12/9/11 3:00,pm,35.049,high
346,12/9/11 3:20,pm,33.94,high
347,12/9/11 3:40,pm,34.045,high
348,12/9/11 4:00,pm,33.914,high
349,12/9/11 4:20,pm,32.691,high
350,12/9/11 4:40,pm,32.381,high
351,12/9/11 5:00,pm,32.381,high
352,12/9/11 5:20,pm,31.306,high
353,12/9/11 5:40,pm,30.849,high
354,12/9/11 6:00,pm,30.849,high
355,12/9/11 6:20,pm,29.24,high
356,12/9/11 6:40,pm,28.99,high
357,12/9/11 7:00,pm,29.015,high
358,12/9/11 7:20,pm,27.653,high
359,12/9/11 7:40,pm,27.604,high
360,12/9/11 8:00,pm,27.579,high
361,12/9/11 8:20,pm,26.182,high
362,12/9/11 8:40,pm,25.963,high
363,12/9/11 9:00,pm,25.841,high
364,12/9/11 9:20,pm,24.532,high
365,12/9/11 9:40,pm,24.243,high
366,12/9/11 10:00,pm,24.219,high
367,12/9/11 10:20,pm,23.304,high
368,12/9/11 10:40,pm,23.088,high
369,12/9/11 11:00,pm,23.016,high
370,12/9/11 11:20,pm,22.369,high
371,12/9/11 11:40,pm,22.25,high
372,12/9/12 12:00,am,22.13,high
373,12/9/12 12:20,am,21.151,high
374,12/9/12 12:40,am,21.127,high
375,12/9/12 1:00,am,20.841,high
376,12/9/12 1:20,am,20.46,high
377,12/9/12 1:40,am,20.412,high
378,12/9/12 2:00,am,20.412,high
379,12/9/12 2:20,am,20.079,high
380,12/9/12 2:40,am,19.96,high
381,12/9/12 3:00,am,19.912,high
382,12/9/12 3:20,am,19.579,high
383,12/9/12 3:40,am,19.532,high
384,12/9/12 4:00,am,19.555,high
385,12/9/12 4:20,am,19.96,high
386,12/9/12 4:40,am,20.222,high
387,12/9/12 5:00,am,20.412,high
388,12/9/12 5:20,am,20.579,high
389,12/9/12 5:40,am,20.627,high
390,12/9/12 6:00,am,21.413,high
391,12/9/12 6:20,am,22.226,high
392,12/9/12 6:40,am,22.178,high
393,12/9/12 7:00,am,22.321,high
394,12/9/12 7:20,am,23.184,high
395,12/9/12 7:40,am,23.28,high
396,12/9/12 8:00,am,23.28,high
397,12/9/12 8:20,am,24.774,high
398,12/9/12 8:40,am,24.871,high
399,12/9/12 9:00,am,24.919,high
400,12/9/12 9:20,am,26.818,high
401,12/9/12 9:40,am,26.867,high
402,12/9/12 10:00,am,26.867,high
403,12/9/12 10:20,am,29.565,high
404,12/9/12 10:40,am,29.665,high
405,12/9/12 11:00,am,29.865,high
406,12/9/12 11:20,am,32.175,high
407,12/9/12 11:40,am,32.175,high
408,12/9/12 12:00,pm,32.124,high
409,12/9/12 12:20,pm,34.071,high
410,12/9/12 12:40,pm,34.202,high
411,12/9/12 1:00,pm,34.413,high
412,12/9/12 1:20,pm,34.598,high
413,12/9/12 1:40,pm,34.783,high
414,12/9/12 2:00,pm,34.942,high
418,12/9/12 2:20,pm,34.202,high
419,12/9/12 2:40,pm,35.075,high
420,12/9/12 3:00,pm,35.102,high
421,12/9/12 3:20,pm,34.071,high
422,12/9/12 3:40,pm,33.966,high
423,12/9/12 4:00,pm,33.992,high
424,12/9/12 4:20,pm,32.639,high
425,12/9/12 4:40,pm,32.433,high
426,12/9/12 5:00,pm,32.433,high
427,12/9/12 5:20,pm,31.153,high
428,12/9/12 5:40,pm,30.798,high
429,12/9/12 6:00,pm,30.798,high
430,12/9/12 6:20,pm,28.99,high
431,12/9/12 6:40,pm,28.891,high
432,12/9/12 7:00,pm,28.866,high
433,12/9/12 7:20,pm,27.456,high
434,12/9/12 7:40,pm,27.407,high
435,12/9/12 8:00,pm,27.456,high
436,12/9/12 8:20,pm,25.987,high
437,12/9/12 8:40,pm,25.963,high
438,12/9/12 9:00,pm,25.817,high
439,12/9/12 9:20,pm,24.581,high
440,12/9/12 9:40,pm,24.412,high
441,12/9/12 10:00,pm,24.267,high
442,12/9/12 10:20,pm,23.136,high
443,12/9/12 10:40,pm,23.112,high
444,12/9/12 11:00,pm,23.136,high
445,12/9/12 11:20,pm,22.274,high
446,12/9/12 11:40,pm,22.178,high
447,12/9/13 12:00,am,22.154,high
448,12/9/13 12:20,am,21.079,high
449,12/9/13 12:40,am,21.008,high
450,12/9/13 1:00,am,20.984,high
451,12/9/13 1:20,am,20.746,high
452,12/9/13 1:40,am,20.65,high
453,12/9/13 2:00,am,20.65,high
454,12/9/13 2:20,am,20.126,high
455,12/9/13 2:40,am,20.103,high
456,12/9/13 3:00,am,20.007,high
457,12/9/13 3:20,am,19.532,high
458,12/9/13 3:40,am,19.46,high
459,12/9/13 4:00,am,19.484,high
460,12/9/13 4:20,am,20.031,high
461,12/9/13 4:40,am,20.079,high
462,12/9/13 5:00,am,20.079,high
463,12/9/13 5:20,am,20.77,high
464,12/9/13 5:40,am,20.46,high
465,12/9/13 6:00,am,20.436,high
466,12/9/13 6:20,am,22.202,high
467,12/9/13 6:40,am,22.106,high
468,12/9/13 7:00,am,21.987,high
469,12/9/13 7:20,am,23.136,high
470,12/9/13 7:40,am,23.208,high
471,12/9/13 8:00,am,23.184,high
475,12/9/13 8:20,am,24.944,high
476,12/9/13 8:40,am,24.798,high
477,12/9/13 9:00,am,24.944,high
478,12/9/13 9:20,am,26.842,high
479,12/9/13 9:40,am,26.818,high
480,12/9/13 10:00,am,26.867,high
481,12/9/13 10:20,am,29.59,high
482,12/9/13 10:40,am,29.79,high
483,12/9/13 11:00,am,29.966,high
484,12/9/13 11:20,am,32.381,high
485,12/9/13 11:40,am,32.304,high
486,12/9/13 12:00,pm,32.433,high
487,12/9/13 12:20,pm,34.255,high
488,12/9/13 12:40,pm,34.492,high
489,12/9/13 1:00,pm,34.572,high
490,12/9/13 1:20,pm,35.049,high
491,12/9/13 1:40,pm,35.102,high
492,12/9/13 2:00,pm,35.182,high
493,12/9/13 2:20,pm,35.102,high
494,12/9/13 2:40,pm,35.102,high
495,12/9/13 3:00,pm,35.182,high
496,12/9/13 3:20,pm,34.097,high
497,12/9/13 3:40,pm,33.966,high
498,12/9/13 4:00,pm,33.94,high
499,12/9/13 4:20,pm,32.639,high
500,12/9/13 4:40,pm,32.433,high
501,12/9/13 5:00,pm,32.407,high
502,12/9/13 5:20,pm,31.128,high
503,12/9/13 5:40,pm,30.824,high
504,12/9/13 6:00,pm,30.95,high
505,12/9/13 6:20,pm,29.115,high
506,12/9/13 6:40,pm,28.965,high
507,12/9/13 7:00,pm,29.015,high
508,12/9/13 7:20,pm,27.751,high
509,12/9/13 7:40,pm,27.579,high
510,12/9/13 8:00,pm,27.579,high
511,12/9/13 8:20,pm,26.158,high
512,12/9/13 8:40,pm,25.963,high
513,12/9/13 9:00,pm,25.987,high
514,12/9/13 9:20,pm,24.581,high
515,12/9/13 9:40,pm,24.436,high
516,12/9/13 10:00,pm,24.291,high
517,12/9/13 10:20,pm,23.304,high
518,12/9/13 10:40,pm,23.208,high
519,12/9/13 11:00,pm,23.184,high
520,12/9/13 11:20,pm,22.274,high
521,12/9/13 11:40,pm,22.13,high
522,12/9/14 12:00,am,22.154,high
523,12/9/14 12:20,am,21.27,high
524,12/9/14 12:40,am,21.223,high
525,12/9/14 1:00,am,21.199,high
526,12/9/14 1:20,am,20.603,high
527,12/9/14 1:40,am,20.507,high
528,12/9/14 2:00,am,20.484,high
529,12/9/14 2:20,am,19.984,high
530,12/9/14 2:40,am,20.031,high
531,12/9/14 3:00,am,20.031,high
532,12/9/14 3:20,am,19.746,high
533,12/9/14 3:40,am,19.651,high
534,12/9/14 4:00,am,19.555,high
535,12/9/14 4:20,am,19.984,high
536,12/9/14 4:40,am,20.031,high
537,12/9/14 5:00,am,20.031,high
538,12/9/14 5:20,am,20.555,high
539,12/9/14 5:40,am,20.674,high
540,12/9/14 6:00,am,20.579,high
541,12/9/14 6:20,am,21.987,high
542,12/9/14 6:40,am,22.106,high
543,12/9/14 7:00,am,22.202,high
544,12/9/14 7:20,am,23.184,high
545,12/9/14 7:40,am,23.256,high
546,12/9/14 8:00,am,23.28,high
547,12/9/14 8:20,am,24.798,high
548,12/9/14 8:40,am,24.798,high
549,12/9/14 9:00,am,24.895,high
550,12/9/14 9:20,am,26.916,high
551,12/9/14 9:40,am,27.014,high
552,12/9/14 10:00,am,27.063,high
553,12/9/14 10:20,am,29.815,high
554,12/9/14 10:40,am,29.991,high
555,12/9/14 11:00,am,29.89,high
556,12/9/14 11:20,am,32.33,high
557,12/9/14 11:40,am,32.201,high
558,12/9/14 12:00,pm,32.33,high
559,12/9/14 12:20,pm,34.229,high
560,12/9/14 12:40,pm,34.624,high
561,12/9/14 1:00,pm,34.466,high
562,12/9/14 1:20,pm,35.102,high
563,12/9/14 1:40,pm,35.102,high
564,12/9/14 2:00,pm,35.102,high
565,12/9/14 2:20,pm,35.049,high
566,12/9/14 2:40,pm,35.022,high
567,12/9/14 3:00,pm,35.049,high
568,12/9/14 3:20,pm,33.914,high
569,12/9/14 3:40,pm,34.045,high
570,12/9/14 4:00,pm,33.887,high
571,12/9/14 4:20,pm,32.691,high
572,12/9/14 4:40,pm,32.407,high
573,12/9/14 5:00,pm,32.33,high
574,12/9/14 5:20,pm,31.052,high
575,12/9/14 5:40,pm,30.722,high
576,12/9/14 6:00,pm,30.849,high
577,12/9/14 6:20,pm,29.19,high
578,12/9/14 6:40,pm,28.891,high
579,12/9/14 7:00,pm,28.742,high
580,12/9/14 7:20,pm,27.53,high
581,12/9/14 7:40,pm,27.382,high
582,12/9/14 8:00,pm,27.333,high
583,12/9/14 8:20,pm,25.987,high
584,12/9/14 8:40,pm,25.817,high
585,12/9/14 9:00,pm,25.817,high
586,12/9/14 9:20,pm,24.46,high
587,12/9/14 9:40,pm,24.315,high
588,12/9/14 10:00,pm,24.339,high
589,12/9/14 10:20,pm,23.28,high
590,12/9/14 10:40,pm,23.232,high
591,12/9/14 11:00,pm,23.112,high
592,12/9/14 11:20,pm,22.082,high
593,12/9/14 11:40,pm,21.915,high
594,12/9/15 12:00,am,21.939,high
595,12/9/15 12:20,am,21.079,high
596,12/9/15 12:40,am,21.032,high
597,12/9/15 1:00,am,21.032,high
598,12/9/15 1:20,am,20.436,high
599,12/9/15 1:40,am,20.341,high
600,12/9/15 2:00,am,20.317,high
601,12/9/15 2:20,am,19.888,high
602,12/9/15 2:40,am,19.912,high
603,12/9/15 3:00,am,20.007,high
604,12/9/15 3:20,am,19.413,high
605,12/9/15 3:40,am,19.246,high
606,12/9/15 4:00,am,19.318,high
607,12/9/15 4:20,am,19.793,high
608,12/9/15 4:40,am,19.865,high
609,12/9/15 5:00,am,19.912,high
610,12/9/15 5:20,am,20.46,high
611,12/9/15 5:40,am,20.365,high
612,12/9/15 6:00,am,20.365,high
613,12/9/15 6:20,am,22.13,high
614,12/9/15 6:40,am,22.082,high
615,12/9/15 7:00,am,22.13,high
616,12/9/15 7:20,am,23.184,high
617,12/9/15 7:40,am,23.232,high
618,12/9/15 8:00,am,23.4,high
619,12/9/15 8:20,am,24.774,high
620,12/9/15 8:40,am,24.944,high
621,12/9/15 9:00,am,24.968,high
622,12/9/15 9:20,am,26.989,high
623,12/9/15 9:40,am,27.136,high
624,12/9/15 10:00,am,27.136,high
625,12/9/15 10:20,am,30.142,high
626,12/9/15 10:40,am,30.293,high
627,12/9/15 11:00,am,29.991,high
628,12/9/15 11:20,am,33.261,high
629,12/9/15 11:40,am,32.872,high
630,12/9/15 12:00,pm,33.079,high
631,12/9/15 12:20,pm,35.075,high
632,12/9/15 12:40,pm,35.128,high
633,12/9/15 1:00,pm,35.128,high
634,12/9/15 1:20,pm,35.395,high
635,12/9/15 1:40,pm,35.636,high
636,12/9/15 2:00,pm,35.689,high
637,12/9/15 2:20,pm,35.716,high
638,12/9/15 2:40,pm,35.636,high
639,12/9/15 2:51,pm,Logged,high
640,12/9/15 2:56,pm,Logged,high
641,12/9/15 3:00,pm,32.51,high
642,12/9/15 3:20,pm,34.44,high
643,12/9/15 3:26,pm,Logged,high
644,12/9/15 3:27,pm,Logged,high
645,12/9/15 3:40,pm,34.019,high
646,12/9/15 4:00,pm,34.15,high
647,12/9/15 4:20,pm,32.872,high
648,12/9/15 4:40,pm,32.355,high
649,12/9/15 5:00,pm,32.355,high
650,12/9/15 5:20,pm,31.204,high
651,12/9/15 5:40,pm,30.672,high
652,12/9/15 6:00,pm,30.722,high
653,12/9/15 6:20,pm,28.916,high
654,12/9/15 6:40,pm,28.667,high
655,12/9/15 7:00,pm,28.593,high
656,12/9/15 7:20,pm,27.21,high
657,12/9/15 7:40,pm,27.259,high
658,12/9/15 8:00,pm,27.186,high
659,12/9/15 8:20,pm,25.695,high
660,12/9/15 8:40,pm,25.574,high
661,12/9/15 9:00,pm,25.598,high
662,12/9/15 9:20,pm,24.074,high
663,12/9/15 9:40,pm,24.098,high
664,12/9/15 10:00,pm,24.146,high
665,12/9/15 10:20,pm,22.92,high
666,12/9/15 10:40,pm,22.848,high
667,12/9/15 11:00,pm,22.992,high
668,12/9/15 11:20,pm,21.843,high
669,12/9/15 11:40,pm,21.795,high
670,12/9/16 12:00,am,21.795,high
671,12/9/16 12:20,am,20.841,high
672,12/9/16 12:40,am,20.65,high
673,12/9/16 1:00,am,20.531,high
674,12/9/16 1:20,am,20.579,high
675,12/9/16 1:40,am,20.031,high
676,12/9/16 2:00,am,20.222,high
677,12/9/16 2:20,am,19.555,high
678,12/9/16 2:40,am,19.722,high
679,12/9/16 3:00,am,20.15,high
680,12/9/16 3:20,am,19.365,high
681,12/9/16 3:40,am,19.056,high
682,12/9/16 4:00,am,19.389,high
683,12/9/16 4:20,am,19.936,high
684,12/9/16 4:40,am,19.341,high
685,12/9/16 5:00,am,19.912,high
686,12/9/16 5:20,am,20.103,high
687,12/9/16 5:40,am,20.46,high
688,12/9/16 6:00,am,20.222,high
689,12/9/16 6:20,am,21.915,high
690,12/9/16 6:40,am,22.226,high
691,12/9/16 7:00,am,21.963,high
692,12/9/16 7:20,am,23.112,high
693,12/9/16 7:40,am,23.16,high
694,12/9/16 7:52,am,Logged,high
695,12/9/16 7:52,am,Logged,high
696,12/9/16 7:52,am,Logged,high
697,12/9/16 7:52,am,Logged,high
698,12/9/16 7:55,am,Logged,high
699,12/9/16 8:00,am,24.243,high
700,12/9/16 8:20,am,24.871,high
701,12/9/16 8:40,am,24.919,high
702,12/9/16 9:00,am,24.677,high
703,12/9/16 9:20,am,27.014,high
704,12/9/16 9:40,am,26.842,high
705,12/9/16 10:00,am,26.793,high
706,12/9/16 10:20,am,30.066,high
707,12/9/16 10:40,am,29.916,high
708,12/9/16 11:00,am,30.041,high
709,12/9/16 11:20,am,32.691,high
710,12/9/16 11:40,am,32.51,high
711,12/9/16 12:00,pm,32.536,high
712,12/9/16 12:20,pm,34.36,high
713,12/9/16 12:40,pm,34.255,high
714,12/9/16 1:00,pm,34.387,high
715,12/9/16 1:20,pm,34.545,high
716,12/9/16 1:40,pm,34.651,high
717,12/9/16 2:00,pm,34.783,high
718,12/9/16 2:20,pm,34.916,high
719,12/9/16 2:40,pm,35.049,high
720,12/9/16 3:00,pm,35.075,high
721,12/9/16 3:20,pm,34.124,high
722,12/9/16 3:40,pm,33.704,high
723,12/9/16 4:00,pm,33.783,high
724,12/9/16 4:20,pm,32.768,high
725,12/9/16 4:40,pm,32.51,high
726,12/9/16 5:00,pm,32.407,high
727,12/9/16 5:20,pm,31.103,high
728,12/9/16 5:40,pm,30.798,high
729,12/9/16 6:00,pm,30.773,high
730,12/9/16 6:20,pm,29.14,high
731,12/9/16 6:40,pm,28.717,high
732,12/9/16 7:00,pm,28.543,high
733,12/9/16 7:20,pm,27.063,high
734,12/9/16 7:40,pm,27.308,high
735,12/9/16 8:00,pm,27.21,high
736,12/9/16 8:20,pm,25.89,high
737,12/9/16 8:40,pm,25.695,high
738,12/9/16 9:00,pm,25.623,high
739,12/9/16 9:20,pm,24.315,high
740,12/9/16 9:40,pm,24.002,high
741,12/9/16 10:00,pm,23.905,high
742,12/9/16 10:20,pm,22.8,high
743,12/9/16 10:40,pm,22.753,high
744,12/9/16 11:00,pm,22.729,high
745,12/9/16 11:20,pm,21.843,high
746,12/9/16 11:40,pm,21.628,high
747,12/9/17 12:00,am,21.437,high
748,12/9/17 12:20,am,20.65,high
749,12/9/17 12:40,am,20.555,high
750,12/9/17 1:00,am,20.722,high
751,12/9/17 1:20,am,20.65,high
752,12/9/17 1:40,am,19.984,high
753,12/9/17 2:00,am,20.365,high
754,12/9/17 2:20,am,20.46,high
755,12/9/17 2:40,am,19.603,high
756,12/9/17 3:00,am,19.936,high
757,12/9/17 3:20,am,19.603,high
758,12/9/17 3:40,am,19.127,high
759,12/9/17 4:00,am,19.222,high
760,12/9/17 4:20,am,19.674,high
761,12/9/17 4:40,am,20.174,high
762,12/9/17 5:00,am,19.579,high
763,12/9/17 5:20,am,20.222,high
764,12/9/17 5:40,am,20.698,high
765,12/9/17 6:00,am,20.65,high
766,12/9/17 6:20,am,21.939,high
767,12/9/17 6:40,am,22.011,high
768,12/9/17 7:00,am,22.202,high
769,12/9/17 7:20,am,22.896,high
770,12/9/17 7:40,am,23.256,high
771,12/9/17 7:49,am,Logged,high
772,12/9/17 7:49,am,Logged,high
773,12/9/17 7:50,am,Logged,high
774,12/9/17 8:00,am,23.521,high
775,12/9/17 8:20,am,24.605,high
776,12/9/17 8:40,am,24.823,high
777,12/9/17 9:00,am,24.968,high
778,12/9/17 9:20,am,26.818,high
779,12/9/17 9:40,am,26.769,high
780,12/9/17 10:00,am,26.769,high
781,12/9/17 10:20,am,29.84,high
782,12/9/17 10:40,am,29.59,high
783,12/9/17 11:00,am,29.916,high
784,12/9/17 11:20,am,32.278,high
785,12/9/17 11:40,am,32.562,high
786,12/9/17 12:00,pm,32.33,high
787,12/9/17 12:20,pm,34.097,high
788,12/9/17 12:40,pm,33.914,high
789,12/9/17 1:00,pm,33.966,high
790,12/9/17 1:20,pm,34.704,high
791,12/9/17 1:40,pm,34.572,high
792,12/9/17 2:00,pm,34.572,high
793,12/9/17 2:20,pm,34.651,high
794,12/9/17 2:40,pm,34.73,high
795,12/9/17 3:00,pm,34.836,high
796,12/9/17 3:20,pm,34.019,high
797,12/9/17 3:40,pm,33.783,high
798,12/9/17 4:00,pm,33.521,high
799,12/9/17 4:20,pm,32.562,high
800,12/9/17 4:40,pm,32.15,high
801,12/9/17 5:00,pm,32.073,high
802,12/9/17 5:20,pm,31.103,high
803,12/9/17 5:40,pm,30.52,high
804,12/9/17 6:00,pm,30.697,high
805,12/9/17 6:20,pm,28.766,high
806,12/9/17 6:40,pm,28.642,high
807,12/9/17 7:00,pm,28.617,high
808,12/9/17 7:20,pm,27.063,high
809,12/9/17 7:40,pm,26.965,high
810,12/9/17 8:00,pm,26.94,high
811,12/9/17 8:20,pm,25.671,high
812,12/9/17 8:40,pm,25.574,high
813,12/9/17 9:00,pm,25.453,high
814,12/9/17 9:20,pm,24.363,high
815,12/9/17 9:40,pm,24.074,high
816,12/9/17 10:00,pm,24.002,high
817,12/9/17 10:20,pm,22.992,high
818,12/9/17 10:40,pm,22.944,high
819,12/9/17 11:00,pm,22.968,high
820,12/9/17 11:20,pm,21.891,high
821,12/9/17 11:40,pm,21.676,high
822,12/9/18 12:00,am,21.652,high
823,12/9/18 12:20,am,21.103,high
824,12/9/18 12:40,am,20.817,high
825,12/9/18 1:00,am,20.77,high
826,12/9/18 1:20,am,20.293,high
827,12/9/18 1:40,am,20.293,high
828,12/9/18 2:00,am,20.246,high
829,12/9/18 2:20,am,20.079,high
830,12/9/18 2:40,am,20.412,high
831,12/9/18 3:00,am,20.007,high
832,12/9/18 3:20,am,19.793,high
833,12/9/18 3:40,am,19.77,high
834,12/9/18 4:00,am,19.841,high
835,12/9/18 4:20,am,20.531,high
836,12/9/18 4:40,am,20.507,high
837,12/9/18 5:00,am,20.746,high
838,12/9/18 5:20,am,20.746,high
839,12/9/18 5:40,am,20.603,high
840,12/9/18 6:00,am,20.65,high
841,12/9/18 6:20,am,21.939,high
842,12/9/18 6:40,am,22.082,high
843,12/9/18 7:00,am,22.25,high
844,12/9/18 7:20,am,23.016,high
845,12/9/18 7:40,am,23.16,high
846,12/9/18 8:00,am,23.352,high
847,12/9/18 8:02,am,Logged,high
848,12/9/18 8:04,am,Logged,high
849,12/9/18 8:20,am,24.968,high
850,12/9/18 8:40,am,24.823,high
851,12/9/18 9:00,am,24.726,high
852,12/9/18 9:20,am,26.891,high
853,12/9/18 9:40,am,27.333,high
854,12/9/18 10:00,am,27.161,high
855,12/9/18 10:20,am,30.394,high
856,12/9/18 10:40,am,30.52,high
857,12/9/18 11:00,am,30.394,high
858,12/9/18 11:20,am,33.079,high
859,12/9/18 11:40,am,32.975,high
860,12/9/18 12:00,pm,33.105,high
861,12/9/18 12:20,pm,34.836,high
862,12/9/18 12:40,pm,34.229,high
863,12/9/18 1:00,pm,34.783,high
864,12/9/18 1:20,pm,35.288,high
865,12/9/18 1:40,pm,34.783,high
866,12/9/18 2:00,pm,34.598,high
867,12/9/18 2:20,pm,34.545,high
868,12/9/18 2:40,pm,34.624,high
869,12/9/18 3:00,pm,34.73,high
870,12/9/18 3:20,pm,34.308,high
871,12/9/18 3:40,pm,34.097,high
872,12/9/18 4:00,pm,34.176,high
873,12/9/18 4:20,pm,33.105,high
874,12/9/18 4:40,pm,32.665,high
875,12/9/18 5:00,pm,32.613,high
876,12/9/18 5:20,pm,31.255,high
877,12/9/18 5:40,pm,30.824,high
878,12/9/18 6:00,pm,30.646,high
879,12/9/18 6:20,pm,28.965,high
880,12/9/18 6:40,pm,28.717,high
881,12/9/18 7:00,pm,28.742,high
882,12/9/18 7:20,pm,27.161,high
883,12/9/18 7:40,pm,27.161,high
884,12/9/18 8:00,pm,27.112,high
885,12/9/18 8:20,pm,25.695,high
886,12/9/18 8:40,pm,25.647,high
887,12/9/18 9:00,pm,25.598,high
888,12/9/18 9:20,pm,24.267,high
889,12/9/18 9:40,pm,24.026,high
890,12/9/18 10:00,pm,23.954,high
891,12/9/18 10:20,pm,23.016,high
892,12/9/18 10:40,pm,22.729,high
893,12/9/18 11:00,pm,22.776,high
894,12/9/18 11:20,pm,21.891,high
895,12/9/18 11:40,pm,21.843,high
896,12/9/19 12:00,am,21.676,high
897,12/9/19 12:20,am,20.96,high
898,12/9/19 12:40,am,20.746,high
899,12/9/19 1:00,am,20.77,high
900,12/9/19 1:20,am,20.317,high
901,12/9/19 1:40,am,20.174,high
902,12/9/19 2:00,am,20.174,high
903,12/9/19 2:20,am,19.865,high
904,12/9/19 2:40,am,19.817,high
905,12/9/19 3:00,am,19.841,high
906,12/9/19 3:20,am,19.698,high
907,12/9/19 3:40,am,19.817,high
908,12/9/19 4:00,am,19.888,high
909,12/9/19 4:20,am,20.031,high
910,12/9/19 4:40,am,20.507,high
911,12/9/19 5:00,am,20.317,high
912,12/9/19 5:20,am,20.65,high
913,12/9/19 5:40,am,20.674,high
914,12/9/19 6:00,am,20.865,high
915,12/9/19 6:20,am,22.011,high
916,12/9/19 6:40,am,22.321,high
917,12/9/19 7:00,am,22.25,high
918,12/9/19 7:20,am,23.04,high
919,12/9/19 7:40,am,23.064,high
920,12/9/19 8:00,am,23.256,high
921,12/9/19 8:20,am,24.532,high
922,12/9/19 8:40,am,24.823,high
923,12/9/19 9:00,am,24.774,high
924,12/9/19 9:20,am,26.965,high
925,12/9/19 9:40,am,26.891,high
926,12/9/19 10:00,am,27.014,high
927,12/9/19 10:20,am,30.268,high
928,12/9/19 10:40,am,30.217,high
929,12/9/19 11:00,am,30.192,high
930,12/9/19 11:20,am,33.001,high
931,12/9/19 11:40,am,32.742,high
932,12/9/19 12:00,pm,32.846,high
933,12/9/19 12:20,pm,34.677,high
934,12/9/19 12:40,pm,34.019,high
935,12/9/19 1:00,pm,33.835,high
936,12/9/19 1:20,pm,35.262,high
937,12/9/19 1:40,pm,34.73,high
938,12/9/19 2:00,pm,34.677,high
939,12/9/19 2:20,pm,34.757,high
940,12/9/19 2:40,pm,34.863,high
941,12/9/19 3:00,pm,34.995,high
942,12/9/19 3:20,pm,34.229,high
943,12/9/19 3:40,pm,33.914,high
944,12/9/19 4:00,pm,33.94,high
945,12/9/19 4:20,pm,33.001,high
946,12/9/19 4:40,pm,32.458,high
947,12/9/19 5:00,pm,32.381,high
948,12/9/19 5:20,pm,31.281,high
949,12/9/19 5:40,pm,30.798,high
950,12/9/19 6:00,pm,30.646,high
951,12/9/19 6:20,pm,28.866,high
952,12/9/19 6:40,pm,28.766,high
953,12/9/19 7:00,pm,28.766,high
954,12/9/19 7:20,pm,27.087,high
955,12/9/19 7:40,pm,27.063,high
956,12/9/19 8:00,pm,26.989,high
957,12/9/19 8:20,pm,25.817,high
958,12/9/19 8:40,pm,25.72,high
959,12/9/19 9:00,pm,25.695,high
960,12/9/19 9:20,pm,24.219,high
961,12/9/19 9:40,pm,23.905,high
962,12/9/19 9:42,pm,Logged,high
963,12/9/19 9:42,pm,Logged,high
964,12/9/19 10:00,pm,23.521,high
965,12/9/19 10:20,pm,22.729,high
966,12/9/19 10:40,pm,22.824,high
967,12/9/19 11:00,pm,22.369,high
968,12/9/19 11:20,pm,21.724,high
969,12/9/19 11:40,pm,21.628,high
970,12/9/20 12:00,am,21.819,high
971,12/9/20 12:20,am,20.698,high
972,12/9/20 12:40,am,20.746,high
973,12/9/20 1:00,am,21.056,high
974,12/9/20 1:20,am,20.555,high
975,12/9/20 1:40,am,20.293,high
976,12/9/20 2:00,am,20.222,high
977,12/9/20 2:20,am,19.77,high
978,12/9/20 2:40,am,19.77,high
979,12/9/20 3:00,am,19.841,high
980,12/9/20 3:20,am,19.508,high
981,12/9/20 3:40,am,19.318,high
982,12/9/20 4:00,am,19.27,high
983,12/9/20 4:20,am,19.888,high
984,12/9/20 4:40,am,20.174,high
985,12/9/20 5:00,am,20.555,high
986,12/9/20 5:20,am,20.341,high
987,12/9/20 5:40,am,20.317,high
988,12/9/20 6:00,am,20.269,high
989,12/9/20 6:20,am,22.011,high
990,12/9/20 6:40,am,22.034,high
991,12/9/20 7:00,am,21.772,high
992,12/9/20 7:20,am,22.848,high
993,12/9/20 7:40,am,22.968,high
994,12/9/20 8:00,am,22.968,high
995,12/9/20 8:20,am,24.774,high
996,12/9/20 8:40,am,24.581,high
997,12/9/20 9:00,am,24.605,high
998,12/9/20 9:20,am,26.769,high
999,12/9/20 9:40,am,26.769,high
1000,12/9/20 10:00,am,26.646,high
1001,12/9/20 10:20,am,29.79,high
1002,12/9/20 10:40,am,29.69,high
1003,12/9/20 11:00,am,29.69,high
1004,12/9/20 11:20,am,32.433,high
1005,12/9/20 11:40,am,32.458,high
1006,12/9/20 12:00,pm,32.51,high
1007,12/9/20 12:20,pm,34.176,high
1008,12/9/20 12:40,pm,33.809,high
1009,12/9/20 1:00,pm,33.783,high
1010,12/9/20 1:20,pm,34.836,high
1011,12/9/20 1:40,pm,34.545,high
1012,12/9/20 2:00,pm,34.492,high
1013,12/9/20 2:20,pm,34.545,high
1014,12/9/20 2:40,pm,34.651,high
1015,12/9/20 3:00,pm,34.783,high
1016,12/9/20 3:20,pm,33.992,high
1017,12/9/20 3:40,pm,33.678,high
1018,12/9/20 4:00,pm,33.6,high
1019,12/9/20 4:20,pm,32.407,high
1020,12/9/20 4:40,pm,32.33,high
1021,12/9/20 5:00,pm,32.33,high
1022,12/9/20 5:20,pm,31.128,high
1023,12/9/20 5:40,pm,30.773,high
1024,12/9/20 6:00,pm,30.621,high
1025,12/9/20 6:20,pm,28.791,high
1026,12/9/20 6:40,pm,28.543,high
1027,12/9/20 7:00,pm,28.593,high
1028,12/9/20 7:20,pm,27.186,high
1029,12/9/20 7:40,pm,26.891,high
1030,12/9/20 8:00,pm,27.063,high
1031,12/9/20 8:20,pm,25.72,high
1032,12/9/20 8:40,pm,25.501,high
1033,12/9/20 9:00,pm,25.404,high
1034,12/9/20 9:20,pm,24.098,high
1035,12/9/20 9:40,pm,23.857,high
1036,12/9/20 10:00,pm,23.737,high
1037,12/9/20 10:20,pm,22.896,high
1038,12/9/20 10:40,pm,22.513,high
1039,12/9/20 11:00,pm,22.753,high
1040,12/9/20 11:20,pm,21.843,high
1041,12/9/20 11:40,pm,22.13,high
1042,12/9/21 12:00,am,21.724,high
1043,12/9/21 12:20,am,20.674,high
1044,12/9/21 12:40,am,20.507,high
1045,12/9/21 1:00,am,20.46,high
1046,12/9/21 1:20,am,20.079,high
1047,12/9/21 1:40,am,20.079,high
1048,12/9/21 2:00,am,20.222,high
1049,12/9/21 2:20,am,19.746,high
1050,12/9/21 2:40,am,19.698,high
1051,12/9/21 3:00,am,19.651,high
1052,12/9/21 3:20,am,19.436,high
1053,12/9/21 3:40,am,19.603,high
1054,12/9/21 4:00,am,19.746,high
1055,12/9/21 4:20,am,20.15,high
1056,12/9/21 4:40,am,20.246,high
1057,12/9/21 5:00,am,20.15,high
1058,12/9/21 5:20,am,20.269,high
1059,12/9/21 5:40,am,20.15,high
1060,12/9/21 6:00,am,20.103,high
1061,12/9/21 6:20,am,22.321,high
1062,12/9/21 6:40,am,21.843,high
1063,12/9/21 7:00,am,21.485,high
1064,12/9/21 7:20,am,22.848,high
1065,12/9/21 7:40,am,22.729,high
1066,12/9/21 8:00,am,22.657,high
1067,12/9/21 8:20,am,24.726,high
1068,12/9/21 8:40,am,24.726,high
1069,12/9/21 9:00,am,24.823,high
1070,12/9/21 9:20,am,26.769,high
1071,12/9/21 9:40,am,26.72,high
1072,12/9/21 10:00,am,26.671,high
1073,12/9/21 10:02,am,Logged,high
1074,12/9/21 10:02,am,Logged,high
1075,12/9/21 10:03,am,Logged,high
1076,12/9/21 10:20,am,30.142,high
1077,12/9/21 10:40,am,29.765,high
1078,12/9/21 11:00,am,29.89,high
1079,12/9/21 11:20,am,32.846,high
1080,12/9/21 11:40,am,32.794,high
1081,12/9/21 12:00,pm,32.691,high
1082,12/9/21 12:20,pm,34.73,high
1083,12/9/21 12:40,pm,34.308,high
1084,12/9/21 1:00,pm,34.334,high
1085,12/9/21 1:20,pm,34.466,high
1086,12/9/21 1:40,pm,34.598,high
1087,12/9/21 2:00,pm,34.73,high
1088,12/9/21 2:20,pm,34.889,high
1089,12/9/21 2:40,pm,35.022,high
1090,12/9/21 3:00,pm,35.022,high
1091,12/9/21 3:20,pm,33.992,high
1092,12/9/21 3:40,pm,33.809,high
1093,12/9/21 4:00,pm,33.757,high
1094,12/9/21 4:20,pm,32.484,high
1095,12/9/21 4:40,pm,32.433,high
1096,12/9/21 5:00,pm,32.458,high
1097,12/9/21 5:20,pm,31.357,high
1098,12/9/21 5:40,pm,30.773,high
1099,12/9/21 6:00,pm,30.646,high
1100,12/9/21 6:20,pm,28.99,high
1101,12/9/21 6:40,pm,28.593,high
1102,12/9/21 7:00,pm,28.891,high
1103,12/9/21 7:20,pm,26.867,high
1104,12/9/21 7:40,pm,27.112,high
1105,12/9/21 8:00,pm,26.965,high
1106,12/9/21 8:20,pm,25.793,high
1107,12/9/21 8:40,pm,25.623,high
1108,12/9/21 9:00,pm,25.744,high
1109,12/9/21 9:20,pm,24.002,high
1110,12/9/21 9:40,pm,24.074,high
1111,12/9/21 10:00,pm,24.098,high
1112,12/9/21 10:20,pm,23.208,high
1113,12/9/21 10:40,pm,23.088,high
1114,12/9/21 11:00,pm,22.753,high
1115,12/9/21 11:20,pm,21.891,high
1116,12/9/21 11:40,pm,21.748,high
1117,12/9/22 12:00,am,21.7,high
1118,12/9/22 12:20,am,20.984,high
1119,12/9/22 12:40,am,20.889,high
1120,12/9/22 1:00,am,20.913,high
1121,12/9/22 1:20,am,20.365,high
1122,12/9/22 1:40,am,20.269,high
1123,12/9/22 2:00,am,20.269,high
1124,12/9/22 2:20,am,20.126,high
1125,12/9/22 2:40,am,20.126,high
1126,12/9/22 3:00,am,20.103,high
1127,12/9/22 3:20,am,19.746,high
1128,12/9/22 3:40,am,19.651,high
1129,12/9/22 4:00,am,19.555,high
1130,12/9/22 4:20,am,20.15,high
1131,12/9/22 4:40,am,20.222,high
1132,12/9/22 5:00,am,20.269,high
1133,12/9/22 5:20,am,20.436,high
1134,12/9/22 5:40,am,20.484,high
1135,12/9/22 6:00,am,21.056,high
1136,12/9/22 6:20,am,22.681,high
1137,12/9/22 6:40,am,22.561,high
1138,12/9/22 7:00,am,22.226,high
1139,12/9/22 7:20,am,22.705,high
1140,12/9/22 7:40,am,22.8,high
1141,12/9/22 8:00,am,22.8,high
1142,12/9/22 8:20,am,24.702,high
1143,12/9/22 8:40,am,24.412,high
1144,12/9/22 9:00,am,24.629,high
1145,12/9/22 9:20,am,26.842,high
1146,12/9/22 9:40,am,26.769,high
1147,12/9/22 10:00,am,26.72,high
1148,12/9/22 10:20,am,29.916,high
1149,12/9/22 10:40,am,29.916,high
1150,12/9/22 11:00,am,29.79,high
1151,12/9/22 11:20,am,32.227,high
1152,12/9/22 11:40,am,32.33,high
1153,12/9/22 12:00,pm,32.278,high
1154,12/9/22 12:20,pm,34.097,high
1155,12/9/22 12:40,pm,33.992,high
1156,12/9/22 1:00,pm,34.097,high
1157,12/9/22 1:20,pm,34.73,high
1158,12/9/22 1:40,pm,34.598,high
1159,12/9/22 2:00,pm,34.651,high
1160,12/9/22 2:20,pm,34.757,high
1161,12/9/22 2:40,pm,34.704,high
1162,12/9/22 3:00,pm,34.783,high
1163,12/9/22 3:20,pm,33.678,high
1164,12/9/22 3:40,pm,33.73,high
1165,12/9/22 4:00,pm,33.6,high
1166,12/9/22 4:20,pm,32.639,high
1167,12/9/22 4:40,pm,32.381,high
1168,12/9/22 5:00,pm,32.433,high
1169,12/9/22 5:20,pm,31.001,high
1170,12/9/22 5:40,pm,30.722,high
1171,12/9/22 6:00,pm,30.748,high
1172,12/9/22 6:20,pm,29.115,high
1173,12/9/22 6:40,pm,28.394,high
1174,12/9/22 7:00,pm,28.841,high
1175,12/9/22 7:20,pm,27.235,high
1176,12/9/22 7:40,pm,27.333,high
1177,12/9/22 8:00,pm,27.136,high
1178,12/9/22 8:20,pm,25.72,high
1179,12/9/22 8:40,pm,25.525,high
1180,12/9/22 9:00,pm,25.501,high
1181,12/9/22 9:20,pm,24.098,high
1182,12/9/22 9:40,pm,24.195,high
1183,12/9/22 10:00,pm,24.074,high
1184,12/9/22 10:20,pm,23.28,high
1185,12/9/22 10:40,pm,23.088,high
1186,12/9/22 11:00,pm,22.896,high
1187,12/9/22 11:20,pm,22.13,high
1188,12/9/22 11:40,pm,22.058,high
1189,12/9/23 12:00,am,21.939,high
1190,12/9/23 12:20,am,21.175,high
1191,12/9/23 12:40,am,21.27,high
1192,12/9/23 1:00,am,21.151,high
1193,12/9/23 1:20,am,20.603,high
1194,12/9/23 1:40,am,20.365,high
1195,12/9/23 2:00,am,20.293,high
1196,12/9/23 2:20,am,20.079,high
1197,12/9/23 2:40,am,20.126,high
1198,12/9/23 3:00,am,20.174,high
1199,12/9/23 3:20,am,19.746,high
1200,12/9/23 3:40,am,19.627,high
1201,12/9/23 4:00,am,19.532,high
1202,12/9/23 4:20,am,20.222,high
1203,12/9/23 4:40,am,20.174,high
1204,12/9/23 5:00,am,20.222,high
1205,12/9/23 5:20,am,20.293,high
1206,12/9/23 5:40,am,20.579,high
1207,12/9/23 6:00,am,21.27,high
1208,12/9/23 6:20,am,22.848,high
1209,12/9/23 6:40,am,22.274,high
1210,12/9/23 7:00,am,22.034,high
1211,12/9/23 7:20,am,22.968,high
1212,12/9/23 7:40,am,23.184,high
1213,12/9/23 8:00,am,23.376,high
1214,12/9/23 8:20,am,25.283,high
1215,12/9/23 8:40,am,24.871,high
1216,12/9/23 9:00,am,24.75,high
1217,12/9/23 9:20,am,26.867,high
1218,12/9/23 9:40,am,26.989,high
1219,12/9/23 10:00,am,26.94,high
1220,12/9/23 10:20,am,29.84,high
1221,12/9/23 10:40,am,30.016,high
1222,12/9/23 11:00,am,29.79,high
1223,12/9/23 11:20,am,32.253,high
1224,12/9/23 11:40,am,32.201,high
1225,12/9/23 12:00,pm,32.355,high
1226,12/9/23 12:20,pm,34.097,high
1227,12/9/23 12:40,pm,34.15,high
1228,12/9/23 1:00,pm,33.548,high
1229,12/9/23 1:20,pm,34.466,high
1230,12/9/23 1:40,pm,34.176,high
1231,12/9/23 2:00,pm,34.36,high
1232,12/9/23 2:20,pm,34.598,high
1233,12/9/23 2:40,pm,34.757,high
1234,12/9/23 3:00,pm,34.81,high
1235,12/9/23 3:20,pm,33.835,high
1236,12/9/23 3:40,pm,33.574,high
1237,12/9/23 4:00,pm,33.652,high
1238,12/9/23 4:20,pm,32.742,high
1239,12/9/23 4:40,pm,32.51,high
1240,12/9/23 5:00,pm,32.33,high
1241,12/9/23 5:20,pm,31.128,high
1242,12/9/23 5:40,pm,31.001,high
1243,12/9/23 6:00,pm,30.697,high
1244,12/9/23 6:20,pm,29.065,high
1245,12/9/23 6:40,pm,28.667,high
1246,12/9/23 7:00,pm,28.345,high
1247,12/9/23 7:20,pm,27.21,high
1248,12/9/23 7:40,pm,26.867,high
1249,12/9/23 8:00,pm,26.989,high
1250,12/9/23 8:20,pm,25.744,high
1251,12/9/23 8:40,pm,26.036,high
1252,12/9/23 9:00,pm,25.307,high
1253,12/9/23 9:20,pm,24.171,high
1254,12/9/23 9:40,pm,24.05,high
1255,12/9/23 10:00,pm,24.026,high
1256,12/9/23 10:20,pm,23.136,high
1257,12/9/23 10:40,pm,22.968,high
1258,12/9/23 11:00,pm,22.944,high
1259,12/9/23 11:20,pm,21.939,high
1260,12/9/23 11:40,pm,21.795,high
1261,12/9/24 12:00,am,21.724,high
1262,12/9/24 12:20,am,20.936,high
1263,12/9/24 12:40,am,20.936,high
1264,12/9/24 1:00,am,20.913,high
1265,12/9/24 1:20,am,20.46,high
1266,12/9/24 1:40,am,20.198,high
1267,12/9/24 2:00,am,20.222,high
1268,12/9/24 2:20,am,20.341,high
1269,12/9/24 2:40,am,20.103,high
1270,12/9/24 3:00,am,20.007,high
1271,12/9/24 3:20,am,19.698,high
1272,12/9/24 3:40,am,19.698,high
1273,12/9/24 4:00,am,19.793,high
1274,12/9/24 4:20,am,20.246,high
1275,12/9/24 4:40,am,20.174,high
1276,12/9/24 5:00,am,20.174,high
1277,12/9/24 5:20,am,20.793,high
1278,12/9/24 5:40,am,21.223,high
1279,12/9/24 6:00,am,20.96,high
1280,12/9/24 6:20,am,22.034,high
1281,12/9/24 6:40,am,21.939,high
1282,12/9/24 7:00,am,21.987,high
1283,12/9/24 7:20,am,23.064,high
1284,12/9/24 7:40,am,23.232,high
1285,12/9/24 8:00,am,23.328,high
1286,12/9/24 8:20,am,25.186,high
1287,12/9/24 8:22,am,Logged,high
1288,12/9/24 8:23,am,Logged,high
1289,12/9/24 8:40,am,24.726,high
1290,12/9/24 9:00,am,24.581,high
1291,12/9/24 9:20,am,26.573,high
1292,12/9/24 9:40,am,26.842,high
1293,12/9/24 10:00,am,26.891,high
1294,12/9/24 10:20,am,29.515,high
1295,12/9/24 10:40,am,29.69,high
1296,12/9/24 11:00,am,29.74,high
1297,12/9/24 11:20,am,31.97,high
1298,12/9/24 11:40,am,32.021,high
1299,12/9/24 12:00,pm,32.15,high
1300,12/9/24 12:20,pm,34.124,high
1301,12/9/24 12:40,pm,34.124,high
1302,12/9/24 1:00,pm,33.887,high
1303,12/9/24 1:20,pm,34.308,high
1304,12/9/24 1:40,pm,34.36,high
1305,12/9/24 2:00,pm,34.44,high
1306,12/9/24 2:20,pm,34.598,high
1307,12/9/24 2:40,pm,34.73,high
1308,12/9/24 3:00,pm,34.73,high
1309,12/9/24 3:20,pm,33.73,high
1310,12/9/24 3:40,pm,33.6,high
1311,12/9/24 4:00,pm,33.417,high
1312,12/9/24 4:20,pm,32.484,high
1313,12/9/24 4:40,pm,32.253,high
1314,12/9/24 5:00,pm,32.253,high
1315,12/9/24 5:20,pm,31.153,high
1316,12/9/24 5:40,pm,30.722,high
1317,12/9/24 6:00,pm,30.849,high
1318,12/9/24 6:20,pm,29.24,high
1319,12/9/24 6:40,pm,28.692,high
1320,12/9/24 7:00,pm,28.642,high
1321,12/9/24 7:20,pm,27.308,high
1322,12/9/24 7:40,pm,26.965,high
1323,12/9/24 8:00,pm,27.284,high
1324,12/9/24 8:20,pm,25.841,high
1325,12/9/24 8:40,pm,25.404,high
1326,12/9/24 9:00,pm,25.55,high
1327,12/9/24 9:20,pm,24.339,high
1328,12/9/24 9:40,pm,24.002,high
1329,12/9/24 10:00,pm,23.809,high
1330,12/9/24 10:20,pm,22.8,high
1331,12/9/24 10:40,pm,22.8,high
1332,12/9/24 11:00,pm,22.896,high
1333,12/9/24 11:20,pm,21.724,high
1334,12/9/24 11:40,pm,21.7,high
1335,12/9/25 12:00,am,21.748,high
1336,12/9/25 12:20,am,20.865,high
1337,12/9/25 12:40,am,20.722,high
1338,12/9/25 1:00,am,20.746,high
1339,12/9/25 1:20,am,20.341,high
1340,12/9/25 1:40,am,20.317,high
1341,12/9/25 2:00,am,20.317,high
1342,12/9/25 2:20,am,20.079,high
1343,12/9/25 2:40,am,19.984,high
1344,12/9/25 3:00,am,19.984,high
1345,12/9/25 3:20,am,19.555,high
1346,12/9/25 3:40,am,19.508,high
1347,12/9/25 4:00,am,19.484,high
1348,12/9/25 4:20,am,20.126,high
1349,12/9/25 4:40,am,20.388,high
1350,12/9/25 5:00,am,20.365,high
1351,12/9/25 5:20,am,20.674,high
1352,12/9/25 5:40,am,20.603,high
1353,12/9/25 6:00,am,20.674,high
1354,12/9/25 6:20,am,21.724,high
1355,12/9/25 6:40,am,21.748,high
1356,12/9/25 7:00,am,21.676,high
1357,12/9/25 7:20,am,22.561,high
1358,12/9/25 7:40,am,22.705,high
1359,12/9/25 8:00,am,22.753,high
1360,12/9/25 8:20,am,24.532,high
1361,12/9/25 8:40,am,24.677,high
1362,12/9/25 9:00,am,24.605,high
1363,12/9/25 9:20,am,26.329,high
1364,12/9/25 9:40,am,26.622,high
1365,12/9/25 10:00,am,26.769,high
1366,12/9/25 10:20,am,29.54,high
1367,12/9/25 10:40,am,29.69,high
1368,12/9/25 11:00,am,29.865,high
1369,12/9/25 11:20,am,32.021,high
1370,12/9/25 11:40,am,32.433,high
1371,12/9/25 12:00,pm,32.433,high
1372,12/9/25 12:20,pm,33.94,high
1373,12/9/25 12:40,pm,33.73,high
1374,12/9/25 1:00,pm,33.704,high
1375,12/9/25 1:20,pm,34.413,high
1376,12/9/25 1:40,pm,34.202,high
1377,12/9/25 2:00,pm,34.202,high
1378,12/9/25 2:20,pm,34.202,high
1379,12/9/25 2:40,pm,34.255,high
1380,12/9/25 3:00,pm,34.281,high
1381,12/9/25 3:20,pm,33.626,high
1382,12/9/25 3:40,pm,33.521,high
1383,12/9/25 4:00,pm,33.626,high
1384,12/9/25 4:20,pm,32.51,high
1385,12/9/25 4:40,pm,32.304,high
1386,12/9/25 5:00,pm,32.201,high
1387,12/9/25 5:20,pm,30.925,high
1388,12/9/25 5:40,pm,30.798,high
1389,12/9/25 6:00,pm,30.621,high
1390,12/9/25 6:20,pm,28.617,high
1391,12/9/25 6:40,pm,28.791,high
1392,12/9/25 7:00,pm,28.468,high
1393,12/9/25 7:20,pm,27.235,high
1394,12/9/25 7:40,pm,27.112,high
1395,12/9/25 8:00,pm,27.161,high
1396,12/9/25 8:20,pm,25.914,high
1397,12/9/25 8:40,pm,25.695,high
1398,12/9/25 9:00,pm,25.671,high
1399,12/9/25 9:20,pm,24.171,high
1400,12/9/25 9:40,pm,24.074,high
1401,12/9/25 10:00,pm,23.641,high
1402,12/9/25 10:20,pm,22.776,high
1403,12/9/25 10:40,pm,22.537,high
1404,12/9/25 11:00,pm,22.417,high
1405,12/9/25 11:20,pm,21.939,high
1406,12/9/25 11:40,pm,21.795,high
1407,12/9/26 12:00,am,21.748,high
1408,12/9/26 12:20,am,21.079,high
1409,12/9/26 12:40,am,21.103,high
1410,12/9/26 1:00,am,20.936,high
1411,12/9/26 1:20,am,20.531,high
1412,12/9/26 1:40,am,20.388,high
1413,12/9/26 2:00,am,20.341,high
1414,12/9/26 2:20,am,20.079,high
1415,12/9/26 2:40,am,20.031,high
1416,12/9/26 3:00,am,19.984,high
1417,12/9/26 3:20,am,19.793,high
1418,12/9/26 3:40,am,19.651,high
1419,12/9/26 4:00,am,19.674,high
1420,12/9/26 4:20,am,19.888,high
1421,12/9/26 4:40,am,19.96,high
1422,12/9/26 5:00,am,20.079,high
1423,12/9/26 5:20,am,20.913,high
1424,12/9/26 5:40,am,20.841,high
1425,12/9/26 6:00,am,20.746,high
1426,12/9/26 6:20,am,21.7,high
1427,12/9/26 6:40,am,21.795,high
1428,12/9/26 7:00,am,21.915,high
1429,12/9/26 7:20,am,22.776,high
1430,12/9/26 7:40,am,22.824,high
1431,12/9/26 8:00,am,23.208,high
1432,12/9/26 8:20,am,24.146,high
1433,12/9/26 8:40,am,24.774,high
1434,12/9/26 9:00,am,24.968,high
1435,12/9/26 9:20,am,26.842,high
1436,12/9/26 9:40,am,26.72,high
1437,12/9/26 10:00,am,26.94,high
1438,12/9/26 10:20,am,29.49,high
1439,12/9/26 10:40,am,29.89,high
1440,12/9/26 11:00,am,29.941,high
1441,12/9/26 11:20,am,31.996,high
1442,12/9/26 11:40,am,32.407,high
1443,12/9/26 12:00,pm,32.355,high
1444,12/9/26 12:20,pm,33.835,high
1445,12/9/26 12:40,pm,33.704,high
1446,12/9/26 1:00,pm,33.783,high
1447,12/9/26 1:20,pm,34.519,high
1448,12/9/26 1:40,pm,34.36,high
1449,12/9/26 2:00,pm,34.334,high
1450,12/9/26 2:20,pm,34.413,high
1451,12/9/26 2:40,pm,34.519,high
1452,12/9/26 3:00,pm,34.624,high
1453,12/9/26 3:20,pm,33.626,high
1454,12/9/26 3:40,pm,33.521,high
1455,12/9/26 4:00,pm,33.365,high
1456,12/9/26 4:20,pm,32.433,high
1457,12/9/26 4:40,pm,32.227,high
1458,12/9/26 5:00,pm,32.175,high
1459,12/9/26 5:20,pm,30.976,high
1460,12/9/26 5:40,pm,30.571,high
1461,12/9/26 6:00,pm,30.697,high
1462,12/9/26 6:20,pm,29.015,high
1463,12/9/26 6:40,pm,28.617,high
1464,12/9/26 7:00,pm,28.742,high
1465,12/9/26 7:20,pm,27.554,high
1466,12/9/26 7:40,pm,26.965,high
1467,12/9/26 8:00,pm,27.063,high
1468,12/9/26 8:20,pm,25.841,high
1469,12/9/26 8:40,pm,25.623,high
1470,12/9/26 9:00,pm,25.574,high
1471,12/9/26 9:07,pm,Logged,high
1472,12/9/26 9:08,pm,Logged,high
1473,12/9/26 9:08,pm,Logged,high
1474,12/9/26 9:08,pm,Logged,high
1475,12/9/26 9:08,pm,Logged,high
1476,12/9/26 9:09,pm,Logged,high
1477,12/9/26 9:20,pm,25.113,high
1478,12/9/26 9:40,pm,24.098,high
1479,12/9/26 10:00,pm,23.761,high
1480,12/9/26 10:20,pm,22.896,high
1481,12/9/26 10:40,pm,22.657,high
1482,12/9/26 11:00,pm,22.872,high
1483,12/9/26 11:20,pm,21.963,high
1484,12/9/26 11:40,pm,21.939,high
1485,12/9/27 12:00,am,21.987,high
1486,12/9/27 12:20,am,21.199,high
1487,12/9/27 12:40,am,20.936,high
1488,12/9/27 1:00,am,20.865,high
1489,12/9/27 1:20,am,20.579,high
1490,12/9/27 1:40,am,20.365,high
1491,12/9/27 2:00,am,20.317,high
1492,12/9/27 2:20,am,19.841,high
1493,12/9/27 2:40,am,19.984,high
1494,12/9/27 3:00,am,20.198,high
1495,12/9/27 3:20,am,19.532,high
1496,12/9/27 3:40,am,19.674,high
1497,12/9/27 4:00,am,19.888,high
1498,12/9/27 4:20,am,19.984,high
1499,12/9/27 4:40,am,20.174,high
1500,12/9/27 5:00,am,20.365,high
1501,12/9/27 5:20,am,20.722,high
1502,12/9/27 5:40,am,20.984,high
1503,12/9/27 6:00,am,20.841,high
1504,12/9/27 6:20,am,22.034,high
1505,12/9/27 6:40,am,22.082,high
1506,12/9/27 7:00,am,21.987,high
1507,12/9/27 7:20,am,22.8,high
1508,12/9/27 7:40,am,22.92,high
1509,12/9/27 8:00,am,22.968,high
1510,12/9/27 8:20,am,24.774,high
1511,12/9/27 8:40,am,24.75,high
1512,12/9/27 9:00,am,24.702,high
1513,12/9/27 9:20,am,26.695,high
1514,12/9/27 9:40,am,26.695,high
1515,12/9/27 10:00,am,26.72,high
1516,12/9/27 10:20,am,29.74,high
1517,12/9/27 10:40,am,30.066,high
1518,12/9/27 11:00,am,30.041,high
1519,12/9/27 11:20,am,32.304,high
1520,12/9/27 11:40,am,32.484,high
1521,12/9/27 12:00,pm,32.717,high
1522,12/9/27 12:20,pm,34.124,high
1523,12/9/27 12:40,pm,34.202,high
1524,12/9/27 1:00,pm,33.887,high
1525,12/9/27 1:20,pm,34.704,high
1526,12/9/27 1:40,pm,35.049,high
1527,12/9/27 2:00,pm,34.81,high
1528,12/9/27 2:20,pm,34.81,high
1529,12/9/27 2:40,pm,34.81,high
1530,12/9/27 3:00,pm,34.783,high
1531,12/9/27 3:20,pm,33.757,high
1532,12/9/27 3:40,pm,33.678,high
1533,12/9/27 4:00,pm,33.626,high
1534,12/9/27 4:20,pm,32.562,high
1535,12/9/27 4:40,pm,32.381,high
1536,12/9/27 5:00,pm,32.51,high
1537,12/9/27 5:20,pm,31.204,high
1538,12/9/27 5:40,pm,30.748,high
1539,12/9/27 6:00,pm,30.722,high
1540,12/9/27 6:20,pm,29.14,high
1541,12/9/27 6:40,pm,28.841,high
1542,12/9/27 7:00,pm,28.717,high
1543,12/9/27 7:20,pm,27.382,high
1544,12/9/27 7:40,pm,27.161,high
1545,12/9/27 8:00,pm,27.063,high
1546,12/9/27 8:20,pm,25.671,high
1547,12/9/27 8:40,pm,25.574,high
1548,12/9/27 9:00,pm,25.574,high
1549,12/9/27 9:20,pm,24.436,high
1550,12/9/27 9:40,pm,24.05,high
1551,12/9/27 10:00,pm,23.857,high
1552,12/9/27 10:20,pm,22.944,high
1553,12/9/27 10:40,pm,22.848,high
1554,12/9/27 11:00,pm,22.872,high
1555,12/9/27 11:20,pm,21.867,high
1556,12/9/27 11:40,pm,21.7,high
1557,12/9/28 12:00,am,22.321,high
1558,12/9/28 12:20,am,20.913,high
1559,12/9/28 12:40,am,20.603,high
1560,12/9/28 1:00,am,20.746,high
1561,12/9/28 1:20,am,20.65,high
1562,12/9/28 1:40,am,20.126,high
1563,12/9/28 2:00,am,21.175,high
1564,12/9/28 2:20,am,20.507,high
1565,12/9/28 2:40,am,19.984,high
1566,12/9/28 3:00,am,20.079,high
1567,12/9/28 3:20,am,19.984,high
1568,12/9/28 3:40,am,19.96,high
1569,12/9/28 4:00,am,19.841,high
1570,12/9/28 4:20,am,20.317,high
1571,12/9/28 4:40,am,20.531,high
1572,12/9/28 5:00,am,20.341,high
1573,12/9/28 5:20,am,20.746,high
1574,12/9/28 5:40,am,20.865,high
1575,12/9/28 6:00,am,20.865,high
1576,12/9/28 6:20,am,22.011,high
1577,12/9/28 6:40,am,21.987,high
1578,12/9/28 7:00,am,22.178,high
1579,12/9/28 7:20,am,23.064,high
1580,12/9/28 7:40,am,23.352,high
1581,12/9/28 8:00,am,23.256,high
1582,12/9/28 8:20,am,24.774,high
1583,12/9/28 8:40,am,24.726,high
1584,12/9/28 9:00,am,24.823,high
1585,12/9/28 9:20,am,26.549,high
1586,12/9/28 9:40,am,26.671,high
1587,12/9/28 10:00,am,26.818,high
1588,12/9/28 10:20,am,29.615,high
1589,12/9/28 10:40,am,29.715,high
1590,12/9/28 11:00,am,29.84,high
1591,12/9/28 11:12,am,Logged,high
1592,12/9/28 11:13,am,Logged,high
1593,12/9/28 11:20,am,31.612,high
1594,12/9/28 11:40,am,31.868,high
1595,12/9/28 12:00,pm,31.97,high
1596,12/9/28 12:20,pm,33.992,high
1597,12/9/28 12:40,pm,34.124,high
1598,12/9/28 1:00,pm,34.413,high
1599,12/9/28 1:20,pm,34.519,high
1600,12/9/28 1:40,pm,34.677,high
1601,12/9/28 2:00,pm,34.942,high
1602,12/9/28 2:20,pm,34.281,high
1603,12/9/28 2:40,pm,34.783,high
1604,12/9/28 3:00,pm,34.229,high
1605,12/9/28 3:20,pm,33.73,high
1606,12/9/28 3:40,pm,33.704,high
1607,12/9/28 4:00,pm,33.704,high
1608,12/9/28 4:20,pm,32.691,high
1609,12/9/28 4:40,pm,32.484,high
1610,12/9/28 5:00,pm,32.433,high
1611,12/9/28 5:20,pm,31.103,high
1612,12/9/28 5:40,pm,30.748,high
1613,12/9/28 6:00,pm,30.773,high
1614,12/9/28 6:20,pm,29.19,high
1615,12/9/28 6:40,pm,28.742,high
1616,12/9/28 7:00,pm,28.642,high
1617,12/9/28 7:20,pm,27.382,high
1618,12/9/28 7:40,pm,27.358,high
1619,12/9/28 8:00,pm,27.186,high
1620,12/9/28 8:20,pm,25.841,high
1621,12/9/28 8:40,pm,25.55,high
1622,12/9/28 9:00,pm,25.598,high
1623,12/9/28 9:20,pm,24.315,high
1624,12/9/28 9:40,pm,24.171,high
1625,12/9/28 10:00,pm,24.026,high
1626,12/9/28 10:20,pm,23.064,high
1627,12/9/28 10:40,pm,23.016,high
1628,12/9/28 11:00,pm,23.088,high
1629,12/9/28 11:20,pm,21.891,high
1630,12/9/28 11:40,pm,21.843,high
1631,12/9/29 12:00,am,21.819,high
1632,12/9/29 12:20,am,20.913,high
1633,12/9/29 12:40,am,20.96,high
1634,12/9/29 1:00,am,20.913,high
1635,12/9/29 1:20,am,20.365,high
1636,12/9/29 1:40,am,20.269,high
1637,12/9/29 2:00,am,20.269,high
1638,12/9/29 2:20,am,20.007,high
1639,12/9/29 2:40,am,19.984,high
1640,12/9/29 3:00,am,19.936,high
1641,12/9/29 3:20,am,19.674,high
1642,12/9/29 3:40,am,19.674,high
1643,12/9/29 4:00,am,19.651,high
1644,12/9/29 4:20,am,20.126,high
1645,12/9/29 4:40,am,20.126,high
1646,12/9/29 5:00,am,20.15,high
1647,12/9/29 5:20,am,20.46,high
1648,12/9/29 5:40,am,20.46,high
1649,12/9/29 6:00,am,20.555,high
1650,12/9/29 6:20,am,21.724,high
1651,12/9/29 6:40,am,21.748,high
1652,12/9/29 7:00,am,21.795,high
1653,12/9/29 7:20,am,23.04,high
1654,12/9/29 7:40,am,22.944,high
1655,12/9/29 8:00,am,22.992,high
1656,12/9/29 8:20,am,24.557,high
1657,12/9/29 8:40,am,24.774,high
1658,12/9/29 9:00,am,24.629,high
1659,12/9/29 9:20,am,26.451,high
1660,12/9/29 9:40,am,26.72,high
1661,12/9/29 10:00,am,26.549,high
1662,12/9/29 10:20,am,29.54,high
1663,12/9/29 10:40,am,29.615,high
1664,12/9/29 11:00,am,29.84,high
1665,12/9/29 11:20,am,32.021,high
1666,12/9/29 11:40,am,31.893,high
1667,12/9/29 12:00,pm,31.944,high
1668,12/9/29 12:20,pm,33.783,high
1669,12/9/29 12:40,pm,34.019,high
1670,12/9/29 1:00,pm,33.94,high
1671,12/9/29 1:20,pm,34.387,high
1672,12/9/29 1:40,pm,34.624,high
1673,12/9/29 2:00,pm,34.045,high
1674,12/9/29 2:20,pm,34.308,high
1675,12/9/29 2:40,pm,33.992,high
1676,12/9/29 3:00,pm,34.519,high
1677,12/9/29 3:20,pm,33.757,high
1678,12/9/29 3:40,pm,33.678,high
1679,12/9/29 4:00,pm,33.574,high
1680,12/9/29 4:20,pm,32.51,high
1681,12/9/29 4:40,pm,32.124,high
1682,12/9/29 5:00,pm,32.098,high
1683,12/9/29 5:20,pm,31.077,high
1684,12/9/29 5:40,pm,30.697,high
1685,12/9/29 6:00,pm,30.495,high
1686,12/9/29 6:20,pm,28.916,high
1687,12/9/29 6:40,pm,28.593,high
1688,12/9/29 7:00,pm,28.543,high
1689,12/9/29 7:20,pm,27.308,high
1690,12/9/29 7:40,pm,27.112,high
1691,12/9/29 8:00,pm,27.063,high
1692,12/9/29 8:20,pm,25.744,high
1693,12/9/29 8:40,pm,25.574,high
1694,12/9/29 9:00,pm,25.55,high
1695,12/9/29 9:20,pm,24.484,high
1696,12/9/29 9:40,pm,24.05,high
1697,12/9/29 10:00,pm,23.93,high
1698,12/9/29 10:20,pm,22.992,high
1699,12/9/29 10:40,pm,22.776,high
1700,12/9/29 11:00,pm,22.872,high
1701,12/9/29 11:20,pm,21.915,high
1702,12/9/29 11:40,pm,21.724,high
1703,12/9/30 12:00,am,21.748,high
1704,12/9/30 12:20,am,20.936,high
1705,12/9/30 12:40,am,20.793,high
1706,12/9/30 1:00,am,20.793,high
1707,12/9/30 1:20,am,20.555,high
1708,12/9/30 1:40,am,20.365,high
1709,12/9/30 2:00,am,20.365,high
1710,12/9/30 2:20,am,20.222,high
1711,12/9/30 2:40,am,20.222,high
1712,12/9/30 3:00,am,20.222,high
1713,12/9/30 3:20,am,19.912,high
1714,12/9/30 3:40,am,19.841,high
1715,12/9/30 4:00,am,19.841,high
1716,12/9/30 4:20,am,20.246,high
1717,12/9/30 4:40,am,20.293,high
1718,12/9/30 5:00,am,20.317,high
1719,12/9/30 5:20,am,20.698,high
1720,12/9/30 5:40,am,20.793,high
1721,12/9/30 6:00,am,20.698,high
1722,12/9/30 6:20,am,21.939,high
1723,12/9/30 6:40,am,22.082,high
1724,12/9/30 7:00,am,22.202,high
1725,12/9/30 7:20,am,23.04,high
1726,12/9/30 7:40,am,23.232,high
1727,12/9/30 8:00,am,23.28,high
1728,12/9/30 8:20,am,24.653,high
1729,12/9/30 8:40,am,24.871,high
1730,12/9/30 9:00,am,24.871,high
1731,12/9/30 9:20,am,26.573,high
1732,12/9/30 9:40,am,26.622,high
1733,12/9/30 10:00,am,26.646,high
1734,12/9/30 10:20,am,29.54,high
1735,12/9/30 10:40,am,29.54,high
1736,12/9/30 11:00,am,29.565,high
1737,12/9/30 11:20,am,31.944,high
1738,12/9/30 11:40,am,32.278,high
1739,12/9/30 12:00,pm,32.355,high
1740,12/9/30 12:20,pm,33.94,high
1741,12/9/30 12:40,pm,33.783,high
1742,12/9/30 1:00,pm,33.809,high
1743,12/9/30 1:20,pm,33.887,high
1744,12/9/30 1:40,pm,33.992,high
1745,12/9/30 2:00,pm,34.124,high
1746,12/9/30 2:20,pm,34.281,high
1747,12/9/30 2:40,pm,34.387,high
1748,12/9/30 3:00,pm,34.466,high
1749,12/9/30 3:20,pm,33.704,high
1750,12/9/30 3:40,pm,33.574,high
1751,12/9/30 4:00,pm,33.443,high
1752,12/9/30 4:20,pm,32.253,high
1753,12/9/30 4:40,pm,32.15,high
1754,12/9/30 5:00,pm,32.124,high
1755,12/9/30 5:20,pm,31.026,high
1756,12/9/30 5:40,pm,30.495,high
1757,12/9/30 6:00,pm,30.495,high
1758,12/9/30 6:20,pm,28.891,high
1759,12/9/30 6:40,pm,28.593,high
1760,12/9/30 7:00,pm,28.543,high
1761,12/9/30 7:20,pm,27.308,high
1762,12/9/30 7:40,pm,27.112,high
1763,12/9/30 8:00,pm,27.087,high
1764,12/9/30 8:20,pm,25.598,high
1765,12/9/30 8:40,pm,25.428,high
1766,12/9/30 9:00,pm,25.453,high
1767,12/9/30 9:20,pm,24.219,high
1768,12/9/30 9:40,pm,23.954,high
1769,12/9/30 10:00,pm,24.002,high
1770,12/9/30 10:20,pm,23.04,high
1771,12/9/30 10:40,pm,22.8,high
1772,12/9/30 11:00,pm,22.944,high
1773,12/9/30 11:20,pm,22.13,high
1774,12/9/30 11:40,pm,22.154,high
1775,12/10/01 12:00,am,21.939,high
1776,12/10/01 12:20,am,21.079,high
1777,12/10/01 12:40,am,20.698,high
1778,12/10/01 1:00,am,20.984,high
1779,12/10/01 1:20,am,20.365,high
1780,12/10/01 1:40,am,20.412,high
1781,12/10/01 2:00,am,20.365,high
1782,12/10/01 2:20,am,20.484,high
1783,12/10/01 2:40,am,20.031,high
1784,12/10/01 3:00,am,19.984,high
1785,12/10/01 3:20,am,19.651,high
1786,12/10/01 3:40,am,19.627,high
1787,12/10/01 4:00,am,19.627,high
1788,12/10/01 4:20,am,20.269,high
1789,12/10/01 4:40,am,20.555,high
1790,12/10/01 5:00,am,20.484,high
1791,12/10/01 5:20,am,20.865,high
1792,12/10/01 5:40,am,20.936,high
1793,12/10/01 6:00,am,20.889,high
1794,12/10/01 6:20,am,22.058,high
1795,12/10/01 6:40,am,22.082,high
1796,12/10/01 7:00,am,22.13,high
1797,12/10/01 7:20,am,23.04,high
1798,12/10/01 7:40,am,23.112,high
1799,12/10/01 8:00,am,23.184,high
1800,12/10/01 8:20,am,24.677,high
1801,12/10/01 8:40,am,24.871,high
1802,12/10/01 9:00,am,24.919,high
1803,12/10/01 9:20,am,26.549,high
1804,12/10/01 9:40,am,26.646,high
1805,12/10/01 10:00,am,26.646,high
1806,12/10/01 10:20,am,29.64,high
1807,12/10/01 10:40,am,29.64,high
1808,12/10/01 11:00,am,29.69,high
1809,12/10/01 11:20,am,32.175,high
1810,12/10/01 11:40,am,32.433,high
1811,12/10/01 12:00,pm,32.407,high
1812,12/10/01 12:20,pm,33.861,high
1813,12/10/01 12:40,pm,33.783,high
1814,12/10/01 1:00,pm,33.914,high
1815,12/10/01 1:20,pm,34.045,high
1816,12/10/01 1:40,pm,34.097,high
1817,12/10/01 2:00,pm,34.202,high
1818,12/10/01 2:20,pm,34.308,high
1819,12/10/01 2:40,pm,34.36,high
1820,12/10/01 3:00,pm,34.413,high
1821,12/10/01 3:20,pm,33.704,high
1822,12/10/01 3:40,pm,33.417,high
1823,12/10/01 4:00,pm,33.469,high
1824,12/10/01 4:20,pm,32.587,high
1825,12/10/01 4:40,pm,32.381,high
1826,12/10/01 5:00,pm,32.278,high
1827,12/10/01 5:20,pm,31.001,high
1828,12/10/01 5:40,pm,30.697,high
1829,12/10/01 6:00,pm,30.444,high
1830,12/10/01 6:20,pm,28.916,high
1831,12/10/01 6:40,pm,28.617,high
1832,12/10/01 7:00,pm,28.692,high
1833,12/10/01 7:20,pm,27.456,high
1834,12/10/01 7:40,pm,27.136,high
1835,12/10/01 8:00,pm,27.014,high
1836,12/10/01 8:20,pm,25.987,high
1837,12/10/01 8:40,pm,25.768,high
1838,12/10/01 9:00,pm,25.647,high
1839,12/10/01 9:20,pm,24.267,high
1840,12/10/01 9:40,pm,24.026,high
1841,12/10/01 10:00,pm,23.93,high
1842,12/10/01 10:20,pm,23.04,high
1843,12/10/01 10:40,pm,23.136,high
1844,12/10/01 11:00,pm,22.705,high
1845,12/10/01 11:20,pm,22.13,high
1846,12/10/01 11:40,pm,22.058,high
1847,12/10/02 12:00,am,21.963,high
1848,12/10/02 12:20,am,20.936,high
1849,12/10/02 12:40,am,20.841,high
1850,12/10/02 1:00,am,20.793,high
1851,12/10/02 1:20,am,20.674,high
1852,12/10/02 1:40,am,20.317,high
1853,12/10/02 2:00,am,20.365,high
1854,12/10/02 2:20,am,20.198,high
1855,12/10/02 2:40,am,20.103,high
1856,12/10/02 3:00,am,19.96,high
1857,12/10/02 3:20,am,19.912,high
1858,12/10/02 3:40,am,19.698,high
1859,12/10/02 4:00,am,19.817,high
1860,12/10/02 4:20,am,20.388,high
1861,12/10/02 4:40,am,20.246,high
1862,12/10/02 5:00,am,20.46,high
1863,12/10/02 5:20,am,20.96,high
1864,12/10/02 5:40,am,20.984,high
1865,12/10/02 6:00,am,20.913,high
1866,12/10/02 6:20,am,22.034,high
1867,12/10/02 6:40,am,22.154,high
1868,12/10/02 7:00,am,22.226,high
1869,12/10/02 7:20,am,23.04,high
1870,12/10/02 7:40,am,23.16,high
1871,12/10/02 8:00,am,23.16,high
1872,12/10/02 8:20,am,24.629,high
1873,12/10/02 8:40,am,24.823,high
1874,12/10/02 9:00,am,24.847,high
1875,12/10/02 9:20,am,26.598,high
1876,12/10/02 9:40,am,26.646,high
1877,12/10/02 10:00,am,26.671,high
1878,12/10/02 10:20,am,29.54,high
1879,12/10/02 10:40,am,29.565,high
1880,12/10/02 11:00,am,29.74,high
1881,12/10/02 11:20,am,31.868,high
1882,12/10/02 11:26,am,Logged,high
1883,12/10/02 11:26,am,Logged,high
1884,12/10/02 11:27,am,Logged,high
1885,12/10/02 11:40,am,32.124,high
1886,12/10/02 12:00,pm,32.433,high
1887,12/10/02 12:20,pm,34.045,high
1888,12/10/02 12:40,pm,33.966,high
1889,12/10/02 1:00,pm,34.097,high
1890,12/10/02 1:20,pm,34.281,high
1891,12/10/02 1:40,pm,34.466,high
1892,12/10/02 2:00,pm,34.651,high
1893,12/10/02 2:20,pm,34.81,high
1894,12/10/02 2:40,pm,34.889,high
1895,12/10/02 3:00,pm,34.969,high
1896,12/10/02 3:20,pm,33.914,high
1897,12/10/02 3:40,pm,33.626,high
1898,12/10/02 4:00,pm,33.417,high
1899,12/10/02 4:20,pm,32.536,high
1900,12/10/02 4:40,pm,32.253,high
1901,12/10/02 5:00,pm,32.227,high
1902,12/10/02 5:20,pm,30.95,high
1903,12/10/02 5:40,pm,30.596,high
1904,12/10/02 6:00,pm,30.52,high
1905,12/10/02 6:20,pm,28.866,high
1906,12/10/02 6:40,pm,28.518,high
1907,12/10/02 7:00,pm,28.518,high
1908,12/10/02 7:20,pm,27.308,high
1909,12/10/02 7:40,pm,27.308,high
1910,12/10/02 8:00,pm,27.136,high
1911,12/10/02 8:20,pm,25.72,high
1912,12/10/02 8:40,pm,25.574,high
1913,12/10/02 9:00,pm,25.331,high
1914,12/10/02 9:20,pm,24.122,high
1915,12/10/02 9:40,pm,23.785,high
1916,12/10/02 10:00,pm,23.954,high
1917,12/10/02 10:20,pm,22.944,high
1918,12/10/02 10:40,pm,22.824,high
1919,12/10/02 11:00,pm,22.848,high
1920,12/10/02 11:20,pm,21.891,high
1921,12/10/02 11:40,pm,22.034,high
1922,12/10/03 12:00,am,21.748,high
1923,12/10/03 12:20,am,20.96,high
1924,12/10/03 12:40,am,20.698,high
1925,12/10/03 1:00,am,20.603,high
1926,12/10/03 1:20,am,20.436,high
1927,12/10/03 1:40,am,20.531,high
1928,12/10/03 2:00,am,20.65,high
1929,12/10/03 2:20,am,20.079,high
1930,12/10/03 2:40,am,19.936,high
1931,12/10/03 3:00,am,19.912,high
1932,12/10/03 3:20,am,19.77,high
1933,12/10/03 3:40,am,19.532,high
1934,12/10/03 4:00,am,19.698,high
1935,12/10/03 4:20,am,20.293,high
1936,12/10/03 4:40,am,20.388,high
1937,12/10/03 5:00,am,20.15,high
1938,12/10/03 5:20,am,20.531,high
1939,12/10/03 5:40,am,20.674,high
1940,12/10/03 6:00,am,20.65,high
1941,12/10/03 6:20,am,21.772,high
1942,12/10/03 6:40,am,22.011,high
1943,12/10/03 7:00,am,22.106,high
1944,12/10/03 7:20,am,23.088,high
1945,12/10/03 7:40,am,23.232,high
1946,12/10/03 8:00,am,23.28,high
1947,12/10/03 8:20,am,24.557,high
1948,12/10/03 8:40,am,24.677,high
1949,12/10/03 9:00,am,24.798,high
1950,12/10/03 9:20,am,26.451,high
1951,12/10/03 9:40,am,26.598,high
1952,12/10/03 10:00,am,26.598,high
1953,12/10/03 10:20,am,29.414,high
1954,12/10/03 10:40,am,29.59,high
1955,12/10/03 11:00,am,29.615,high
1956,12/10/03 11:20,am,31.868,high
1957,12/10/03 11:40,am,32.098,high
1958,12/10/03 12:00,pm,32.227,high
1959,12/10/03 12:20,pm,33.757,high
1960,12/10/03 12:40,pm,33.678,high
1961,12/10/03 1:00,pm,33.757,high
1962,12/10/03 1:20,pm,34.704,high
1963,12/10/03 1:40,pm,34.519,high
1964,12/10/03 2:00,pm,34.519,high
1965,12/10/03 2:20,pm,34.651,high
1966,12/10/03 2:40,pm,34.757,high
1967,12/10/03 3:00,pm,34.836,high
1968,12/10/03 3:20,pm,33.757,high
1969,12/10/03 3:40,pm,33.521,high
1970,12/10/03 4:00,pm,33.417,high
1971,12/10/03 4:20,pm,32.355,high
1972,12/10/03 4:40,pm,32.124,high
1973,12/10/03 5:00,pm,32.098,high
1974,12/10/03 5:20,pm,31.077,high
1975,12/10/03 5:40,pm,30.646,high
1976,12/10/03 6:00,pm,30.52,high
1977,12/10/03 6:20,pm,29.04,high
1978,12/10/03 6:40,pm,28.717,high
1979,12/10/03 7:00,pm,28.593,high
1980,12/10/03 7:20,pm,27.308,high
1981,12/10/03 7:40,pm,27.186,high
1982,12/10/03 8:00,pm,27.21,high
1983,12/10/03 8:20,pm,25.939,high
1984,12/10/03 8:40,pm,25.793,high
1985,12/10/03 9:00,pm,25.744,high
1986,12/10/03 9:20,pm,24.436,high
1987,12/10/03 9:40,pm,24.267,high
1988,12/10/03 10:00,pm,24.026,high
1989,12/10/03 10:20,pm,23.184,high
1990,12/10/03 10:40,pm,23.136,high
1991,12/10/03 11:00,pm,23.064,high
1992,12/10/03 11:20,pm,22.154,high
1993,12/10/03 11:40,pm,22.011,high
1,12/9/07 12:00,am,19.246,normal
2,12/9/07 12:20,am,17.249,normal
3,12/9/07 12:40,am,16.892,normal
4,12/9/07 1:00,am,17.201,normal
5,12/9/07 1:20,am,15.318,normal
6,12/9/07 1:40,am,15.079,normal
7,12/9/07 2:00,am,15.724,normal
8,12/9/07 2:20,am,13.738,normal
9,12/9/07 2:40,am,13.954,normal
10,12/9/07 3:00,am,13.69,normal
11,12/9/07 3:20,am,12.823,normal
12,12/9/07 3:40,am,12.823,normal
13,12/9/07 4:00,am,12.534,normal
14,12/9/07 4:20,am,12.896,normal
15,12/9/07 4:40,am,13.786,normal
16,12/9/07 5:00,am,12.992,normal
17,12/9/07 5:20,am,14.96,normal
18,12/9/07 5:40,am,14.792,normal
19,12/9/07 6:00,am,14.505,normal
20,12/9/07 6:20,am,16.677,normal
21,12/9/07 6:40,am,16.32,normal
22,12/9/07 7:00,am,16.177,normal
23,12/9/07 7:20,am,18.461,normal
24,12/9/07 7:40,am,18.105,normal
25,12/9/07 8:00,am,18.081,normal
26,12/9/07 8:20,am,20.126,normal
27,12/9/07 8:40,am,20.674,normal
28,12/9/07 9:00,am,20.674,normal
29,12/9/07 9:20,am,22.872,normal
30,12/9/07 9:40,am,22.489,normal
31,12/9/07 10:00,am,22.465,normal
32,12/9/07 10:20,am,24.388,normal
35,12/9/07 10:40,am,24.629,normal
36,12/9/07 11:00,am,24.677,normal
37,12/9/07 11:20,am,25.841,normal
38,12/9/07 11:40,am,26.036,normal
39,12/9/07 12:00,pm,26.231,normal
40,12/9/07 12:20,pm,27.038,normal
41,12/9/07 12:40,pm,27.063,normal
42,12/9/07 1:00,pm,27.21,normal
43,12/9/07 1:20,pm,26.769,normal
44,12/9/07 1:40,pm,27.358,normal
45,12/9/07 2:00,pm,27.505,normal
46,12/9/07 2:20,pm,28.766,normal
47,12/9/07 2:40,pm,27.974,normal
48,12/9/07 3:00,pm,28.345,normal
49,12/9/07 3:20,pm,28.493,normal
50,12/9/07 3:40,pm,27.949,normal
51,12/9/07 4:00,pm,28.593,normal
52,12/9/07 4:20,pm,27.186,normal
53,12/9/07 4:40,pm,26.989,normal
54,12/9/07 5:00,pm,27.014,normal
55,12/9/07 5:20,pm,26.72,normal
56,12/9/07 5:40,pm,27.186,normal
57,12/9/07 6:00,pm,26.867,normal
58,12/9/07 6:20,pm,26.451,normal
59,12/9/07 6:40,pm,26.207,normal
60,12/9/07 7:00,pm,26.402,normal
61,12/9/07 7:20,pm,25.355,normal
62,12/9/07 7:40,pm,25.162,normal
63,12/9/07 8:00,pm,25.331,normal
64,12/9/07 8:20,pm,24.436,normal
65,12/9/07 8:40,pm,24.05,normal
66,12/9/07 9:00,pm,24.436,normal
67,12/9/07 9:20,pm,23.016,normal
68,12/9/07 9:40,pm,22.896,normal
69,12/9/07 10:00,pm,22.705,normal
70,12/9/07 10:20,pm,20.984,normal
71,12/9/07 10:40,pm,20.865,normal
72,12/9/07 11:00,pm,20.698,normal
73,12/9/07 11:20,pm,19.651,normal
74,12/9/07 11:40,pm,19.032,normal
75,12/9/08 12:00,am,18.937,normal
76,12/9/08 12:20,am,17.463,normal
77,12/9/08 12:40,am,17.249,normal
78,12/9/08 1:00,am,17.249,normal
79,12/9/08 1:20,am,15.223,normal
80,12/9/08 1:40,am,15.055,normal
81,12/9/08 2:00,am,15.461,normal
82,12/9/08 2:20,am,13.666,normal
83,12/9/08 2:40,am,14.026,normal
84,12/9/08 3:00,am,13.69,normal
85,12/9/08 3:20,am,12.823,normal
86,12/9/08 3:40,am,13.137,normal
87,12/9/08 4:00,am,12.534,normal
88,12/9/08 4:20,am,13.425,normal
89,12/9/08 4:40,am,13.161,normal
90,12/9/08 5:00,am,12.871,normal
91,12/9/08 5:20,am,14.721,normal
92,12/9/08 5:40,am,14.505,normal
93,12/9/08 6:00,am,14.505,normal
94,12/9/08 6:20,am,16.296,normal
95,12/9/08 6:40,am,16.129,normal
96,12/9/08 7:00,am,15.891,normal
97,12/9/08 7:20,am,18.913,normal
98,12/9/08 7:40,am,18.366,normal
99,12/9/08 8:00,am,18.343,normal
100,12/9/08 8:20,am,20.793,normal
101,12/9/08 8:40,am,20.222,normal
102,12/9/08 9:00,am,20.079,normal
103,12/9/08 9:20,am,22.633,normal
104,12/9/08 9:40,am,22.561,normal
105,12/9/08 10:00,am,22.274,normal
106,12/9/08 10:20,am,23.93,normal
107,12/9/08 10:40,am,24.05,normal
108,12/9/08 11:00,am,24.291,normal
109,12/9/08 11:20,am,25.866,normal
110,12/9/08 11:40,am,25.793,normal
111,12/9/08 12:00,pm,25.89,normal
112,12/9/08 12:20,pm,26.769,normal
113,12/9/08 12:40,pm,27.063,normal
114,12/9/08 1:00,pm,26.695,normal
115,12/9/08 1:20,pm,27.21,normal
116,12/9/08 1:40,pm,26.72,normal
117,12/9/08 2:00,pm,26.402,normal
118,12/9/08 2:20,pm,27.899,normal
119,12/9/08 2:40,pm,27.825,normal
120,12/9/08 3:00,pm,28.493,normal
121,12/9/08 3:20,pm,27.875,normal
122,12/9/08 3:40,pm,28.023,normal
123,12/9/08 4:00,pm,28.543,normal
124,12/9/08 4:20,pm,26.891,normal
125,12/9/08 4:40,pm,27.186,normal
126,12/9/08 5:00,pm,27.136,normal
127,12/9/08 5:20,pm,26.5,normal
128,12/9/08 5:40,pm,27.505,normal
129,12/9/08 6:00,pm,27.014,normal
130,12/9/08 6:20,pm,26.28,normal
131,12/9/08 6:40,pm,26.231,normal
132,12/9/08 7:00,pm,26.304,normal
133,12/9/08 7:20,pm,25.671,normal
134,12/9/08 7:40,pm,25.355,normal
135,12/9/08 8:00,pm,25.21,normal
136,12/9/08 8:20,pm,24.388,normal
137,12/9/08 8:40,pm,24.122,normal
138,12/9/08 9:00,pm,24.267,normal
139,12/9/08 9:20,pm,23.136,normal
140,12/9/08 9:40,pm,22.992,normal
141,12/9/08 10:00,pm,22.92,normal
142,12/9/08 10:20,pm,21.223,normal
143,12/9/08 10:40,pm,20.603,normal
144,12/9/08 11:00,pm,20.698,normal
145,12/9/08 11:20,pm,19.318,normal
146,12/9/08 11:40,pm,18.842,normal
147,12/9/09 12:00,am,19.032,normal
148,12/9/09 12:20,am,17.201,normal
149,12/9/09 12:40,am,17.415,normal
150,12/9/09 1:00,am,16.963,normal
151,12/9/09 1:20,am,15.366,normal
152,12/9/09 1:40,am,15.581,normal
153,12/9/09 2:00,am,15.055,normal
154,12/9/09 2:20,am,13.618,normal
155,12/9/09 2:40,am,14.242,normal
156,12/9/09 3:00,am,13.546,normal
157,12/9/09 3:20,am,13.425,normal
158,12/9/09 3:40,am,12.751,normal
159,12/9/09 4:00,am,12.582,normal
160,12/9/09 4:20,am,13.064,normal
161,12/9/09 4:40,am,13.161,normal
162,12/9/09 5:00,am,12.775,normal
163,12/9/09 5:20,am,14.553,normal
164,12/9/09 5:40,am,14.361,normal
165,12/9/09 6:00,am,14.433,normal
166,12/9/09 6:20,am,16.225,normal
167,12/9/09 6:40,am,16.153,normal
168,12/9/09 7:00,am,16.082,normal
169,12/9/09 7:20,am,18.699,normal
170,12/9/09 7:40,am,18.295,normal
171,12/9/09 8:00,am,18.961,normal
172,12/9/09 8:20,am,20.317,normal
173,12/9/09 8:40,am,20.031,normal
174,12/9/09 9:00,am,19.984,normal
175,12/9/09 9:20,am,22.561,normal
176,12/9/09 9:40,am,22.633,normal
177,12/9/09 10:00,am,22.321,normal
178,12/9/09 10:20,am,24.219,normal
179,12/9/09 10:40,am,24.122,normal
180,12/9/09 11:00,am,24.195,normal
181,12/9/09 11:20,am,25.623,normal
182,12/9/09 11:40,am,25.744,normal
183,12/9/09 12:00,pm,25.914,normal
184,12/9/09 12:20,pm,27.014,normal
185,12/9/09 12:40,pm,26.72,normal
186,12/9/09 1:00,pm,26.671,normal
187,12/9/09 1:20,pm,27.284,normal
188,12/9/09 1:40,pm,26.94,normal
189,12/9/09 2:00,pm,27.407,normal
190,12/9/09 2:20,pm,28.32,normal
191,12/9/09 2:40,pm,27.801,normal
192,12/9/09 3:00,pm,27.825,normal
193,12/9/09 3:20,pm,27.677,normal
194,12/9/09 3:40,pm,27.727,normal
195,12/9/09 4:00,pm,27.801,normal
196,12/9/09 4:20,pm,26.769,normal
197,12/9/09 4:40,pm,26.475,normal
198,12/9/09 5:00,pm,26.916,normal
199,12/9/09 5:20,pm,26.965,normal
200,12/9/09 5:40,pm,26.744,normal
201,12/9/09 6:00,pm,27.063,normal
202,12/9/09 6:20,pm,26.695,normal
203,12/9/09 6:40,pm,26.231,normal
204,12/9/09 7:00,pm,26.036,normal
205,12/9/09 7:20,pm,25.21,normal
206,12/9/09 7:40,pm,25.355,normal
207,12/9/09 8:00,pm,25.647,normal
208,12/9/09 8:20,pm,24.363,normal
209,12/9/09 8:40,pm,24.146,normal
210,12/9/09 9:00,pm,23.954,normal
211,12/9/09 9:20,pm,22.944,normal
212,12/9/09 9:40,pm,22.657,normal
215,12/9/09 10:00,pm,22.681,normal
216,12/9/09 10:20,pm,21.127,normal
217,12/9/09 10:40,pm,21.056,normal
218,12/9/09 11:00,pm,20.126,normal
219,12/9/09 11:20,pm,19.199,normal
220,12/9/09 11:40,pm,19.056,normal
221,12/9/10 12:00,am,19.603,normal
222,12/9/10 12:20,am,17.058,normal
223,12/9/10 12:40,am,16.392,normal
224,12/9/10 1:00,am,17.082,normal
225,12/9/10 1:20,am,14.745,normal
226,12/9/10 1:40,am,15.27,normal
227,12/9/10 2:00,am,14.649,normal
228,12/9/10 2:20,am,13.954,normal
229,12/9/10 2:40,am,13.281,normal
230,12/9/10 3:00,am,13.329,normal
231,12/9/10 3:20,am,12.461,normal
232,12/9/10 3:40,am,12.92,normal
233,12/9/10 4:00,am,12.316,normal
234,12/9/10 4:20,am,12.896,normal
235,12/9/10 4:40,am,12.727,normal
236,12/9/10 5:00,am,12.461,normal
237,12/9/10 5:20,am,14.433,normal
238,12/9/10 5:40,am,14.553,normal
239,12/9/10 6:00,am,14.314,normal
240,12/9/10 6:20,am,16.272,normal
241,12/9/10 6:40,am,15.891,normal
242,12/9/10 7:00,am,16.63,normal
243,12/9/10 7:20,am,18.105,normal
244,12/9/10 7:40,am,17.439,normal
245,12/9/10 8:00,am,18.509,normal
246,12/9/10 8:20,am,20.007,normal
247,12/9/10 8:40,am,19.936,normal
248,12/9/10 9:00,am,19.865,normal
249,12/9/10 9:20,am,22.705,normal
250,12/9/10 9:40,am,22.417,normal
251,12/9/10 10:00,am,22.13,normal
252,12/9/10 10:20,am,24.363,normal
253,12/9/10 10:40,am,24.339,normal
254,12/9/10 11:00,am,24.339,normal
255,12/9/10 11:20,am,25.331,normal
256,12/9/10 11:40,am,25.55,normal
257,12/9/10 12:00,pm,25.841,normal
258,12/9/10 12:20,pm,26.72,normal
259,12/9/10 12:40,pm,26.891,normal
260,12/9/10 1:00,pm,27.136,normal
261,12/9/10 1:20,pm,26.378,normal
262,12/9/10 1:40,pm,26.451,normal
263,12/9/10 2:00,pm,27.186,normal
264,12/9/10 2:20,pm,28.122,normal
265,12/9/10 2:40,pm,28.048,normal
266,12/9/10 3:00,pm,27.924,normal
267,12/9/10 3:20,pm,28.097,normal
268,12/9/10 3:40,pm,28.097,normal
269,12/9/10 4:00,pm,27.949,normal
270,12/9/10 4:20,pm,26.72,normal
271,12/9/10 4:40,pm,26.965,normal
272,12/9/10 5:00,pm,26.744,normal
273,12/9/10 5:20,pm,26.744,normal
274,12/9/10 5:40,pm,26.965,normal
275,12/9/10 6:00,pm,26.671,normal
276,12/9/10 6:20,pm,26.207,normal
277,12/9/10 6:40,pm,26.5,normal
278,12/9/10 7:00,pm,25.987,normal
279,12/9/10 7:20,pm,25.186,normal
280,12/9/10 7:40,pm,24.992,normal
281,12/9/10 8:00,pm,25.453,normal
282,12/9/10 8:20,pm,24.291,normal
283,12/9/10 8:40,pm,24.195,normal
284,12/9/10 9:00,pm,23.857,normal
285,12/9/10 9:20,pm,22.92,normal
286,12/9/10 9:40,pm,22.729,normal
287,12/9/10 10:00,pm,22.513,normal
288,12/9/10 10:20,pm,20.65,normal
289,12/9/10 10:40,pm,20.46,normal
290,12/9/10 11:00,pm,20.317,normal
291,12/9/10 11:20,pm,19.365,normal
292,12/9/10 11:40,pm,19.46,normal
293,12/9/11 12:00,am,19.175,normal
294,12/9/11 12:20,am,16.749,normal
295,12/9/11 12:40,am,17.13,normal
296,12/9/11 1:00,am,16.892,normal
297,12/9/11 1:20,am,14.745,normal
298,12/9/11 1:40,am,15.127,normal
299,12/9/11 2:00,am,14.529,normal
300,12/9/11 2:20,am,12.944,normal
301,12/9/11 2:40,am,14.026,normal
302,12/9/11 3:00,am,12.896,normal
303,12/9/11 3:20,am,11.807,normal
304,12/9/11 3:40,am,11.807,normal
305,12/9/11 4:00,am,12.751,normal
306,12/9/11 4:20,am,12.437,normal
307,12/9/11 4:40,am,13.618,normal
308,12/9/11 5:00,am,12.823,normal
309,12/9/11 5:20,am,14.888,normal
310,12/9/11 5:40,am,14.337,normal
311,12/9/11 6:00,am,15.557,normal
312,12/9/11 6:20,am,15.843,normal
313,12/9/11 6:40,am,16.534,normal
314,12/9/11 7:00,am,16.01,normal
315,12/9/11 7:20,am,18.414,normal
316,12/9/11 7:40,am,17.653,normal
317,12/9/11 8:00,am,18.794,normal
320,12/9/11 8:20,am,20.65,normal
321,12/9/11 8:40,am,20.079,normal
322,12/9/11 9:00,am,20.246,normal
323,12/9/11 9:20,am,21.676,normal
324,12/9/11 9:40,am,22.321,normal
325,12/9/11 10:00,am,21.628,normal
326,12/9/11 10:20,am,24.267,normal
327,12/9/11 10:40,am,24.412,normal
328,12/9/11 11:00,am,24.339,normal
329,12/9/11 11:20,am,25.841,normal
330,12/9/11 11:40,am,25.817,normal
331,12/9/11 12:00,pm,26.012,normal
332,12/9/11 12:20,pm,27.653,normal
333,12/9/11 12:40,pm,26.769,normal
334,12/9/11 1:00,pm,26.671,normal
335,12/9/11 1:20,pm,26.891,normal
336,12/9/11 1:40,pm,27.481,normal
337,12/9/11 2:00,pm,28.518,normal
338,12/9/11 2:20,pm,27.702,normal
339,12/9/11 2:40,pm,27.407,normal
340,12/9/11 3:00,pm,27.653,normal
341,12/9/11 3:20,pm,27.604,normal
342,12/9/11 3:40,pm,27.456,normal
343,12/9/11 4:00,pm,27.505,normal
344,12/9/11 4:20,pm,26.867,normal
345,12/9/11 4:40,pm,26.818,normal
346,12/9/11 5:00,pm,26.695,normal
347,12/9/11 5:20,pm,26.671,normal
348,12/9/11 5:40,pm,26.867,normal
349,12/9/11 6:00,pm,26.378,normal
350,12/9/11 6:20,pm,26.231,normal
351,12/9/11 6:40,pm,25.914,normal
352,12/9/11 7:00,pm,26.353,normal
353,12/9/11 7:20,pm,24.823,normal
354,12/9/11 7:40,pm,24.774,normal
355,12/9/11 8:00,pm,24.677,normal
356,12/9/11 8:20,pm,24.171,normal
357,12/9/11 8:40,pm,24.146,normal
358,12/9/11 9:00,pm,24.46,normal
359,12/9/11 9:20,pm,22.848,normal
360,12/9/11 9:40,pm,22.681,normal
361,12/9/11 10:00,pm,22.705,normal
362,12/9/11 10:20,pm,20.507,normal
363,12/9/11 10:40,pm,20.293,normal
364,12/9/11 11:00,pm,20.317,normal
365,12/9/11 11:20,pm,19.246,normal
366,12/9/11 11:40,pm,18.675,normal
367,12/9/12 12:00,am,18.842,normal
368,12/9/12 12:20,am,16.654,normal
369,12/9/12 12:40,am,17.296,normal
370,12/9/12 1:00,am,16.701,normal
371,12/9/12 1:20,am,14.697,normal
372,12/9/12 1:40,am,15.366,normal
373,12/9/12 2:00,am,14.745,normal
374,12/9/12 2:20,am,13.233,normal
375,12/9/12 2:40,am,13.978,normal
376,12/9/12 3:00,am,13.185,normal
377,12/9/12 3:20,am,12.098,normal
378,12/9/12 3:40,am,13.064,normal
379,12/9/12 4:00,am,12.268,normal
380,12/9/12 4:20,am,12.654,normal
381,12/9/12 4:40,am,12.871,normal
382,12/9/12 5:00,am,12.292,normal
383,12/9/12 5:20,am,14.457,normal
384,12/9/12 5:40,am,14.05,normal
385,12/9/12 6:00,am,14.074,normal
386,12/9/12 6:20,am,16.534,normal
387,12/9/12 6:40,am,15.796,normal
388,12/9/12 7:00,am,16.32,normal
389,12/9/12 7:20,am,18.057,normal
390,12/9/12 7:40,am,17.463,normal
391,12/9/12 8:00,am,18.271,normal
392,12/9/12 8:20,am,20.055,normal
393,12/9/12 8:40,am,19.888,normal
394,12/9/12 9:00,am,19.793,normal
395,12/9/12 9:20,am,22.274,normal
396,12/9/12 9:40,am,22.25,normal
397,12/9/12 10:00,am,22.441,normal
398,12/9/12 10:20,am,23.761,normal
399,12/9/12 10:40,am,23.905,normal
400,12/9/12 11:00,am,23.954,normal
401,12/9/12 11:20,am,25.671,normal
402,12/9/12 11:40,am,25.525,normal
403,12/9/12 12:00,pm,25.623,normal
404,12/9/12 12:20,pm,28.048,normal
405,12/9/12 12:40,pm,26.842,normal
406,12/9/12 1:00,pm,27.038,normal
407,12/9/12 1:20,pm,27.259,normal
408,12/9/12 1:40,pm,27.801,normal
409,12/9/12 2:00,pm,26.916,normal
410,12/9/12 2:15,pm,Logged,normal
411,12/9/12 2:15,pm,Logged,normal
412,12/9/12 2:20,pm,28.518,normal
413,12/9/12 2:40,pm,27.949,normal
414,12/9/12 3:00,pm,27.801,normal
415,12/9/12 3:20,pm,27.702,normal
416,12/9/12 3:40,pm,27.924,normal
417,12/9/12 4:00,pm,27.751,normal
418,12/9/12 4:20,pm,27.308,normal
419,12/9/12 4:40,pm,27.456,normal
420,12/9/12 5:00,pm,27.431,normal
421,12/9/12 5:20,pm,26.744,normal
422,12/9/12 5:40,pm,26.744,normal
423,12/9/12 6:00,pm,26.842,normal
424,12/9/12 6:20,pm,26.475,normal
425,12/9/12 6:40,pm,26.207,normal
426,12/9/12 7:00,pm,26.378,normal
427,12/9/12 7:20,pm,25.453,normal
428,12/9/12 7:40,pm,25.065,normal
429,12/9/12 8:00,pm,25.234,normal
430,12/9/12 8:20,pm,24.412,normal
431,12/9/12 8:40,pm,24.195,normal
432,12/9/12 9:00,pm,24.098,normal
433,12/9/12 9:20,pm,22.872,normal
434,12/9/12 9:40,pm,22.824,normal
435,12/9/12 10:00,pm,22.8,normal
436,12/9/12 10:20,pm,20.936,normal
437,12/9/12 10:40,pm,20.388,normal
438,12/9/12 11:00,pm,20.674,normal
439,12/9/12 11:20,pm,19.413,normal
440,12/9/12 11:40,pm,18.937,normal
441,12/9/13 12:00,am,19.365,normal
442,12/9/13 12:20,am,17.368,normal
443,12/9/13 12:40,am,17.082,normal
444,12/9/13 1:00,am,16.892,normal
445,12/9/13 1:20,am,15.031,normal
446,12/9/13 1:40,am,15.581,normal
447,12/9/13 2:00,am,15.008,normal
448,12/9/13 2:20,am,13.594,normal
449,12/9/13 2:40,am,14.266,normal
450,12/9/13 3:00,am,13.642,normal
451,12/9/13 3:20,am,12.703,normal
452,12/9/13 3:40,am,12.654,normal
453,12/9/13 4:00,am,12.558,normal
454,12/9/13 4:20,am,12.678,normal
455,12/9/13 4:40,am,13.594,normal
456,12/9/13 5:00,am,12.896,normal
457,12/9/13 5:20,am,15.008,normal
458,12/9/13 5:40,am,14.385,normal
459,12/9/13 6:00,am,15.7,normal
460,12/9/13 6:20,am,15.939,normal
461,12/9/13 6:40,am,16.534,normal
462,12/9/13 7:00,am,16.225,normal
463,12/9/13 7:20,am,18.414,normal
464,12/9/13 7:40,am,17.891,normal
465,12/9/13 8:00,am,17.724,normal
466,12/9/13 8:12,am,Logged,normal
467,12/9/13 8:13,am,Logged,normal
468,12/9/13 8:20,am,20.889,normal
469,12/9/13 8:40,am,20.341,normal
470,12/9/13 9:00,am,20.079,normal
471,12/9/13 9:20,am,22.369,normal
472,12/9/13 9:40,am,22.417,normal
473,12/9/13 10:00,am,22.274,normal
474,12/9/13 10:20,am,24.436,normal
475,12/9/13 10:40,am,24.46,normal
476,12/9/13 11:00,am,24.363,normal
477,12/9/13 11:20,am,26.012,normal
478,12/9/13 11:40,am,26.012,normal
479,12/9/13 12:00,pm,25.89,normal
480,12/9/13 12:20,pm,26.916,normal
481,12/9/13 12:40,pm,26.916,normal
482,12/9/13 1:00,pm,26.94,normal
483,12/9/13 1:20,pm,27.431,normal
484,12/9/13 1:40,pm,27.431,normal
485,12/9/13 2:00,pm,27.456,normal
486,12/9/13 2:20,pm,28.023,normal
487,12/9/13 2:40,pm,28.023,normal
488,12/9/13 3:00,pm,27.998,normal
489,12/9/13 3:20,pm,28.072,normal
490,12/9/13 3:40,pm,27.924,normal
491,12/9/13 4:00,pm,27.949,normal
492,12/9/13 4:20,pm,27.554,normal
493,12/9/13 4:40,pm,27.677,normal
494,12/9/13 5:00,pm,27.358,normal
495,12/9/13 5:20,pm,26.94,normal
496,12/9/13 5:40,pm,27.161,normal
497,12/9/13 6:00,pm,27.112,normal
498,12/9/13 6:20,pm,26.573,normal
499,12/9/13 6:40,pm,26.5,normal
500,12/9/13 7:00,pm,26.475,normal
501,12/9/13 7:20,pm,25.501,normal
502,12/9/13 7:40,pm,25.38,normal
503,12/9/13 8:00,pm,25.355,normal
504,12/9/13 8:20,pm,24.436,normal
505,12/9/13 8:40,pm,24.315,normal
506,12/9/13 9:00,pm,24.388,normal
507,12/9/13 9:20,pm,23.184,normal
508,12/9/13 9:40,pm,22.992,normal
509,12/9/13 10:00,pm,22.8,normal
510,12/9/13 10:20,pm,21.079,normal
511,12/9/13 10:40,pm,20.579,normal
512,12/9/13 11:00,pm,20.46,normal
513,12/9/13 11:20,pm,19.032,normal
514,12/9/13 11:40,pm,18.961,normal
515,12/9/14 12:00,am,19.175,normal
516,12/9/14 12:20,am,17.249,normal
517,12/9/14 12:40,am,17.368,normal
518,12/9/14 1:00,am,16.63,normal
519,12/9/14 1:20,am,14.816,normal
520,12/9/14 1:40,am,15.031,normal
521,12/9/14 2:00,am,15.175,normal
522,12/9/14 2:20,am,13.305,normal
523,12/9/14 2:40,am,13.978,normal
524,12/9/14 3:00,am,13.353,normal
525,12/9/14 3:20,am,12.461,normal
526,12/9/14 3:40,am,12.944,normal
527,12/9/14 4:00,am,12.243,normal
528,12/9/14 4:20,am,13.04,normal
529,12/9/14 4:40,am,12.992,normal
530,12/9/14 5:00,am,12.727,normal
531,12/9/14 5:20,am,15.008,normal
532,12/9/14 5:40,am,14.481,normal
533,12/9/14 6:00,am,15.127,normal
534,12/9/14 6:20,am,16.034,normal
535,12/9/14 6:40,am,15.772,normal
536,12/9/14 7:00,am,16.677,normal
537,12/9/14 7:20,am,17.701,normal
538,12/9/14 7:40,am,18.366,normal
539,12/9/14 8:00,am,17.748,normal
540,12/9/14 8:20,am,20.484,normal
541,12/9/14 8:40,am,20.222,normal
542,12/9/14 9:00,am,20.15,normal
543,12/9/14 9:20,am,22.393,normal
544,12/9/14 9:40,am,22.417,normal
545,12/9/14 10:00,am,22.465,normal
546,12/9/14 10:20,am,24.267,normal
547,12/9/14 10:40,am,24.484,normal
548,12/9/14 11:00,am,24.339,normal
549,12/9/14 11:20,am,26.085,normal
550,12/9/14 11:40,am,26.061,normal
551,12/9/14 12:00,pm,25.574,normal
552,12/9/14 12:20,pm,26.818,normal
553,12/9/14 12:40,pm,26.818,normal
554,12/9/14 1:00,pm,26.671,normal
555,12/9/14 1:20,pm,27.604,normal
556,12/9/14 1:40,pm,27.604,normal
557,12/9/14 2:00,pm,27.653,normal
558,12/9/14 2:20,pm,28.023,normal
559,12/9/14 2:40,pm,27.899,normal
560,12/9/14 3:00,pm,28.048,normal
561,12/9/14 3:20,pm,28.171,normal
562,12/9/14 3:40,pm,27.924,normal
563,12/9/14 4:00,pm,27.974,normal
564,12/9/14 4:20,pm,27.628,normal
565,12/9/14 4:40,pm,27.628,normal
566,12/9/14 5:00,pm,27.53,normal
567,12/9/14 5:20,pm,27.186,normal
568,12/9/14 5:40,pm,27.161,normal
569,12/9/14 6:00,pm,27.161,normal
570,12/9/14 6:20,pm,26.426,normal
571,12/9/14 6:40,pm,26.329,normal
572,12/9/14 7:00,pm,26.475,normal
573,12/9/14 7:20,pm,25.501,normal
574,12/9/14 7:40,pm,25.355,normal
575,12/9/14 8:00,pm,25.38,normal
576,12/9/14 8:20,pm,24.484,normal
577,12/9/14 8:40,pm,24.388,normal
578,12/9/14 9:00,pm,24.412,normal
579,12/9/14 9:20,pm,22.944,normal
580,12/9/14 9:40,pm,22.585,normal
581,12/9/14 10:00,pm,22.848,normal
582,12/9/14 10:20,pm,21.008,normal
583,12/9/14 10:40,pm,20.555,normal
584,12/9/14 11:00,pm,20.531,normal
585,12/9/14 11:20,pm,18.937,normal
586,12/9/14 11:40,pm,18.913,normal
587,12/9/15 12:00,am,18.913,normal
588,12/9/15 12:20,am,16.963,normal
589,12/9/15 12:40,am,16.439,normal
590,12/9/15 1:00,am,16.415,normal
591,12/9/15 1:20,am,14.457,normal
592,12/9/15 1:40,am,15.175,normal
593,12/9/15 2:00,am,14.553,normal
594,12/9/15 2:20,am,13.642,normal
595,12/9/15 2:40,am,13.257,normal
596,12/9/15 3:00,am,12.558,normal
597,12/9/15 3:20,am,11.589,normal
598,12/9/15 3:40,am,12.896,normal
599,12/9/15 4:00,am,11.807,normal
600,12/9/15 4:20,am,13.57,normal
601,12/9/15 4:40,am,12.606,normal
602,12/9/15 5:00,am,12.001,normal
603,12/9/15 5:20,am,14.266,normal
604,12/9/15 5:40,am,13.69,normal
605,12/9/15 6:00,am,13.522,normal
606,12/9/15 6:20,am,15.891,normal
607,12/9/15 6:40,am,15.223,normal
608,12/9/15 7:00,am,15.031,normal
609,12/9/15 7:20,am,18.057,normal
610,12/9/15 7:40,am,18.081,normal
611,12/9/15 8:00,am,17.32,normal
612,12/9/15 8:20,am,20.746,normal
613,12/9/15 8:40,am,20.222,normal
614,12/9/15 9:00,am,19.817,normal
615,12/9/15 9:20,am,22.321,normal
616,12/9/15 9:40,am,23.232,normal
617,12/9/15 10:00,am,22.968,normal
618,12/9/15 10:20,am,24.146,normal
619,12/9/15 10:40,am,24.002,normal
620,12/9/15 11:00,am,24.146,normal
621,12/9/15 11:20,am,26.036,normal
622,12/9/15 11:40,am,25.914,normal
623,12/9/15 12:00,pm,25.866,normal
624,12/9/15 12:20,pm,26.573,normal
625,12/9/15 12:40,pm,26.867,normal
626,12/9/15 1:00,pm,26.989,normal
627,12/9/15 1:20,pm,27.358,normal
628,12/9/15 1:40,pm,27.481,normal
629,12/9/15 2:00,pm,27.431,normal
630,12/9/15 2:20,pm,27.751,normal
631,12/9/15 2:40,pm,28.196,normal
632,12/9/15 3:00,pm,28.023,normal
633,12/9/15 3:05,pm,Logged,normal
634,12/9/15 3:05,pm,Logged,normal
635,12/9/15 3:06,pm,Logged,normal
636,12/9/15 3:20,pm,27.899,normal
637,12/9/15 3:40,pm,28.097,normal
638,12/9/15 4:00,pm,27.924,normal
639,12/9/15 4:20,pm,27.308,normal
640,12/9/15 4:40,pm,27.284,normal
641,12/9/15 5:00,pm,27.431,normal
642,12/9/15 5:20,pm,27.112,normal
643,12/9/15 5:40,pm,26.793,normal
644,12/9/15 6:00,pm,26.867,normal
645,12/9/15 6:20,pm,26.402,normal
646,12/9/15 6:40,pm,26.256,normal
647,12/9/15 7:00,pm,26.256,normal
648,12/9/15 7:20,pm,25.404,normal
649,12/9/15 7:40,pm,25.065,normal
650,12/9/15 8:00,pm,25.186,normal
651,12/9/15 8:20,pm,24.363,normal
652,12/9/15 8:40,pm,24.05,normal
653,12/9/15 9:00,pm,24.243,normal
654,12/9/15 9:20,pm,23.016,normal
655,12/9/15 9:40,pm,22.896,normal
656,12/9/15 10:00,pm,22.824,normal
657,12/9/15 10:20,pm,20.936,normal
658,12/9/15 10:40,pm,20.698,normal
659,12/9/15 11:00,pm,20.531,normal
660,12/9/15 11:20,pm,19.603,normal
661,12/9/15 11:40,pm,19.746,normal
662,12/9/16 12:00,am,19.77,normal
663,12/9/16 12:20,am,18.033,normal
664,12/9/16 12:40,am,17.629,normal
665,12/9/16 1:00,am,17.51,normal
666,12/9/16 1:20,am,16.058,normal
667,12/9/16 1:40,am,15.724,normal
668,12/9/16 2:00,am,15.939,normal
669,12/9/16 2:20,am,14.433,normal
670,12/9/16 2:40,am,14.218,normal
671,12/9/16 3:00,am,14.505,normal
672,12/9/16 3:20,am,13.305,normal
673,12/9/16 3:40,am,13.497,normal
674,12/9/16 4:00,am,13.281,normal
675,12/9/16 4:20,am,13.497,normal
676,12/9/16 4:40,am,13.594,normal
677,12/9/16 5:00,am,13.978,normal
678,12/9/16 5:20,am,15.581,normal
679,12/9/16 5:40,am,15.366,normal
680,12/9/16 6:00,am,15.509,normal
681,12/9/16 6:20,am,16.749,normal
682,12/9/16 6:40,am,16.582,normal
683,12/9/16 7:00,am,16.606,normal
684,12/9/16 7:20,am,18.818,normal
685,12/9/16 7:40,am,19.032,normal
686,12/9/16 7:55,am,Logged,normal
687,12/9/16 7:55,am,Logged,normal
688,12/9/16 7:57,am,Logged,normal
689,12/9/16 8:00,am,20.603,normal
690,12/9/16 8:20,am,20.484,normal
691,12/9/16 8:40,am,20.055,normal
692,12/9/16 9:00,am,19.77,normal
693,12/9/16 9:20,am,22.441,normal
694,12/9/16 9:40,am,22.465,normal
695,12/9/16 10:00,am,22.705,normal
696,12/9/16 10:20,am,24.871,normal
697,12/9/16 10:40,am,24.75,normal
698,12/9/16 11:00,am,24.436,normal
699,12/9/16 11:20,am,26.475,normal
700,12/9/16 11:40,am,26.158,normal
701,12/9/16 12:00,pm,26.036,normal
702,12/9/16 12:20,pm,27.259,normal
703,12/9/16 12:40,pm,27.136,normal
704,12/9/16 1:00,pm,26.965,normal
705,12/9/16 1:20,pm,27.776,normal
706,12/9/16 1:40,pm,27.751,normal
707,12/9/16 2:00,pm,27.604,normal
708,12/9/16 2:20,pm,27.974,normal
709,12/9/16 2:40,pm,28.245,normal
710,12/9/16 3:00,pm,27.949,normal
711,12/9/16 3:20,pm,28.196,normal
712,12/9/16 3:40,pm,28.245,normal
713,12/9/16 4:00,pm,28.023,normal
714,12/9/16 4:20,pm,27.751,normal
715,12/9/16 4:40,pm,27.677,normal
716,12/9/16 5:00,pm,27.481,normal
717,12/9/16 5:20,pm,27.014,normal
718,12/9/16 5:40,pm,27.014,normal
719,12/9/16 6:00,pm,27.063,normal
720,12/9/16 6:20,pm,26.573,normal
721,12/9/16 6:40,pm,26.475,normal
722,12/9/16 7:00,pm,26.304,normal
723,12/9/16 7:20,pm,25.283,normal
724,12/9/16 7:40,pm,25.234,normal
725,12/9/16 8:00,pm,25.113,normal
726,12/9/16 8:20,pm,24.339,normal
727,12/9/16 8:40,pm,24.05,normal
728,12/9/16 9:00,pm,24.388,normal
729,12/9/16 9:20,pm,22.944,normal
730,12/9/16 9:40,pm,23.136,normal
731,12/9/16 10:00,pm,22.609,normal
732,12/9/16 10:20,pm,20.436,normal
733,12/9/16 10:40,pm,20.031,normal
734,12/9/16 11:00,pm,20.412,normal
735,12/9/16 11:20,pm,19.389,normal
736,12/9/16 11:40,pm,19.365,normal
737,12/9/17 12:00,am,19.08,normal
738,12/9/17 12:20,am,17.272,normal
739,12/9/17 12:40,am,17.796,normal
740,12/9/17 1:00,am,17.011,normal
741,12/9/17 1:20,am,15.127,normal
742,12/9/17 1:40,am,15.772,normal
743,12/9/17 2:00,am,15.461,normal
744,12/9/17 2:20,am,13.618,normal
745,12/9/17 2:40,am,14.625,normal
746,12/9/17 3:00,am,13.954,normal
747,12/9/17 3:20,am,12.992,normal
748,12/9/17 3:40,am,13.305,normal
749,12/9/17 4:00,am,12.823,normal
750,12/9/17 4:20,am,12.968,normal
751,12/9/17 4:40,am,13.786,normal
752,12/9/17 5:00,am,13.353,normal
753,12/9/17 5:20,am,15.461,normal
754,12/9/17 5:40,am,15.199,normal
755,12/9/17 6:00,am,15.079,normal
756,12/9/17 6:20,am,16.677,normal
757,12/9/17 6:40,am,16.201,normal
758,12/9/17 7:00,am,16.177,normal
759,12/9/17 7:20,am,18.961,normal
760,12/9/17 7:40,am,19.318,normal
761,12/9/17 7:50,am,Logged,normal
762,12/9/17 7:50,am,Logged,normal
763,12/9/17 7:51,am,Logged,normal
764,12/9/17 8:00,am,18.699,normal
765,12/9/17 8:20,am,20.46,normal
766,12/9/17 8:40,am,20.555,normal
767,12/9/17 9:00,am,20.507,normal
768,12/9/17 9:20,am,22.513,normal
769,12/9/17 9:40,am,22.513,normal
770,12/9/17 10:00,am,22.705,normal
771,12/9/17 10:20,am,24.726,normal
772,12/9/17 10:40,am,24.823,normal
773,12/9/17 11:00,am,24.871,normal
774,12/9/17 11:20,am,26.304,normal
775,12/9/17 11:40,am,26.426,normal
776,12/9/17 12:00,pm,26.304,normal
777,12/9/17 12:20,pm,27.087,normal
778,12/9/17 12:40,pm,27.063,normal
779,12/9/17 1:00,pm,27.063,normal
780,12/9/17 1:20,pm,27.899,normal
781,12/9/17 1:40,pm,27.924,normal
782,12/9/17 2:00,pm,27.924,normal
783,12/9/17 2:20,pm,28.394,normal
784,12/9/17 2:40,pm,28.245,normal
785,12/9/17 3:00,pm,28.295,normal
786,12/9/17 3:20,pm,28.245,normal
787,12/9/17 3:40,pm,28.295,normal
788,12/9/17 4:00,pm,28.32,normal
789,12/9/17 4:20,pm,27.751,normal
790,12/9/17 4:40,pm,27.776,normal
791,12/9/17 5:00,pm,27.85,normal
792,12/9/17 5:20,pm,27.112,normal
793,12/9/17 5:40,pm,27.186,normal
794,12/9/17 6:00,pm,27.038,normal
795,12/9/17 6:20,pm,26.646,normal
796,12/9/17 6:40,pm,26.524,normal
797,12/9/17 7:00,pm,26.622,normal
798,12/9/17 7:20,pm,25.453,normal
799,12/9/17 7:40,pm,25.55,normal
800,12/9/17 8:00,pm,25.38,normal
801,12/9/17 8:20,pm,24.315,normal
802,12/9/17 8:40,pm,24.098,normal
803,12/9/17 9:00,pm,24.315,normal
804,12/9/17 9:20,pm,22.609,normal
805,12/9/17 9:40,pm,22.896,normal
806,12/9/17 10:00,pm,22.848,normal
807,12/9/17 10:20,pm,20.793,normal
808,12/9/17 10:40,pm,20.603,normal
809,12/9/17 11:00,pm,20.46,normal
810,12/9/17 11:20,pm,19.627,normal
811,12/9/17 11:40,pm,19.389,normal
812,12/9/18 12:00,am,19.627,normal
813,12/9/18 12:20,am,17.724,normal
814,12/9/18 12:40,am,17.558,normal
815,12/9/18 1:00,am,18.01,normal
816,12/9/18 1:20,am,15.867,normal
817,12/9/18 1:40,am,15.414,normal
818,12/9/18 2:00,am,16.225,normal
819,12/9/18 2:20,am,14.218,normal
820,12/9/18 2:40,am,14.361,normal
821,12/9/18 3:00,am,14.218,normal
822,12/9/18 3:20,am,13.04,normal
823,12/9/18 3:40,am,12.92,normal
824,12/9/18 4:00,am,12.968,normal
825,12/9/18 4:20,am,13.906,normal
826,12/9/18 4:40,am,13.93,normal
827,12/9/18 5:00,am,13.69,normal
828,12/9/18 5:20,am,15.294,normal
829,12/9/18 5:40,am,16.082,normal
830,12/9/18 6:00,am,15.223,normal
831,12/9/18 6:20,am,17.391,normal
832,12/9/18 6:40,am,17.034,normal
833,12/9/18 7:00,am,16.796,normal
834,12/9/18 7:20,am,19.341,normal
835,12/9/18 7:40,am,18.961,normal
836,12/9/18 8:00,am,18.985,normal
837,12/9/18 8:04,am,Logged,normal
838,12/9/18 8:05,am,Logged,normal
839,12/9/18 8:20,am,20.174,normal
840,12/9/18 8:40,am,20.507,normal
841,12/9/18 9:00,am,20.698,normal
842,12/9/18 9:20,am,22.585,normal
843,12/9/18 9:40,am,22.321,normal
844,12/9/18 10:00,am,22.848,normal
845,12/9/18 10:20,am,24.944,normal
846,12/9/18 10:40,am,24.871,normal
847,12/9/18 11:00,am,24.871,normal
848,12/9/18 11:20,am,26.524,normal
849,12/9/18 11:40,am,26.378,normal
850,12/9/18 12:00,pm,26.451,normal
851,12/9/18 12:20,pm,27.161,normal
852,12/9/18 12:40,pm,27.21,normal
853,12/9/18 1:00,pm,27.333,normal
854,12/9/18 1:20,pm,27.949,normal
855,12/9/18 1:40,pm,28.023,normal
856,12/9/18 2:00,pm,27.899,normal
857,12/9/18 2:20,pm,28.369,normal
858,12/9/18 2:40,pm,28.345,normal
859,12/9/18 3:00,pm,28.245,normal
860,12/9/18 3:20,pm,28.394,normal
861,12/9/18 3:40,pm,28.345,normal
862,12/9/18 4:00,pm,28.295,normal
863,12/9/18 4:20,pm,27.727,normal
864,12/9/18 4:40,pm,27.702,normal
865,12/9/18 5:00,pm,27.751,normal
866,12/9/18 5:20,pm,27.21,normal
867,12/9/18 5:40,pm,27.112,normal
868,12/9/18 6:00,pm,27.235,normal
869,12/9/18 6:20,pm,26.475,normal
870,12/9/18 6:40,pm,26.622,normal
871,12/9/18 7:00,pm,26.378,normal
872,12/9/18 7:20,pm,25.525,normal
873,12/9/18 7:40,pm,25.258,normal
874,12/9/18 8:00,pm,25.525,normal
875,12/9/18 8:20,pm,24.243,normal
876,12/9/18 8:40,pm,24.629,normal
877,12/9/18 9:00,pm,24.46,normal
878,12/9/18 9:20,pm,23.136,normal
879,12/9/18 9:40,pm,22.753,normal
880,12/9/18 10:00,pm,22.633,normal
881,12/9/18 10:20,pm,20.77,normal
882,12/9/18 10:40,pm,20.65,normal
883,12/9/18 11:00,pm,20.46,normal
884,12/9/18 11:20,pm,19.508,normal
885,12/9/18 11:40,pm,19.413,normal
886,12/9/19 12:00,am,19.294,normal
887,12/9/19 12:20,am,17.558,normal
888,12/9/19 12:40,am,17.582,normal
889,12/9/19 1:00,am,17.986,normal
890,12/9/19 1:20,am,15.629,normal
891,12/9/19 1:40,am,15.748,normal
892,12/9/19 2:00,am,15.891,normal
893,12/9/19 2:20,am,14.026,normal
894,12/9/19 2:40,am,14.888,normal
895,12/9/19 3:00,am,14.146,normal
896,12/9/19 3:20,am,13.497,normal
897,12/9/19 3:40,am,13.185,normal
898,12/9/19 4:00,am,13.257,normal
899,12/9/19 4:20,am,13.522,normal
900,12/9/19 4:40,am,14.17,normal
901,12/9/19 5:00,am,13.858,normal
902,12/9/19 5:20,am,15.39,normal
903,12/9/19 5:40,am,15.605,normal
904,12/9/19 6:00,am,15.438,normal
905,12/9/19 6:20,am,17.058,normal
906,12/9/19 6:40,am,16.868,normal
907,12/9/19 7:00,am,16.915,normal
908,12/9/19 7:20,am,19.199,normal
909,12/9/19 7:40,am,18.794,normal
910,12/9/19 8:00,am,18.58,normal
911,12/9/19 8:20,am,20.793,normal
912,12/9/19 8:40,am,20.412,normal
913,12/9/19 9:00,am,20.246,normal
914,12/9/19 9:20,am,23.136,normal
915,12/9/19 9:40,am,22.633,normal
916,12/9/19 10:00,am,22.417,normal
917,12/9/19 10:20,am,24.774,normal
918,12/9/19 10:40,am,24.557,normal
919,12/9/19 11:00,am,24.919,normal
920,12/9/19 11:20,am,26.549,normal
921,12/9/19 11:40,am,26.353,normal
922,12/9/19 12:00,pm,26.573,normal
923,12/9/19 12:20,pm,27.161,normal
924,12/9/19 12:40,pm,27.186,normal
925,12/9/19 1:00,pm,27.333,normal
926,12/9/19 1:20,pm,27.85,normal
927,12/9/19 1:40,pm,27.949,normal
928,12/9/19 2:00,pm,27.998,normal
929,12/9/19 2:20,pm,28.245,normal
930,12/9/19 2:40,pm,28.295,normal
931,12/9/19 3:00,pm,28.345,normal
932,12/9/19 3:20,pm,28.891,normal
933,12/9/19 3:40,pm,28.468,normal
934,12/9/19 4:00,pm,28.543,normal
935,12/9/19 4:20,pm,27.801,normal
936,12/9/19 4:40,pm,27.801,normal
937,12/9/19 5:00,pm,27.751,normal
938,12/9/19 5:20,pm,27.186,normal
939,12/9/19 5:40,pm,27.161,normal
940,12/9/19 6:00,pm,27.259,normal
941,12/9/19 6:20,pm,26.524,normal
942,12/9/19 6:40,pm,26.573,normal
943,12/9/19 7:00,pm,26.475,normal
944,12/9/19 7:20,pm,25.477,normal
945,12/9/19 7:40,pm,25.38,normal
946,12/9/19 8:00,pm,25.355,normal
947,12/9/19 8:20,pm,24.195,normal
948,12/9/19 8:40,pm,24.532,normal
949,12/9/19 9:00,pm,24.46,normal
950,12/9/19 9:20,pm,23.136,normal
951,12/9/19 9:40,pm,23.184,normal
952,12/9/19 9:40,pm,,normal
953,12/9/19 9:41,pm,,normal
954,12/9/19 10:00,pm,22.824,normal
955,12/9/19 10:20,pm,20.841,normal
956,12/9/19 10:40,pm,20.436,normal
957,12/9/19 11:00,pm,20.317,normal
958,12/9/19 11:20,pm,19.603,normal
959,12/9/19 11:40,pm,19.294,normal
960,12/9/20 12:00,am,19.246,normal
961,12/9/20 12:20,am,17.843,normal
962,12/9/20 12:40,am,17.534,normal
963,12/9/20 1:00,am,18.033,normal
964,12/9/20 1:20,am,16.225,normal
965,12/9/20 1:40,am,15.796,normal
966,12/9/20 2:00,am,16.01,normal
967,12/9/20 2:20,am,14.194,normal
968,12/9/20 2:40,am,15.008,normal
969,12/9/20 3:00,am,14.218,normal
970,12/9/20 3:20,am,13.112,normal
971,12/9/20 3:40,am,13.978,normal
972,12/9/20 4:00,am,13.329,normal
973,12/9/20 4:20,am,13.497,normal
974,12/9/20 4:40,am,14.026,normal
975,12/9/20 5:00,am,13.546,normal
976,12/9/20 5:20,am,15.533,normal
977,12/9/20 5:40,am,15.366,normal
978,12/9/20 6:00,am,15.557,normal
979,12/9/20 6:20,am,16.939,normal
980,12/9/20 6:40,am,16.463,normal
981,12/9/20 7:00,am,16.987,normal
982,12/9/20 7:20,am,18.366,normal
983,12/9/20 7:40,am,18.985,normal
984,12/9/20 8:00,am,18.58,normal
985,12/9/20 8:20,am,20.269,normal
986,12/9/20 8:40,am,20.126,normal
987,12/9/20 9:00,am,20.031,normal
988,12/9/20 9:20,am,22.992,normal
989,12/9/20 9:40,am,22.633,normal
990,12/9/20 10:00,am,22.609,normal
991,12/9/20 10:20,am,24.992,normal
992,12/9/20 10:40,am,24.823,normal
993,12/9/20 11:00,am,24.629,normal
994,12/9/20 11:20,am,26.5,normal
995,12/9/20 11:40,am,26.182,normal
996,12/9/20 12:00,pm,26.256,normal
997,12/9/20 12:20,pm,26.916,normal
998,12/9/20 12:40,pm,27.014,normal
999,12/9/20 1:00,pm,26.916,normal
1000,12/9/20 1:20,pm,27.456,normal
1001,12/9/20 1:40,pm,27.628,normal
1002,12/9/20 2:00,pm,27.358,normal
1003,12/9/20 2:20,pm,28.295,normal
1004,12/9/20 2:40,pm,28.221,normal
1005,12/9/20 3:00,pm,28.147,normal
1006,12/9/20 3:20,pm,28.147,normal
1007,12/9/20 3:40,pm,28.023,normal
1008,12/9/20 4:00,pm,28.048,normal
1009,12/9/20 4:20,pm,27.604,normal
1010,12/9/20 4:40,pm,27.677,normal
1011,12/9/20 5:00,pm,27.481,normal
1012,12/9/20 5:20,pm,27.112,normal
1013,12/9/20 5:40,pm,26.965,normal
1014,12/9/20 6:00,pm,26.989,normal
1015,12/9/20 6:20,pm,26.256,normal
1016,12/9/20 6:40,pm,26.085,normal
1017,12/9/20 7:00,pm,26.524,normal
1018,12/9/20 7:20,pm,25.258,normal
1019,12/9/20 7:40,pm,25.162,normal
1020,12/9/20 8:00,pm,25.331,normal
1021,12/9/20 8:20,pm,24.195,normal
1022,12/9/20 8:40,pm,24.339,normal
1023,12/9/20 9:00,pm,24.508,normal
1024,12/9/20 9:20,pm,23.064,normal
1025,12/9/20 9:40,pm,22.92,normal
1026,12/9/20 10:00,pm,22.872,normal
1027,12/9/20 10:20,pm,20.936,normal
1028,12/9/20 10:40,pm,20.77,normal
1029,12/9/20 11:00,pm,20.412,normal
1030,12/9/20 11:20,pm,19.651,normal
1031,12/9/20 11:40,pm,19.46,normal
1032,12/9/21 12:00,am,19.746,normal
1033,12/9/21 12:20,am,17.819,normal
1034,12/9/21 12:40,am,17.582,normal
1035,12/9/21 1:00,am,17.534,normal
1036,12/9/21 1:20,am,15.939,normal
1037,12/9/21 1:40,am,16.177,normal
1038,12/9/21 2:00,am,15.629,normal
1039,12/9/21 2:20,am,15.055,normal
1040,12/9/21 2:40,am,14.242,normal
1041,12/9/21 3:00,am,14.17,normal
1042,12/9/21 3:20,am,13.594,normal
1043,12/9/21 3:40,am,13.473,normal
1044,12/9/21 4:00,am,13.088,normal
1045,12/9/21 4:20,am,14.266,normal
1046,12/9/21 4:40,am,13.738,normal
1047,12/9/21 5:00,am,13.762,normal
1048,12/9/21 5:20,am,15.438,normal
1049,12/9/21 5:40,am,15.127,normal
1050,12/9/21 6:00,am,15.103,normal
1051,12/9/21 6:20,am,16.844,normal
1052,12/9/21 6:40,am,16.654,normal
1053,12/9/21 7:00,am,17.486,normal
1054,12/9/21 7:20,am,18.747,normal
1055,12/9/21 7:40,am,18.699,normal
1056,12/9/21 8:00,am,18.794,normal
1057,12/9/21 8:20,am,21.079,normal
1058,12/9/21 8:40,am,20.507,normal
1059,12/9/21 9:00,am,20.126,normal
1060,12/9/21 9:20,am,23.232,normal
1061,12/9/21 9:40,am,22.657,normal
1062,12/9/21 10:00,am,22.321,normal
1063,12/9/21 10:04,am,Logged,normal
1064,12/9/21 10:04,am,Logged,normal
1065,12/9/21 10:04,am,Logged,normal
1066,12/9/21 10:20,am,24.436,normal
1067,12/9/21 10:40,am,24.605,normal
1068,12/9/21 11:00,am,24.05,normal
1069,12/9/21 11:20,am,25.914,normal
1070,12/9/21 11:40,am,25.963,normal
1071,12/9/21 12:00,pm,25.647,normal
1072,12/9/21 12:20,pm,26.28,normal
1073,12/9/21 12:40,pm,26.646,normal
1074,12/9/21 1:00,pm,26.622,normal
1075,12/9/21 1:20,pm,26.256,normal
1076,12/9/21 1:40,pm,28.394,normal
1077,12/9/21 2:00,pm,27.112,normal
1078,12/9/21 2:20,pm,28.32,normal
1079,12/9/21 2:40,pm,28.122,normal
1080,12/9/21 3:00,pm,28.023,normal
1081,12/9/21 3:20,pm,28.171,normal
1082,12/9/21 3:40,pm,28.097,normal
1083,12/9/21 4:00,pm,27.998,normal
1084,12/9/21 4:20,pm,27.284,normal
1085,12/9/21 4:40,pm,27.358,normal
1086,12/9/21 5:00,pm,27.431,normal
1087,12/9/21 5:20,pm,26.5,normal
1088,12/9/21 5:40,pm,26.695,normal
1089,12/9/21 6:00,pm,26.916,normal
1090,12/9/21 6:20,pm,26.451,normal
1091,12/9/21 6:40,pm,25.939,normal
1092,12/9/21 7:00,pm,25.866,normal
1093,12/9/21 7:20,pm,25.089,normal
1094,12/9/21 7:40,pm,24.847,normal
1095,12/9/21 8:00,pm,26.207,normal
1096,12/9/21 8:20,pm,24.412,normal
1097,12/9/21 8:40,pm,24.291,normal
1098,12/9/21 9:00,pm,24.363,normal
1099,12/9/21 9:20,pm,22.681,normal
1100,12/9/21 9:40,pm,22.274,normal
1101,12/9/21 10:00,pm,22.8,normal
1102,12/9/21 10:20,pm,20.46,normal
1103,12/9/21 10:40,pm,20.817,normal
1104,12/9/21 11:00,pm,20.889,normal
1105,12/9/21 11:20,pm,19.008,normal
1106,12/9/21 11:40,pm,19.318,normal
1107,12/9/22 12:00,am,19.436,normal
1108,12/9/22 12:20,am,17.225,normal
1109,12/9/22 12:40,am,17.272,normal
1110,12/9/22 1:00,am,17.938,normal
1111,12/9/22 1:20,am,15.772,normal
1112,12/9/22 1:40,am,15.151,normal
1113,12/9/22 2:00,am,16.034,normal
1114,12/9/22 2:20,am,13.546,normal
1115,12/9/22 2:40,am,13.93,normal
1116,12/9/22 3:00,am,14.122,normal
1117,12/9/22 3:20,am,13.064,normal
1118,12/9/22 3:40,am,13.185,normal
1119,12/9/22 4:00,am,12.992,normal
1120,12/9/22 4:20,am,13.858,normal
1121,12/9/22 4:40,am,13.401,normal
1122,12/9/22 5:00,am,13.642,normal
1123,12/9/22 5:20,am,15.127,normal
1124,12/9/22 5:40,am,14.721,normal
1125,12/9/22 6:00,am,14.649,normal
1126,12/9/22 6:20,am,16.701,normal
1127,12/9/22 6:40,am,16.606,normal
1128,12/9/22 7:00,am,17.011,normal
1129,12/9/22 7:20,am,18.604,normal
1130,12/9/22 7:40,am,18.39,normal
1131,12/9/22 8:00,am,18.295,normal
1132,12/9/22 8:20,am,20.793,normal
1133,12/9/22 8:40,am,20.293,normal
1134,12/9/22 9:00,am,20.531,normal
1135,12/9/22 9:20,am,22.082,normal
1136,12/9/22 9:40,am,22.417,normal
1137,12/9/22 10:00,am,22.298,normal
1138,12/9/22 10:20,am,25.162,normal
1139,12/9/22 10:40,am,24.726,normal
1140,12/9/22 11:00,am,24.823,normal
1141,12/9/22 11:20,am,26.475,normal
1142,12/9/22 11:40,am,26.622,normal
1143,12/9/22 12:00,pm,26.28,normal
1144,12/9/22 12:20,pm,27.235,normal
1145,12/9/22 12:40,pm,27.259,normal
1146,12/9/22 1:00,pm,27.308,normal
1147,12/9/22 1:20,pm,27.382,normal
1148,12/9/22 1:40,pm,27.702,normal
1149,12/9/22 2:00,pm,27.949,normal
1150,12/9/22 2:20,pm,28.518,normal
1151,12/9/22 2:40,pm,28.27,normal
1152,12/9/22 3:00,pm,28.593,normal
1153,12/9/22 3:20,pm,28.468,normal
1154,12/9/22 3:40,pm,28.468,normal
1155,12/9/22 4:00,pm,28.394,normal
1156,12/9/22 4:20,pm,27.85,normal
1157,12/9/22 4:40,pm,27.751,normal
1158,12/9/22 5:00,pm,27.825,normal
1159,12/9/22 5:20,pm,27.308,normal
1160,12/9/22 5:40,pm,27.014,normal
1161,12/9/22 6:00,pm,27.112,normal
1162,12/9/22 6:20,pm,26.671,normal
1163,12/9/22 6:40,pm,26.5,normal
1164,12/9/22 7:00,pm,26.378,normal
1165,12/9/22 7:20,pm,25.501,normal
1166,12/9/22 7:40,pm,25.428,normal
1167,12/9/22 8:00,pm,25.283,normal
1168,12/9/22 8:20,pm,24.581,normal
1169,12/9/22 8:40,pm,24.098,normal
1170,12/9/22 9:00,pm,24.195,normal
1171,12/9/22 9:04,pm,,normal
1172,12/9/22 9:06,pm,,normal
1173,12/9/22 9:07,pm,,normal
1174,12/9/22 9:20,pm,22.968,normal
1175,12/9/22 9:40,pm,22.776,normal
1176,12/9/22 10:00,pm,22.633,normal
1177,12/9/22 10:20,pm,20.269,normal
1178,12/9/22 10:40,pm,20.222,normal
1179,12/9/22 11:00,pm,20.317,normal
1180,12/9/22 11:20,pm,19.151,normal
1181,12/9/22 11:40,pm,19.222,normal
1182,12/9/23 12:00,am,19.508,normal
1183,12/9/23 12:20,am,17.225,normal
1184,12/9/23 12:40,am,17.653,normal
1185,12/9/23 1:00,am,17.843,normal
1186,12/9/23 1:20,am,15.175,normal
1187,12/9/23 1:40,am,16.106,normal
1188,12/9/23 2:00,am,15.509,normal
1189,12/9/23 2:20,am,14.002,normal
1190,12/9/23 2:40,am,13.594,normal
1191,12/9/23 3:00,am,13.425,normal
1192,12/9/23 3:20,am,12.606,normal
1193,12/9/23 3:40,am,12.437,normal
1194,12/9/23 4:00,am,12.437,normal
1195,12/9/23 4:20,am,14.146,normal
1196,12/9/23 4:40,am,13.449,normal
1197,12/9/23 5:00,am,13.088,normal
1198,12/9/23 5:20,am,15.366,normal
1199,12/9/23 5:40,am,15.27,normal
1200,12/9/23 6:00,am,15.127,normal
1201,12/9/23 6:20,am,16.725,normal
1202,12/9/23 6:40,am,16.177,normal
1203,12/9/23 7:00,am,16.677,normal
1204,12/9/23 7:20,am,18.842,normal
1205,12/9/23 7:40,am,18.509,normal
1206,12/9/23 8:00,am,18.224,normal
1207,12/9/23 8:20,am,20.412,normal
1208,12/9/23 8:40,am,20.055,normal
1209,12/9/23 9:00,am,19.936,normal
1210,12/9/23 9:20,am,22.705,normal
1211,12/9/23 9:40,am,22.513,normal
1212,12/9/23 10:00,am,22.345,normal
1213,12/9/23 10:20,am,24.581,normal
1214,12/9/23 10:40,am,24.702,normal
1215,12/9/23 11:00,am,24.605,normal
1216,12/9/23 11:20,am,26.256,normal
1217,12/9/23 11:40,am,26.085,normal
1218,12/9/23 12:00,pm,26.134,normal
1219,12/9/23 12:20,pm,27.136,normal
1220,12/9/23 12:40,pm,27.038,normal
1221,12/9/23 1:00,pm,26.818,normal
1222,12/9/23 1:20,pm,27.727,normal
1223,12/9/23 1:40,pm,27.727,normal
1224,12/9/23 2:00,pm,27.85,normal
1225,12/9/23 2:20,pm,28.097,normal
1226,12/9/23 2:40,pm,28.196,normal
1227,12/9/23 3:00,pm,28.221,normal
1228,12/9/23 3:20,pm,28.122,normal
1229,12/9/23 3:40,pm,28.369,normal
1230,12/9/23 4:00,pm,28.221,normal
1231,12/9/23 4:20,pm,27.702,normal
1232,12/9/23 4:40,pm,27.554,normal
1233,12/9/23 5:00,pm,27.751,normal
1234,12/9/23 5:20,pm,27.014,normal
1235,12/9/23 5:40,pm,27.014,normal
1236,12/9/23 6:00,pm,27.136,normal
1237,12/9/23 6:20,pm,26.304,normal
1238,12/9/23 6:40,pm,26.378,normal
1239,12/9/23 7:00,pm,26.5,normal
1240,12/9/23 7:20,pm,25.355,normal
1241,12/9/23 7:40,pm,25.21,normal
1242,12/9/23 8:00,pm,25.234,normal
1243,12/9/23 8:20,pm,24.146,normal
1244,12/9/23 8:40,pm,24.243,normal
1245,12/9/23 9:00,pm,23.954,normal
1246,12/9/23 9:20,pm,22.489,normal
1247,12/9/23 9:40,pm,22.465,normal
1248,12/9/23 10:00,pm,22.657,normal
1249,12/9/23 10:20,pm,20.246,normal
1250,12/9/23 10:40,pm,20.007,normal
1251,12/9/23 11:00,pm,20.079,normal
1252,12/9/23 11:20,pm,19.413,normal
1253,12/9/23 11:40,pm,18.937,normal
1254,12/9/24 12:00,am,19.365,normal
1255,12/9/24 12:20,am,17.272,normal
1256,12/9/24 12:40,am,17.177,normal
1257,12/9/24 1:00,am,17.867,normal
1258,12/9/24 1:20,am,15.509,normal
1259,12/9/24 1:40,am,15.485,normal
1260,12/9/24 2:00,am,15.891,normal
1261,12/9/24 2:20,am,13.473,normal
1262,12/9/24 2:40,am,13.425,normal
1263,12/9/24 3:00,am,13.738,normal
1264,12/9/24 3:20,am,12.437,normal
1265,12/9/24 3:40,am,12.63,normal
1266,12/9/24 4:00,am,12.775,normal
1267,12/9/24 4:20,am,13.473,normal
1268,12/9/24 4:40,am,13.642,normal
1269,12/9/24 5:00,am,13.161,normal
1270,12/9/24 5:20,am,15.031,normal
1271,12/9/24 5:40,am,14.649,normal
1272,12/9/24 6:00,am,14.768,normal
1273,12/9/24 6:20,am,16.582,normal
1274,12/9/24 6:40,am,16.439,normal
1275,12/9/24 7:00,am,16.225,normal
1276,12/9/24 7:20,am,18.747,normal
1277,12/9/24 7:40,am,18.533,normal
1278,12/9/24 8:00,am,18.2,normal
1279,12/9/24 8:20,am,20.841,normal
1280,12/9/24 8:20,am,,normal
1281,12/9/24 8:21,am,,normal
1282,12/9/24 8:22,am,,normal
1283,12/9/24 8:40,am,20.65,normal
1284,12/9/24 9:00,am,20.007,normal
1285,12/9/24 9:20,am,22.705,normal
1286,12/9/24 9:40,am,21.891,normal
1287,12/9/24 10:00,am,21.939,normal
1288,12/9/24 10:20,am,24.895,normal
1289,12/9/24 10:40,am,24.629,normal
1290,12/9/24 11:00,am,24.629,normal
1291,12/9/24 11:20,am,26.5,normal
1292,12/9/24 11:40,am,26.402,normal
1293,12/9/24 12:00,pm,26.182,normal
1294,12/9/24 12:20,pm,27.014,normal
1295,12/9/24 12:40,pm,27.087,normal
1296,12/9/24 1:00,pm,27.014,normal
1297,12/9/24 1:20,pm,27.653,normal
1298,12/9/24 1:40,pm,27.727,normal
1299,12/9/24 2:00,pm,27.653,normal
1300,12/9/24 2:20,pm,28.221,normal
1301,12/9/24 2:40,pm,28.147,normal
1302,12/9/24 3:00,pm,28.147,normal
1303,12/9/24 3:20,pm,28.122,normal
1304,12/9/24 3:40,pm,28.122,normal
1305,12/9/24 4:00,pm,28.295,normal
1306,12/9/24 4:20,pm,27.677,normal
1307,12/9/24 4:40,pm,27.505,normal
1308,12/9/24 5:00,pm,27.751,normal
1309,12/9/24 5:20,pm,26.94,normal
1310,12/9/24 5:40,pm,27.014,normal
1311,12/9/24 6:00,pm,27.063,normal
1312,12/9/24 6:20,pm,26.329,normal
1313,12/9/24 6:40,pm,26.5,normal
1314,12/9/24 7:00,pm,26.475,normal
1315,12/9/24 7:20,pm,25.113,normal
1316,12/9/24 7:40,pm,25.258,normal
1317,12/9/24 8:00,pm,25.307,normal
1318,12/9/24 8:20,pm,24.171,normal
1319,12/9/24 8:40,pm,24.339,normal
1320,12/9/24 9:00,pm,24.122,normal
1321,12/9/24 9:20,pm,22.896,normal
1322,12/9/24 9:40,pm,22.226,normal
1323,12/9/24 10:00,pm,22.561,normal
1324,12/9/24 10:20,pm,20.317,normal
1325,12/9/24 10:40,pm,19.936,normal
1326,12/9/24 11:00,pm,20.174,normal
1327,12/9/24 11:20,pm,19.532,normal
1328,12/9/24 11:40,pm,19.08,normal
1329,12/9/25 12:00,am,19.508,normal
1330,12/9/25 12:20,am,17.558,normal
1331,12/9/25 12:40,am,17.034,normal
1332,12/9/25 1:00,am,17.629,normal
1333,12/9/25 1:20,am,15.915,normal
1334,12/9/25 1:40,am,15.867,normal
1335,12/9/25 2:00,am,15.629,normal
1336,12/9/25 2:20,am,14.409,normal
1337,12/9/25 2:40,am,14.146,normal
1338,12/9/25 3:00,am,13.738,normal
1339,12/9/25 3:20,am,13.088,normal
1340,12/9/25 3:40,am,12.823,normal
1341,12/9/25 4:00,am,12.534,normal
1342,12/9/25 4:20,am,14.17,normal
1343,12/9/25 4:40,am,13.642,normal
1344,12/9/25 5:00,am,13.161,normal
1345,12/9/25 5:20,am,15.318,normal
1346,12/9/25 5:40,am,15.199,normal
1347,12/9/25 6:00,am,15.127,normal
1348,12/9/25 6:20,am,16.034,normal
1349,12/9/25 6:40,am,15.867,normal
1350,12/9/25 7:00,am,15.867,normal
1351,12/9/25 7:20,am,18.889,normal
1352,12/9/25 7:40,am,18.176,normal
1353,12/9/25 8:00,am,19.222,normal
1354,12/9/25 8:20,am,19.674,normal
1355,12/9/25 8:40,am,19.698,normal
1356,12/9/25 9:00,am,20.269,normal
1357,12/9/25 9:20,am,23.184,normal
1358,12/9/25 9:40,am,22.13,normal
1359,12/9/25 10:00,am,21.867,normal
1360,12/9/25 10:20,am,25.21,normal
1361,12/9/25 10:40,am,24.339,normal
1362,12/9/25 11:00,am,24.605,normal
1363,12/9/25 11:20,am,25.404,normal
1364,12/9/25 11:40,am,26.378,normal
1365,12/9/25 12:00,pm,25.914,normal
1366,12/9/25 12:20,pm,26.402,normal
1367,12/9/25 12:40,pm,26.28,normal
1368,12/9/25 1:00,pm,26.451,normal
1369,12/9/25 1:20,pm,28.048,normal
1370,12/9/25 1:40,pm,29.34,normal
1371,12/9/25 2:00,pm,26.989,normal
1372,12/9/25 2:20,pm,28.965,normal
1373,12/9/25 2:40,pm,27.825,normal
1374,12/9/25 3:00,pm,27.604,normal
1375,12/9/25 3:20,pm,27.382,normal
1376,12/9/25 3:40,pm,28.543,normal
1377,12/9/25 4:00,pm,28.097,normal
1378,12/9/25 4:20,pm,27.702,normal
1379,12/9/25 4:40,pm,27.53,normal
1380,12/9/25 5:00,pm,27.456,normal
1381,12/9/25 5:20,pm,27.21,normal
1382,12/9/25 5:40,pm,26.842,normal
1383,12/9/25 6:00,pm,26.965,normal
1384,12/9/25 6:20,pm,26.451,normal
1385,12/9/25 6:40,pm,25.914,normal
1386,12/9/25 7:00,pm,27.505,normal
1387,12/9/25 7:20,pm,25.21,normal
1388,12/9/25 7:40,pm,25.404,normal
1389,12/9/25 8:00,pm,25.404,normal
1390,12/9/25 8:20,pm,24.339,normal
1391,12/9/25 8:40,pm,24.146,normal
1392,12/9/25 9:00,pm,24.532,normal
1393,12/9/25 9:20,pm,22.705,normal
1394,12/9/25 9:40,pm,22.441,normal
1395,12/9/25 10:00,pm,23.881,normal
1396,12/9/25 10:20,pm,20.841,normal
1397,12/9/25 10:40,pm,20.341,normal
1398,12/9/25 11:00,pm,20.722,normal
1399,12/9/25 11:20,pm,19.484,normal
1400,12/9/25 11:40,pm,19.579,normal
1401,12/9/26 12:00,am,19.318,normal
1402,12/9/26 12:20,am,17.391,normal
1403,12/9/26 12:40,am,17.296,normal
1404,12/9/26 1:00,am,17.867,normal
1405,12/9/26 1:20,am,15.796,normal
1406,12/9/26 1:40,am,15.199,normal
1407,12/9/26 2:00,am,15.963,normal
1408,12/9/26 2:20,am,14.337,normal
1409,12/9/26 2:40,am,14.026,normal
1410,12/9/26 3:00,am,14.505,normal
1411,12/9/26 3:20,am,12.823,normal
1412,12/9/26 3:40,am,13.329,normal
1413,12/9/26 4:00,am,13.209,normal
1414,12/9/26 4:20,am,13.666,normal
1415,12/9/26 4:40,am,13.546,normal
1416,12/9/26 5:00,am,13.497,normal
1417,12/9/26 5:20,am,15.772,normal
1418,12/9/26 5:40,am,14.912,normal
1419,12/9/26 6:00,am,14.768,normal
1420,12/9/26 6:20,am,16.487,normal
1421,12/9/26 6:40,am,16.368,normal
1422,12/9/26 7:00,am,17.486,normal
1423,12/9/26 7:20,am,18.224,normal
1424,12/9/26 7:40,am,18.675,normal
1425,12/9/26 8:00,am,19.199,normal
1426,12/9/26 8:20,am,20.174,normal
1427,12/9/26 8:40,am,20.055,normal
1428,12/9/26 9:00,am,20.055,normal
1429,12/9/26 9:20,am,23.016,normal
1430,12/9/26 9:40,am,22.417,normal
1431,12/9/26 10:00,am,22.633,normal
1432,12/9/26 10:20,am,24.919,normal
1433,12/9/26 10:40,am,24.919,normal
1434,12/9/26 11:00,am,24.726,normal
1435,12/9/26 11:20,am,26.573,normal
1436,12/9/26 11:40,am,26.402,normal
1437,12/9/26 12:00,pm,26.085,normal
1438,12/9/26 12:20,pm,27.21,normal
1439,12/9/26 12:40,pm,26.965,normal
1440,12/9/26 1:00,pm,26.769,normal
1441,12/9/26 1:20,pm,27.751,normal
1442,12/9/26 1:40,pm,27.554,normal
1443,12/9/26 2:00,pm,27.481,normal
1444,12/9/26 2:20,pm,28.221,normal
1445,12/9/26 2:40,pm,27.949,normal
1446,12/9/26 3:00,pm,28.097,normal
1447,12/9/26 3:20,pm,28.048,normal
1448,12/9/26 3:40,pm,27.949,normal
1449,12/9/26 4:00,pm,28.245,normal
1450,12/9/26 4:20,pm,27.382,normal
1451,12/9/26 4:40,pm,27.702,normal
1452,12/9/26 5:00,pm,27.407,normal
1453,12/9/26 5:20,pm,26.989,normal
1454,12/9/26 5:40,pm,26.867,normal
1455,12/9/26 6:00,pm,26.891,normal
1456,12/9/26 6:20,pm,26.671,normal
1457,12/9/26 6:40,pm,26.671,normal
1458,12/9/26 7:00,pm,26.329,normal
1459,12/9/26 7:20,pm,25.453,normal
1460,12/9/26 7:40,pm,25.38,normal
1461,12/9/26 8:00,pm,25.162,normal
1462,12/9/26 8:20,pm,24.484,normal
1463,12/9/26 8:40,pm,24.146,normal
1464,12/9/26 9:00,pm,24.074,normal
1465,12/9/26 9:09,pm,,normal
1466,12/9/26 9:10,pm,,normal
1467,12/9/26 9:20,pm,23.857,normal
1468,12/9/26 9:40,pm,22.824,normal
1469,12/9/26 10:00,pm,22.944,normal
1470,12/9/26 10:20,pm,20.841,normal
1471,12/9/26 10:40,pm,20.46,normal
1472,12/9/26 11:00,pm,20.46,normal
1473,12/9/26 11:20,pm,19.603,normal
1474,12/9/26 11:40,pm,19.793,normal
1475,12/9/27 12:00,am,19.294,normal
1476,12/9/27 12:20,am,17.891,normal
1477,12/9/27 12:40,am,17.486,normal
1478,12/9/27 1:00,am,17.796,normal
1479,12/9/27 1:20,am,15.939,normal
1480,12/9/27 1:40,am,16.272,normal
1481,12/9/27 2:00,am,15.605,normal
1482,12/9/27 2:20,am,14.337,normal
1483,12/9/27 2:40,am,13.858,normal
1484,12/9/27 3:00,am,14.002,normal
1485,12/9/27 3:20,am,13.04,normal
1486,12/9/27 3:40,am,13.257,normal
1487,12/9/27 4:00,am,13.137,normal
1488,12/9/27 4:20,am,13.786,normal
1489,12/9/27 4:40,am,13.642,normal
1490,12/9/27 5:00,am,13.473,normal
1491,12/9/27 5:20,am,15.509,normal
1492,12/9/27 5:40,am,15.533,normal
1493,12/9/27 6:00,am,15.342,normal
1494,12/9/27 6:20,am,16.844,normal
1495,12/9/27 6:40,am,16.725,normal
1496,12/9/27 7:00,am,16.725,normal
1497,12/9/27 7:20,am,18.699,normal
1498,12/9/27 7:40,am,18.604,normal
1499,12/9/27 8:00,am,18.438,normal
1500,12/9/27 8:20,am,20.65,normal
1501,12/9/27 8:40,am,20.174,normal
1502,12/9/27 9:00,am,19.984,normal
1503,12/9/27 9:20,am,23.088,normal
1504,12/9/27 9:40,am,22.561,normal
1505,12/9/27 10:00,am,22.705,normal
1506,12/9/27 10:20,am,24.726,normal
1507,12/9/27 10:40,am,24.653,normal
1508,12/9/27 11:00,am,24.75,normal
1509,12/9/27 11:20,am,26.402,normal
1510,12/9/27 11:40,am,26.353,normal
1511,12/9/27 12:00,pm,26.353,normal
1512,12/9/27 12:20,pm,27.087,normal
1513,12/9/27 12:40,pm,27.112,normal
1514,12/9/27 1:00,pm,27.186,normal
1515,12/9/27 1:20,pm,27.875,normal
1516,12/9/27 1:40,pm,27.727,normal
1517,12/9/27 2:00,pm,27.825,normal
1518,12/9/27 2:20,pm,28.245,normal
1519,12/9/27 2:40,pm,28.345,normal
1520,12/9/27 3:00,pm,28.468,normal
1521,12/9/27 3:20,pm,28.419,normal
1522,12/9/27 3:40,pm,28.295,normal
1523,12/9/27 4:00,pm,28.32,normal
1524,12/9/27 4:20,pm,27.998,normal
1525,12/9/27 4:40,pm,27.751,normal
1526,12/9/27 5:00,pm,27.677,normal
1527,12/9/27 5:20,pm,27.21,normal
1528,12/9/27 5:40,pm,27.235,normal
1529,12/9/27 6:00,pm,27.186,normal
1530,12/9/27 6:20,pm,26.622,normal
1531,12/9/27 6:40,pm,26.646,normal
1532,12/9/27 7:00,pm,26.549,normal
1533,12/9/27 7:20,pm,25.744,normal
1534,12/9/27 7:40,pm,25.501,normal
1535,12/9/27 8:00,pm,25.404,normal
1536,12/9/27 8:20,pm,24.605,normal
1537,12/9/27 8:40,pm,24.605,normal
1538,12/9/27 9:00,pm,24.532,normal
1539,12/9/27 9:20,pm,23.184,normal
1540,12/9/27 9:40,pm,22.8,normal
1541,12/9/27 10:00,pm,22.729,normal
1542,12/9/27 10:20,pm,20.817,normal
1543,12/9/27 10:40,pm,20.365,normal
1544,12/9/27 11:00,pm,20.46,normal
1545,12/9/27 11:20,pm,19.817,normal
1546,12/9/27 11:40,pm,19.508,normal
1547,12/9/28 12:00,am,19.46,normal
1548,12/9/28 12:20,am,17.796,normal
1549,12/9/28 12:40,am,17.582,normal
1550,12/9/28 1:00,am,17.534,normal
1551,12/9/28 1:20,am,15.986,normal
1552,12/9/28 1:40,am,16.082,normal
1553,12/9/28 2:00,am,15.652,normal
1554,12/9/28 2:20,am,14.266,normal
1555,12/9/28 2:40,am,14.505,normal
1556,12/9/28 3:00,am,14.361,normal
1557,12/9/28 3:20,am,13.281,normal
1558,12/9/28 3:40,am,13.522,normal
1559,12/9/28 4:00,am,13.353,normal
1560,12/9/28 4:20,am,13.618,normal
1561,12/9/28 4:40,am,13.473,normal
1562,12/9/28 5:00,am,13.834,normal
1563,12/9/28 5:20,am,15.485,normal
1564,12/9/28 5:40,am,15.557,normal
1565,12/9/28 6:00,am,15.223,normal
1566,12/9/28 6:20,am,16.987,normal
1567,12/9/28 6:40,am,16.749,normal
1568,12/9/28 7:00,am,16.701,normal
1569,12/9/28 7:20,am,19.413,normal
1570,12/9/28 7:40,am,18.866,normal
1571,12/9/28 8:00,am,19.008,normal
1572,12/9/28 8:20,am,20.65,normal
1573,12/9/28 8:40,am,20.603,normal
1574,12/9/28 9:00,am,20.484,normal
1575,12/9/28 9:20,am,22.681,normal
1576,12/9/28 9:40,am,22.729,normal
1577,12/9/28 10:00,am,22.633,normal
1578,12/9/28 10:20,am,25.04,normal
1579,12/9/28 10:40,am,24.726,normal
1580,12/9/28 11:00,am,24.702,normal
1581,12/9/28 11:11,am,,normal
1582,12/9/28 11:12,am,,normal
1583,12/9/28 11:20,am,26.304,normal
1584,12/9/28 11:40,am,26.256,normal
1585,12/9/28 12:00,pm,26.182,normal
1586,12/9/28 12:20,pm,27.235,normal
1587,12/9/28 12:40,pm,27.014,normal
1588,12/9/28 1:00,pm,27.014,normal
1589,12/9/28 1:20,pm,27.949,normal
1590,12/9/28 1:40,pm,27.677,normal
1591,12/9/28 2:00,pm,27.727,normal
1592,12/9/28 2:20,pm,28.196,normal
1593,12/9/28 2:40,pm,28.147,normal
1594,12/9/28 3:00,pm,28.345,normal
1595,12/9/28 3:20,pm,28.245,normal
1596,12/9/28 3:40,pm,28.642,normal
1597,12/9/28 4:00,pm,28.27,normal
1598,12/9/28 4:20,pm,27.702,normal
1599,12/9/28 4:40,pm,27.53,normal
1600,12/9/28 5:00,pm,27.382,normal
1601,12/9/28 5:20,pm,27.038,normal
1602,12/9/28 5:40,pm,27.014,normal
1603,12/9/28 6:00,pm,27.014,normal
1604,12/9/28 6:20,pm,26.475,normal
1605,12/9/28 6:40,pm,26.5,normal
1606,12/9/28 7:00,pm,26.524,normal
1607,12/9/28 7:20,pm,25.331,normal
1608,12/9/28 7:40,pm,25.307,normal
1609,12/9/28 8:00,pm,25.598,normal
1610,12/9/28 8:20,pm,24.484,normal
1611,12/9/28 8:40,pm,24.629,normal
1612,12/9/28 9:00,pm,24.436,normal
1613,12/9/28 9:20,pm,22.968,normal
1614,12/9/28 9:40,pm,22.8,normal
1615,12/9/28 10:00,pm,22.872,normal
1616,12/9/28 10:20,pm,20.746,normal
1617,12/9/28 10:40,pm,20.436,normal
1618,12/9/28 11:00,pm,20.174,normal
1619,12/9/28 11:20,pm,19.318,normal
1620,12/9/28 11:40,pm,19.603,normal
1621,12/9/29 12:00,am,19.413,normal
1622,12/9/29 12:20,am,17.486,normal
1623,12/9/29 12:40,am,17.796,normal
1624,12/9/29 1:00,am,17.439,normal
1625,12/9/29 1:20,am,15.533,normal
1626,12/9/29 1:40,am,15.772,normal
1627,12/9/29 2:00,am,15.438,normal
1628,12/9/29 2:20,am,13.81,normal
1629,12/9/29 2:40,am,14.242,normal
1630,12/9/29 3:00,am,13.978,normal
1631,12/9/29 3:20,am,12.799,normal
1632,12/9/29 3:40,am,13.353,normal
1633,12/9/29 4:00,am,12.92,normal
1634,12/9/29 4:20,am,13.377,normal
1635,12/9/29 4:40,am,13.185,normal
1636,12/9/29 5:00,am,13.738,normal
1637,12/9/29 5:20,am,15.963,normal
1638,12/9/29 5:40,am,15.175,normal
1639,12/9/29 6:00,am,15.079,normal
1640,12/9/29 6:20,am,16.677,normal
1641,12/9/29 6:40,am,16.63,normal
1642,12/9/29 7:00,am,16.677,normal
1643,12/9/29 7:20,am,19.318,normal
1644,12/9/29 7:40,am,18.913,normal
1645,12/9/29 8:00,am,19.032,normal
1646,12/9/29 8:20,am,20.746,normal
1647,12/9/29 8:40,am,20.65,normal
1648,12/9/29 9:00,am,20.317,normal
1649,12/9/29 9:20,am,22.729,normal
1650,12/9/29 9:40,am,22.657,normal
1651,12/9/29 10:00,am,22.561,normal
1652,12/9/29 10:20,am,24.919,normal
1653,12/9/29 10:40,am,24.726,normal
1654,12/9/29 11:00,am,24.605,normal
1655,12/9/29 11:20,am,26.744,normal
1656,12/9/29 11:40,am,26.426,normal
1657,12/9/29 12:00,pm,26.426,normal
1658,12/9/29 12:20,pm,27.063,normal
1659,12/9/29 12:40,pm,27.161,normal
1660,12/9/29 1:00,pm,27.161,normal
1661,12/9/29 1:20,pm,27.949,normal
1662,12/9/29 1:40,pm,27.751,normal
1663,12/9/29 2:00,pm,27.949,normal
1664,12/9/29 2:20,pm,28.295,normal
1665,12/9/29 2:40,pm,28.394,normal
1666,12/9/29 3:00,pm,28.419,normal
1667,12/9/29 3:20,pm,28.345,normal
1668,12/9/29 3:40,pm,28.345,normal
1669,12/9/29 4:00,pm,28.419,normal
1670,12/9/29 4:20,pm,27.776,normal
1671,12/9/29 4:40,pm,27.653,normal
1672,12/9/29 5:00,pm,27.677,normal
1673,12/9/29 5:20,pm,27.136,normal
1674,12/9/29 5:40,pm,27.063,normal
1675,12/9/29 6:00,pm,27.136,normal
1676,12/9/29 6:20,pm,26.671,normal
1677,12/9/29 6:40,pm,26.475,normal
1678,12/9/29 7:00,pm,26.622,normal
1679,12/9/29 7:20,pm,25.501,normal
1680,12/9/29 7:40,pm,25.477,normal
1681,12/9/29 8:00,pm,25.453,normal
1682,12/9/29 8:20,pm,24.339,normal
1683,12/9/29 8:40,pm,24.363,normal
1684,12/9/29 9:00,pm,24.267,normal
1685,12/9/29 9:20,pm,22.872,normal
1686,12/9/29 9:40,pm,22.753,normal
1687,12/9/29 10:00,pm,22.705,normal
1688,12/9/29 10:20,pm,20.793,normal
1689,12/9/29 10:40,pm,20.507,normal
1690,12/9/29 11:00,pm,20.365,normal
1691,12/9/29 11:20,pm,19.77,normal
1692,12/9/29 11:40,pm,19.603,normal
1693,12/9/30 12:00,am,19.579,normal
1694,12/9/30 12:20,am,17.51,normal
1695,12/9/30 12:40,am,17.701,normal
1696,12/9/30 1:00,am,17.843,normal
1697,12/9/30 1:20,am,15.652,normal
1698,12/9/30 1:40,am,15.175,normal
1699,12/9/30 2:00,am,15.605,normal
1700,12/9/30 2:20,am,14.17,normal
1701,12/9/30 2:40,am,14.29,normal
1702,12/9/30 3:00,am,13.882,normal
1703,12/9/30 3:20,am,13.016,normal
1704,12/9/30 3:40,am,13.353,normal
1705,12/9/30 4:00,am,12.992,normal
1706,12/9/30 4:20,am,13.161,normal
1707,12/9/30 4:40,am,13.546,normal
1708,12/9/30 5:00,am,13.714,normal
1709,12/9/30 5:20,am,14.577,normal
1710,12/9/30 5:40,am,15.509,normal
1711,12/9/30 6:00,am,15.39,normal
1712,12/9/30 6:20,am,16.654,normal
1713,12/9/30 6:40,am,16.773,normal
1714,12/9/30 7:00,am,16.463,normal
1715,12/9/30 7:20,am,19.555,normal
1716,12/9/30 7:40,am,19.056,normal
1717,12/9/30 8:00,am,18.652,normal
1718,12/9/30 8:20,am,20.174,normal
1719,12/9/30 8:40,am,20.365,normal
1720,12/9/30 9:00,am,20.317,normal
1721,12/9/30 9:20,am,22.585,normal
1722,12/9/30 9:40,am,22.489,normal
1723,12/9/30 10:00,am,22.657,normal
1724,12/9/30 10:20,am,24.895,normal
1725,12/9/30 10:40,am,24.532,normal
1726,12/9/30 11:00,am,24.243,normal
1727,12/9/30 11:20,am,26.475,normal
1728,12/9/30 11:40,am,26.28,normal
1729,12/9/30 12:00,pm,26.329,normal
1730,12/9/30 12:20,pm,27.063,normal
1731,12/9/30 12:40,pm,27.161,normal
1732,12/9/30 1:00,pm,27.235,normal
1733,12/9/30 1:20,pm,27.949,normal
1734,12/9/30 1:40,pm,27.776,normal
1735,12/9/30 2:00,pm,27.776,normal
1736,12/9/30 2:20,pm,28.221,normal
1737,12/9/30 2:40,pm,28.245,normal
1738,12/9/30 3:00,pm,28.147,normal
1739,12/9/30 3:20,pm,28.692,normal
1740,12/9/30 3:40,pm,28.369,normal
1741,12/9/30 4:00,pm,28.27,normal
1742,12/9/30 4:20,pm,27.751,normal
1743,12/9/30 4:40,pm,27.776,normal
1744,12/9/30 5:00,pm,28.023,normal
1745,12/9/30 5:20,pm,27.087,normal
1746,12/9/30 5:40,pm,27.161,normal
1747,12/9/30 6:00,pm,27.087,normal
1748,12/9/30 6:20,pm,26.72,normal
1749,12/9/30 6:40,pm,26.549,normal
1750,12/9/30 7:00,pm,26.646,normal
1751,12/9/30 7:20,pm,25.574,normal
1752,12/9/30 7:40,pm,25.598,normal
1753,12/9/30 8:00,pm,25.428,normal
1754,12/9/30 8:20,pm,24.508,normal
1755,12/9/30 8:40,pm,24.243,normal
1756,12/9/30 9:00,pm,24.243,normal
1757,12/9/30 9:20,pm,22.992,normal
1758,12/9/30 9:40,pm,22.776,normal
1759,12/9/30 10:00,pm,22.657,normal
1760,12/9/30 10:20,pm,20.531,normal
1761,12/9/30 10:40,pm,20.412,normal
1762,12/9/30 11:00,pm,20.174,normal
1763,12/9/30 11:20,pm,19.318,normal
1764,12/9/30 11:40,pm,19.103,normal
1765,12/10/01 12:00,am,19.08,normal
1766,12/10/01 12:20,am,17.391,normal
1767,12/10/01 12:40,am,17.177,normal
1768,12/10/01 1:00,am,17.724,normal
1769,12/10/01 1:20,am,15.294,normal
1770,12/10/01 1:40,am,15.748,normal
1771,12/10/01 2:00,am,15.652,normal
1772,12/10/01 2:20,am,13.642,normal
1773,12/10/01 2:40,am,14.218,normal
1774,12/10/01 3:00,am,13.906,normal
1775,12/10/01 3:20,am,12.582,normal
1776,12/10/01 3:40,am,13.425,normal
1777,12/10/01 4:00,am,12.751,normal
1778,12/10/01 4:20,am,13.112,normal
1779,12/10/01 4:40,am,13.161,normal
1780,12/10/01 5:00,am,13.858,normal
1781,12/10/01 5:20,am,15.127,normal
1782,12/10/01 5:40,am,14.888,normal
1783,12/10/01 6:00,am,15.605,normal
1784,12/10/01 6:20,am,17.439,normal
1785,12/10/01 6:40,am,16.463,normal
1786,12/10/01 7:00,am,16.368,normal
1787,12/10/01 7:20,am,18.937,normal
1788,12/10/01 7:40,am,18.557,normal
1789,12/10/01 8:00,am,18.985,normal
1790,12/10/01 8:20,am,21.318,normal
1791,12/10/01 8:40,am,20.507,normal
1792,12/10/01 9:00,am,20.198,normal
1793,12/10/01 9:20,am,23.04,normal
1794,12/10/01 9:40,am,22.776,normal
1795,12/10/01 10:00,am,22.465,normal
1796,12/10/01 10:20,am,24.702,normal
1797,12/10/01 10:40,am,24.532,normal
1798,12/10/01 11:00,am,24.653,normal
1799,12/10/01 11:20,am,26.573,normal
1800,12/10/01 11:40,am,26.451,normal
1801,12/10/01 12:00,pm,26.256,normal
1802,12/10/01 12:20,pm,27.014,normal
1803,12/10/01 12:40,pm,27.112,normal
1804,12/10/01 1:00,pm,26.989,normal
1805,12/10/01 1:20,pm,27.751,normal
1806,12/10/01 1:40,pm,27.628,normal
1807,12/10/01 2:00,pm,27.604,normal
1808,12/10/01 2:20,pm,28.468,normal
1809,12/10/01 2:40,pm,28.295,normal
1810,12/10/01 3:00,pm,28.221,normal
1811,12/10/01 3:20,pm,28.221,normal
1812,12/10/01 3:40,pm,28.171,normal
1813,12/10/01 4:00,pm,28.221,normal
1814,12/10/01 4:20,pm,27.751,normal
1815,12/10/01 4:40,pm,27.751,normal
1816,12/10/01 5:00,pm,27.628,normal
1817,12/10/01 5:20,pm,27.136,normal
1818,12/10/01 5:40,pm,27.284,normal
1819,12/10/01 6:00,pm,27.21,normal
1820,12/10/01 6:20,pm,26.695,normal
1821,12/10/01 6:40,pm,26.573,normal
1822,12/10/01 7:00,pm,26.573,normal
1823,12/10/01 7:20,pm,25.55,normal
1824,12/10/01 7:40,pm,25.331,normal
1825,12/10/01 8:00,pm,25.258,normal
1826,12/10/01 8:20,pm,24.508,normal
1827,12/10/01 8:40,pm,24.46,normal
1828,12/10/01 9:00,pm,24.291,normal
1829,12/10/01 9:20,pm,22.848,normal
1830,12/10/01 9:40,pm,22.465,normal
1831,12/10/01 10:00,pm,22.561,normal
1832,12/10/01 10:20,pm,20.841,normal
1833,12/10/01 10:40,pm,20.579,normal
1834,12/10/01 11:00,pm,20.436,normal
1835,12/10/01 11:20,pm,19.27,normal
1836,12/10/01 11:40,pm,19.603,normal
1837,12/10/02 12:00,am,19.532,normal
1838,12/10/02 12:20,am,17.819,normal
1839,12/10/02 12:40,am,17.629,normal
1840,12/10/02 1:00,am,17.391,normal
1841,12/10/02 1:20,am,15.724,normal
1842,12/10/02 1:40,am,15.557,normal
1843,12/10/02 2:00,am,15.581,normal
1844,12/10/02 2:20,am,14.194,normal
1845,12/10/02 2:40,am,14.026,normal
1846,12/10/02 3:00,am,14.505,normal
1847,12/10/02 3:20,am,13.233,normal
1848,12/10/02 3:40,am,13.112,normal
1849,12/10/02 4:00,am,13.473,normal
1850,12/10/02 4:20,am,13.57,normal
1851,12/10/02 4:40,am,13.546,normal
1852,12/10/02 5:00,am,13.618,normal
1853,12/10/02 5:20,am,15.748,normal
1854,12/10/02 5:40,am,15.127,normal
1855,12/10/02 6:00,am,15.27,normal
1856,12/10/02 6:20,am,16.654,normal
1857,12/10/02 6:40,am,16.654,normal
1858,12/10/02 7:00,am,16.558,normal
1859,12/10/02 7:20,am,19.341,normal
1860,12/10/02 7:40,am,18.652,normal
1861,12/10/02 8:00,am,18.699,normal
1862,12/10/02 8:20,am,21.079,normal
1863,12/10/02 8:40,am,20.722,normal
1864,12/10/02 9:00,am,20.246,normal
1865,12/10/02 9:20,am,22.872,normal
1866,12/10/02 9:40,am,22.537,normal
1867,12/10/02 10:00,am,22.345,normal
1868,12/10/02 10:20,am,24.847,normal
1869,12/10/02 10:40,am,24.702,normal
1870,12/10/02 11:00,am,24.75,normal
1871,12/10/02 11:20,am,26.378,normal
1872,12/10/02 11:29,am,,normal
1873,12/10/02 11:29,am,,normal
1874,12/10/02 11:30,am,,normal
1875,12/10/02 11:40,am,26.304,normal
1876,12/10/02 12:00,pm,26.378,normal
1877,12/10/02 12:20,pm,26.989,normal
1878,12/10/02 12:40,pm,27.161,normal
1879,12/10/02 1:00,pm,27.063,normal
1880,12/10/02 1:20,pm,27.825,normal
1881,12/10/02 1:40,pm,27.751,normal
1882,12/10/02 2:00,pm,27.702,normal
1883,12/10/02 2:20,pm,28.196,normal
1884,12/10/02 2:40,pm,28.221,normal
1885,12/10/02 3:00,pm,28.345,normal
1886,12/10/02 3:20,pm,28.345,normal
1887,12/10/02 3:40,pm,28.32,normal
1888,12/10/02 4:00,pm,28.221,normal
1889,12/10/02 4:20,pm,27.653,normal
1890,12/10/02 4:40,pm,27.702,normal
1891,12/10/02 5:00,pm,27.628,normal
1892,12/10/02 5:20,pm,27.087,normal
1893,12/10/02 5:40,pm,27.161,normal
1894,12/10/02 6:00,pm,27.112,normal
1895,12/10/02 6:20,pm,26.549,normal
1896,12/10/02 6:40,pm,26.573,normal
1897,12/10/02 7:00,pm,26.549,normal
1898,12/10/02 7:20,pm,25.598,normal
1899,12/10/02 7:40,pm,25.647,normal
1900,12/10/02 8:00,pm,25.598,normal
1901,12/10/02 8:20,pm,24.629,normal
1902,12/10/02 8:40,pm,24.388,normal
1903,12/10/02 9:00,pm,24.291,normal
1904,12/10/02 9:20,pm,22.944,normal
1905,12/10/02 9:40,pm,22.729,normal
1906,12/10/02 10:00,pm,22.633,normal
1907,12/10/02 10:20,pm,20.746,normal
1908,12/10/02 10:40,pm,20.674,normal
1909,12/10/02 11:00,pm,20.674,normal
1910,12/10/02 11:20,pm,19.722,normal
1911,12/10/02 11:40,pm,19.436,normal
1912,12/10/03 12:00,am,19.532,normal
1913,12/10/03 12:20,am,17.653,normal
1914,12/10/03 12:40,am,17.249,normal
1915,12/10/03 1:00,am,17.415,normal
1916,12/10/03 1:20,am,15.461,normal
1917,12/10/03 1:40,am,15.724,normal
1918,12/10/03 2:00,am,15.629,normal
1919,12/10/03 2:20,am,13.954,normal
1920,12/10/03 2:40,am,14.242,normal
1921,12/10/03 3:00,am,14.122,normal
1922,12/10/03 3:20,am,12.847,normal
1923,12/10/03 3:40,am,13.473,normal
1924,12/10/03 4:00,am,12.823,normal
1925,12/10/03 4:20,am,13.329,normal
1926,12/10/03 4:40,am,13.161,normal
1927,12/10/03 5:00,am,13.858,normal
1928,12/10/03 5:20,am,14.984,normal
1929,12/10/03 5:40,am,14.84,normal
1930,12/10/03 6:00,am,15.676,normal
1931,12/10/03 6:20,am,16.749,normal
1932,12/10/03 6:40,am,16.606,normal
1933,12/10/03 7:00,am,16.987,normal
1934,12/10/03 7:20,am,18.937,normal
1935,12/10/03 7:40,am,18.675,normal
1936,12/10/03 8:00,am,19.032,normal
1937,12/10/03 8:20,am,20.913,normal
1938,12/10/03 8:40,am,20.388,normal
1939,12/10/03 9:00,am,20.15,normal
1940,12/10/03 9:20,am,22.705,normal
1941,12/10/03 9:40,am,22.465,normal
1942,12/10/03 10:00,am,22.393,normal
1943,12/10/03 10:20,am,24.46,normal
1944,12/10/03 10:40,am,24.484,normal
1945,12/10/03 11:00,am,24.629,normal
1946,12/10/03 11:20,am,26.402,normal
1947,12/10/03 11:40,am,26.28,normal
1948,12/10/03 12:00,pm,26.304,normal
1949,12/10/03 12:20,pm,27.136,normal
1950,12/10/03 12:40,pm,27.235,normal
1951,12/10/03 1:00,pm,27.112,normal
1952,12/10/03 1:20,pm,27.949,normal
1953,12/10/03 1:40,pm,27.801,normal
1954,12/10/03 2:00,pm,27.85,normal
1955,12/10/03 2:20,pm,28.32,normal
1956,12/10/03 2:40,pm,28.32,normal
1957,12/10/03 3:00,pm,28.419,normal
1958,12/10/03 3:20,pm,28.27,normal
1959,12/10/03 3:40,pm,28.419,normal
1960,12/10/03 4:00,pm,28.345,normal
1961,12/10/03 4:20,pm,27.899,normal
1962,12/10/03 4:40,pm,27.825,normal
1963,12/10/03 5:00,pm,27.653,normal
1964,12/10/03 5:20,pm,27.308,normal
1965,12/10/03 5:40,pm,27.038,normal
1966,12/10/03 6:00,pm,27.235,normal
1967,12/10/03 6:20,pm,26.695,normal
1968,12/10/03 6:40,pm,26.622,normal
1969,12/10/03 7:00,pm,26.598,normal
1970,12/10/03 7:20,pm,25.768,normal
1971,12/10/03 7:40,pm,25.574,normal
1972,12/10/03 8:00,pm,25.598,normal
1973,12/10/03 8:20,pm,24.557,normal
1974,12/10/03 8:40,pm,24.436,normal
1975,12/10/03 9:00,pm,24.243,normal
1976,12/10/03 9:20,pm,22.753,normal
1977,12/10/03 9:40,pm,22.513,normal
1978,12/10/03 10:00,pm,22.8,normal
1979,12/10/03 10:20,pm,20.674,normal
1980,12/10/03 10:40,pm,20.388,normal
1981,12/10/03 11:00,pm,20.317,normal
1982,12/10/03 11:20,pm,19.413,normal
1983,12/10/03 11:40,pm,19.508,normal
1984,12/10/04 12:00,am,19.413,normal
1985,12/10/04 12:20,am,17.368,normal
1986,12/10/04 12:40,am,17.439,normal
1987,12/10/04 1:00,am,17.796,normal
1988,12/10/04 1:20,am,15.891,normal
1989,12/10/04 1:40,am,15.843,normal
1990,12/10/04 2:00,am,15.318,normal
1991,12/10/04 2:20,am,13.93,normal
1992,12/10/04 2:40,am,14.409,normal
1993,12/10/04 3:00,am,13.954,normal
1994,12/10/04 3:20,am,13.137,normal
1995,12/10/04 3:40,am,13.185,normal
1996,12/10/04 4:00,am,12.823,normal
1997,12/10/04 4:20,am,13.161,normal
1998,12/10/04 4:40,am,14.002,normal
1999,12/10/04 5:00,am,13.377,normal
2000,12/10/04 5:20,am,14.864,normal
2001,12/10/04 5:40,am,14.84,normal
2002,12/10/04 6:00,am,16.01,normal
2003,12/10/04 6:20,am,16.868,normal
2004,12/10/04 6:40,am,16.415,normal
2005,12/10/04 7:00,am,17.177,normal
2006,12/10/04 7:20,am,19.484,normal
2007,12/10/04 7:40,am,18.747,normal
2008,12/10/04 8:00,am,18.628,normal
2009,12/10/04 8:20,am,20.603,normal
2010,12/10/04 8:40,am,20.222,normal
2011,12/10/04 9:00,am,20.246,normal
2012,12/10/04 9:20,am,22.729,normal
2013,12/10/04 9:40,am,22.441,normal
2014,12/10/04 10:00,am,22.657,normal
2015,12/10/04 10:20,am,24.726,normal
2016,12/10/04 10:40,am,24.388,normal
2017,12/10/04 11:00,am,24.677,normal
2018,12/10/04 11:20,am,26.769,normal
2019,12/10/04 11:40,am,26.207,normal
2020,12/10/04 12:00,pm,26.28,normal
2021,12/10/04 12:20,pm,26.965,normal
2022,12/10/04 12:40,pm,27.087,normal
2023,12/10/04 1:00,pm,27.21,normal
2024,12/10/04 1:20,pm,27.974,normal
2025,12/10/04 1:40,pm,27.85,normal
2026,12/10/04 2:00,pm,27.899,normal
2027,12/10/04 2:20,pm,28.295,normal
2028,12/10/04 2:40,pm,28.518,normal
2029,12/10/04 3:00,pm,28.518,normal
2030,12/10/04 3:20,pm,28.468,normal
2031,12/10/04 3:40,pm,28.468,normal
2032,12/10/04 4:00,pm,28.196,normal
2033,12/10/04 4:20,pm,27.702,normal
2034,12/10/04 4:40,pm,27.751,normal
2035,12/10/04 5:00,pm,27.554,normal
2036,12/10/04 5:20,pm,27.333,normal
2037,12/10/04 5:40,pm,27.112,normal
2038,12/10/04 6:00,pm,27.284,normal
2039,12/10/04 6:20,pm,26.524,normal
2040,12/10/04 6:40,pm,26.646,normal
2041,12/10/04 7:00,pm,26.72,normal
2042,12/10/04 7:20,pm,25.453,normal
2043,12/10/04 7:40,pm,25.501,normal
2044,12/10/04 8:00,pm,25.162,normal
2045,12/10/04 8:20,pm,24.412,normal
2046,12/10/04 8:40,pm,24.291,normal
2047,12/10/04 9:00,pm,24.098,normal
2048,12/10/04 9:20,pm,22.824,normal
2049,12/10/04 9:40,pm,22.513,normal
2050,12/10/04 10:00,pm,23.112,normal
2051,12/10/04 10:20,pm,20.579,normal
2052,12/10/04 10:40,pm,20.365,normal
2053,12/10/04 11:00,pm,20.388,normal
2054,12/10/04 11:20,pm,19.508,normal
2055,12/10/04 11:40,pm,19.341,normal
2056,12/10/05 12:00,am,19.603,normal
2057,12/10/05 12:20,am,17.629,normal
2058,12/10/05 12:40,am,17.772,normal
2059,12/10/05 1:00,am,17.938,normal
2060,12/10/05 1:20,am,16.415,normal
2061,12/10/05 1:40,am,15.796,normal
2062,12/10/05 2:00,am,15.652,normal
2063,12/10/05 2:20,am,14.505,normal
2064,12/10/05 2:40,am,13.762,normal
2065,12/10/05 3:00,am,13.882,normal
2066,12/10/05 3:20,am,12.871,normal
2067,12/10/05 3:40,am,13.353,normal
2068,12/10/05 4:00,am,12.896,normal
2069,12/10/05 4:20,am,14.098,normal
2070,12/10/05 4:40,am,13.546,normal
2071,12/10/05 5:00,am,13.377,normal
2072,12/10/05 5:20,am,15.27,normal
2073,12/10/05 5:40,am,15.031,normal
2074,12/10/05 6:00,am,15.581,normal
2075,12/10/05 6:20,am,16.796,normal
2076,12/10/05 6:40,am,16.582,normal
2077,12/10/05 7:00,am,17.034,normal
2078,12/10/05 7:20,am,19.246,normal
2079,12/10/05 7:40,am,18.699,normal
2080,12/10/05 8:00,am,18.889,normal
2081,12/10/05 8:20,am,21.032,normal
2082,12/10/05 8:40,am,20.579,normal
2083,12/10/05 9:00,am,20.293,normal
2084,12/10/05 9:20,am,22.872,normal
2085,12/10/05 9:40,am,22.657,normal
2086,12/10/05 10:00,am,22.465,normal
2087,12/10/05 10:20,am,24.968,normal
2088,12/10/05 10:40,am,24.798,normal
2089,12/10/05 11:00,am,24.484,normal
2090,12/10/05 11:20,am,26.378,normal
2091,12/10/05 11:40,am,26.329,normal
2092,12/10/05 12:00,pm,26.402,normal
2093,12/10/05 12:20,pm,27.505,normal
2094,12/10/05 12:40,pm,27.087,normal
2095,12/10/05 1:00,pm,27.259,normal
2096,12/10/05 1:20,pm,27.998,normal
2097,12/10/05 1:40,pm,27.751,normal
2098,12/10/05 2:00,pm,27.751,normal
2099,12/10/05 2:20,pm,28.245,normal
2100,12/10/05 2:40,pm,28.196,normal
2101,12/10/05 3:00,pm,28.097,normal
2102,12/10/05 3:20,pm,28.27,normal
2103,12/10/05 3:40,pm,28.171,normal
2104,12/10/05 4:00,pm,28.221,normal
2105,12/10/05 4:20,pm,27.604,normal
2106,12/10/05 4:40,pm,27.653,normal
2107,12/10/05 5:00,pm,27.677,normal
2108,12/10/05 5:20,pm,27.038,normal
2109,12/10/05 5:40,pm,27.112,normal
2110,12/10/05 6:00,pm,26.965,normal
2111,12/10/05 6:20,pm,26.622,normal
2112,12/10/05 6:40,pm,26.475,normal
2113,12/10/05 7:00,pm,26.451,normal
2114,12/10/05 7:20,pm,25.501,normal
2115,12/10/05 7:40,pm,25.331,normal
2116,12/10/05 8:00,pm,25.21,normal
2117,12/10/05 8:20,pm,24.412,normal
2118,12/10/05 8:40,pm,24.219,normal
2119,12/10/05 9:00,pm,24.195,normal
2120,12/10/05 9:20,pm,22.848,normal
2121,12/10/05 9:40,pm,22.8,normal
2122,12/10/05 10:00,pm,22.705,normal
2123,12/10/05 10:20,pm,20.698,normal
2124,12/10/05 10:40,pm,20.507,normal
2125,12/10/05 11:00,pm,20.412,normal
2126,12/10/05 11:20,pm,19.27,normal
2127,12/10/05 11:40,pm,19.294,normal
2128,12/10/06 12:00,am,19.603,normal
2129,12/10/06 12:20,am,17.486,normal
2130,12/10/06 12:40,am,17.439,normal
2131,12/10/06 1:00,am,17.891,normal
2132,12/10/06 1:20,am,15.986,normal
2133,12/10/06 1:40,am,16.249,normal
2134,12/10/06 2:00,am,15.629,normal
2135,12/10/06 2:20,am,14.122,normal
2136,12/10/06 2:40,am,13.81,normal
2137,12/10/06 3:00,am,14.745,normal
2138,12/10/06 3:20,am,13.449,normal
2139,12/10/06 3:40,am,12.968,normal
2140,12/10/06 4:00,am,12.727,normal
2141,12/10/06 4:20,am,14.026,normal
2142,12/10/06 4:40,am,13.786,normal
2143,12/10/06 5:00,am,13.618,normal
2144,12/10/06 5:20,am,15.438,normal
2145,12/10/06 5:40,am,15.318,normal
2146,12/10/06 6:00,am,15.414,normal
2147,12/10/06 6:20,am,16.773,normal
2148,12/10/06 6:40,am,16.773,normal
2149,12/10/06 7:00,am,16.63,normal
2150,12/10/06 7:20,am,19.222,normal
2151,12/10/06 7:40,am,18.509,normal
2152,12/10/06 8:00,am,19.222,normal
2153,12/10/06 8:20,am,20.817,normal
2154,12/10/06 8:40,am,20.341,normal
2155,12/10/06 9:00,am,20.388,normal
2156,12/10/06 9:20,am,22.657,normal
2157,12/10/06 9:40,am,22.609,normal
2158,12/10/06 10:00,am,22.441,normal
2159,12/10/06 10:20,am,24.726,normal
2160,12/10/06 10:32,am,,normal
2161,12/10/06 10:32,am,,normal
2162,12/10/06 10:33,am,,normal
2163,12/10/06 10:40,am,25.016,normal
2164,12/10/06 11:00,am,24.774,normal
2165,12/10/06 11:20,am,26.402,normal
2166,12/10/06 11:40,am,26.378,normal
2167,12/10/06 12:00,pm,26.329,normal
2168,12/10/06 12:20,pm,27.014,normal
2169,12/10/06 12:40,pm,27.308,normal
2170,12/10/06 1:00,pm,27.358,normal
2171,12/10/06 1:20,pm,27.85,normal
2172,12/10/06 1:40,pm,27.899,normal
2173,12/10/06 2:00,pm,27.825,normal
2174,12/10/06 2:20,pm,28.171,normal
2175,12/10/06 2:40,pm,28.345,normal
2176,12/10/06 3:00,pm,28.394,normal
2177,12/10/06 3:20,pm,28.295,normal
2178,12/10/06 3:40,pm,28.295,normal
2179,12/10/06 4:00,pm,28.27,normal
2180,12/10/06 4:20,pm,27.751,normal
2181,12/10/06 4:40,pm,27.727,normal
2182,12/10/06 5:00,pm,27.825,normal
2183,12/10/06 5:20,pm,27.087,normal
2184,12/10/06 5:40,pm,27.063,normal
2185,12/10/06 6:00,pm,27.161,normal
2186,12/10/06 6:20,pm,26.646,normal
2187,12/10/06 6:40,pm,26.5,normal
2188,12/10/06 7:00,pm,26.646,normal
2189,12/10/06 7:20,pm,25.598,normal
2190,12/10/06 7:40,pm,25.525,normal
2191,12/10/06 8:00,pm,25.598,normal
2192,12/10/06 8:20,pm,24.581,normal
2193,12/10/06 8:40,pm,24.484,normal
2194,12/10/06 9:00,pm,24.508,normal
2195,12/10/06 9:20,pm,23.088,normal
2196,12/10/06 9:40,pm,22.681,normal
2197,12/10/06 10:00,pm,22.609,normal
2198,12/10/06 10:20,pm,20.913,normal
2199,12/10/06 10:40,pm,20.674,normal
2200,12/10/06 11:00,pm,20.603,normal
2201,12/10/06 11:20,pm,19.722,normal
2202,12/10/06 11:40,pm,19.46,normal
2203,12/10/07 12:00,am,19.698,normal
2204,12/10/07 12:20,am,18.533,normal
2205,12/10/07 12:40,am,18.366,normal
2206,12/10/07 1:00,am,17.986,normal
2207,12/10/07 1:20,am,15.891,normal
2208,12/10/07 1:40,am,16.034,normal
2209,12/10/07 2:00,am,15.557,normal
2210,12/10/07 2:20,am,14.266,normal
2211,12/10/07 2:40,am,14.314,normal
2212,12/10/07 3:00,am,14.409,normal
2213,12/10/07 3:20,am,13.449,normal
2214,12/10/07 3:40,am,13.04,normal
2215,12/10/07 4:00,am,13.281,normal
2216,12/10/07 4:20,am,13.642,normal
2217,12/10/07 4:40,am,14.29,normal
2218,12/10/07 5:00,am,13.882,normal
2219,12/10/07 5:20,am,15.294,normal
2220,12/10/07 5:40,am,15.461,normal
2221,12/10/07 6:00,am,15.724,normal
2222,12/10/07 6:20,am,16.987,normal
2223,12/10/07 6:40,am,16.915,normal
2224,12/10/07 7:00,am,17.486,normal
2225,12/10/07 7:20,am,19.08,normal
2226,12/10/07 7:40,am,18.961,normal
2227,12/10/07 8:00,am,19.532,normal
2228,12/10/07 8:20,am,20.936,normal
2229,12/10/07 8:40,am,20.77,normal
2230,12/10/07 9:00,am,20.507,normal
2231,12/10/07 9:20,am,22.633,normal
2232,12/10/07 9:40,am,22.441,normal
2233,12/10/07 10:00,am,22.753,normal
2234,12/10/07 10:20,am,24.702,normal
2235,12/10/07 10:40,am,24.508,normal
2236,12/10/07 11:00,am,24.436,normal
2237,12/10/07 11:20,am,26.622,normal
2238,12/10/07 11:40,am,26.402,normal
2239,12/10/07 12:00,pm,26.329,normal
2240,12/10/07 12:20,pm,27.382,normal
2241,12/10/07 12:40,pm,27.136,normal
2242,12/10/07 1:00,pm,27.186,normal
2243,12/10/07 1:20,pm,28.072,normal
2244,12/10/07 1:40,pm,27.924,normal
2245,12/10/07 2:00,pm,27.579,normal
2246,12/10/07 2:20,pm,28.196,normal
2247,12/10/07 2:40,pm,28.048,normal
2248,12/10/07 3:00,pm,27.998,normal
2249,12/10/07 3:20,pm,28.394,normal
2250,12/10/07 3:40,pm,28.27,normal
2251,12/10/07 4:00,pm,28.32,normal
2252,12/10/07 4:20,pm,27.702,normal
2253,12/10/07 4:40,pm,27.677,normal
2254,12/10/07 5:00,pm,27.456,normal
2255,12/10/07 5:20,pm,27.087,normal
2256,12/10/07 5:40,pm,26.842,normal
2257,12/10/07 6:00,pm,26.744,normal
2258,12/10/07 6:20,pm,26.524,normal
2259,12/10/07 6:40,pm,26.451,normal
2260,12/10/07 7:00,pm,26.28,normal
2261,12/10/07 7:20,pm,25.234,normal
2262,12/10/07 7:40,pm,25.065,normal
2263,12/10/07 8:00,pm,25.04,normal
2264,12/10/07 8:20,pm,24.363,normal
2265,12/10/07 8:40,pm,24.243,normal
2266,12/10/07 9:00,pm,24.05,normal
2267,12/10/07 9:20,pm,22.848,normal
2268,12/10/07 9:40,pm,22.705,normal
2269,12/10/07 10:00,pm,22.441,normal
2270,12/10/07 10:20,pm,20.317,normal
2271,12/10/07 10:40,pm,20.126,normal
2272,12/10/07 11:00,pm,20.388,normal
2273,12/10/07 11:20,pm,19.436,normal
2274,12/10/07 11:40,pm,19.722,normal
2275,12/10/08 12:00,am,19.841,normal
2276,12/10/08 12:20,am,18.628,normal
2277,12/10/08 12:40,am,17.558,normal
2278,12/10/08 1:00,am,17.605,normal
2279,12/10/08 1:20,am,15.7,normal
2280,12/10/08 1:40,am,15.127,normal
2281,12/10/08 2:00,am,15.819,normal
2282,12/10/08 2:20,am,14.218,normal
2283,12/10/08 2:40,am,13.57,normal
2284,12/10/08 3:00,am,13.93,normal
2285,12/10/08 3:20,am,13.305,normal
2286,12/10/08 3:40,am,13.185,normal
2287,12/10/08 4:00,am,12.92,normal
2288,12/10/08 4:20,am,13.185,normal
2289,12/10/08 4:40,am,13.834,normal
2290,12/10/08 5:00,am,13.714,normal
2291,12/10/08 5:20,am,15.533,normal
2292,12/10/08 5:40,am,14.936,normal
2293,12/10/08 6:00,am,15.223,normal
2294,12/10/08 6:20,am,16.439,normal
2295,12/10/08 6:40,am,17.034,normal
2296,12/10/08 7:00,am,16.677,normal
2297,12/10/08 7:20,am,18.438,normal
2298,12/10/08 7:40,am,18.961,normal
2299,12/10/08 8:00,am,18.961,normal
2300,12/10/08 8:10,am,,normal
2301,12/10/08 8:13,am,,normal
2302,12/10/08 8:13,am,,normal
2303,12/10/08 8:13,am,,normal
2304,12/10/08 8:13,am,,normal
2305,12/10/08 8:14,am,,normal
2306,12/10/08 8:20,am,21.557,normal
2307,12/10/08 8:40,am,20.031,normal
2308,12/10/08 9:00,am,21.032,normal
2309,12/10/08 9:20,am,22.226,normal
2310,12/10/08 9:40,am,22.609,normal
2311,12/10/08 10:00,am,23.521,normal
2312,12/10/08 10:20,am,25.21,normal
2313,12/10/08 10:40,am,24.847,normal
2314,12/10/08 11:00,am,25.817,normal
2315,12/10/08 11:20,am,26.598,normal
2316,12/10/08 11:40,am,26.304,normal
2317,12/10/08 12:00,pm,26.426,normal
2318,12/10/08 12:20,pm,27.481,normal
2319,12/10/08 12:40,pm,27.259,normal
2320,12/10/08 1:00,pm,27.751,normal
2321,12/10/08 1:20,pm,27.801,normal
2322,12/10/08 1:40,pm,27.899,normal
2323,12/10/08 2:00,pm,28.32,normal
2324,12/10/08 2:20,pm,28.023,normal
2325,12/10/08 2:40,pm,28.295,normal
2326,12/10/08 3:00,pm,28.097,normal
2327,12/10/08 3:20,pm,28.27,normal
2328,12/10/08 3:40,pm,28.072,normal
2329,12/10/08 4:00,pm,27.456,normal
2330,12/10/08 4:20,pm,27.677,normal
2331,12/10/08 4:40,pm,27.505,normal
2332,12/10/08 5:00,pm,26.744,normal
2333,12/10/08 5:20,pm,26.965,normal
2334,12/10/08 5:40,pm,27.014,normal
2335,12/10/08 6:00,pm,27.038,normal
2336,12/10/08 6:20,pm,26.646,normal
2337,12/10/08 6:40,pm,26.598,normal
2338,12/10/08 7:00,pm,25.525,normal
2339,12/10/08 7:20,pm,25.186,normal
2340,12/10/08 7:40,pm,25.162,normal
2341,12/10/08 8:00,pm,24.388,normal
2342,12/10/08 8:20,pm,24.339,normal
2343,12/10/08 8:40,pm,24.436,normal
2344,12/10/08 9:00,pm,24.436,normal
2345,12/10/08 9:20,pm,22.537,normal
2346,12/10/08 9:40,pm,22.729,normal
2347,12/10/08 10:00,pm,20.936,normal
2348,12/10/08 10:20,pm,20.674,normal
2349,12/10/08 10:40,pm,20.555,normal
2350,12/10/08 11:00,pm,20.65,normal
2351,12/10/08 11:20,pm,18.937,normal
2352,12/10/08 11:40,pm,19.294,normal
2353,12/10/09 12:00,am,18.794,normal
2354,12/10/09 12:20,am,17.796,normal
2355,12/10/09 12:40,am,17.415,normal
2356,12/10/09 1:00,am,17.558,normal
2357,12/10/09 1:20,am,15.652,normal
2358,12/10/09 1:40,am,15.031,normal
2359,12/10/09 2:00,am,16.034,normal
2360,12/10/09 2:20,am,13.69,normal
2361,12/10/09 2:40,am,14.409,normal
2362,12/10/09 3:00,am,13.353,normal
2363,12/10/09 3:20,am,12.968,normal
2364,12/10/09 3:40,am,12.389,normal
2365,12/10/09 4:00,am,12.896,normal
2366,12/10/09 4:20,am,13.425,normal
2367,12/10/09 4:40,am,13.906,normal
2368,12/10/09 5:00,am,14.625,normal
2369,12/10/09 5:20,am,15.031,normal
2370,12/10/09 5:40,am,14.792,normal
2371,12/10/09 6:00,am,16.058,normal
2372,12/10/09 6:20,am,17.106,normal
2373,12/10/09 6:40,am,16.249,normal
2374,12/10/09 7:00,am,18.129,normal
2375,12/10/09 7:20,am,18.699,normal
2376,12/10/09 7:40,am,19.056,normal
2377,12/10/09 8:00,am,19.222,normal
2378,12/10/09 8:20,am,20.603,normal
2379,12/10/09 8:40,am,20.222,normal
2380,12/10/09 9:00,am,21.032,normal
2381,12/10/09 9:20,am,22.753,normal
2382,12/10/09 9:40,am,22.537,normal
2383,12/10/09 10:00,am,23.665,normal
2384,12/10/09 10:20,am,25.016,normal
2385,12/10/09 10:40,am,24.702,normal
2386,12/10/09 11:00,am,25.453,normal
2387,12/10/09 11:20,am,26.475,normal
2388,12/10/09 11:40,am,26.451,normal
2389,12/10/09 12:00,pm,27.186,normal
2390,12/10/09 12:20,pm,27.087,normal
2391,12/10/09 12:40,pm,27.21,normal
2392,12/10/09 1:00,pm,26.965,normal
2393,12/10/09 1:20,pm,28.023,normal
2394,12/10/09 1:40,pm,28.048,normal
2395,12/10/09 2:00,pm,27.677,normal
2396,12/10/09 2:20,pm,28.196,normal
2397,12/10/09 2:40,pm,28.32,normal
2398,12/10/09 3:00,pm,28.518,normal
2399,12/10/09 3:20,pm,28.171,normal
2400,12/10/09 3:40,pm,28.32,normal
2401,12/10/09 4:00,pm,27.604,normal
2402,12/10/09 4:20,pm,27.677,normal
2403,12/10/09 4:40,pm,27.801,normal
2404,12/10/09 5:00,pm,26.916,normal
2405,12/10/09 5:20,pm,27.358,normal
2406,12/10/09 5:40,pm,26.916,normal
2407,12/10/09 6:00,pm,26.426,normal
2408,12/10/09 6:20,pm,26.451,normal
2409,12/10/09 6:40,pm,26.402,normal
2410,12/10/09 7:00,pm,26.475,normal
2411,12/10/09 7:20,pm,25.525,normal
2412,12/10/09 7:40,pm,25.234,normal
2413,12/10/09 8:00,pm,24.847,normal
2414,12/10/09 8:20,pm,24.171,normal
2415,12/10/09 8:40,pm,24.243,normal
2416,12/10/09 9:00,pm,24.074,normal
2417,12/10/09 9:20,pm,23.088,normal
2418,12/10/09 9:40,pm,22.489,normal
2419,12/10/09 10:00,pm,21.724,normal
2420,12/10/09 10:20,pm,20.674,normal
2421,12/10/09 10:40,pm,20.507,normal
2422,12/10/09 11:00,pm,20.46,normal
2423,12/10/09 11:20,pm,18.937,normal
2424,12/10/09 11:40,pm,19.484,normal
2425,12/10/10 12:00,am,19.793,normal
2426,12/10/10 12:20,am,17.51,normal
2427,12/10/10 12:40,am,17.034,normal
2428,12/10/10 1:00,am,17.296,normal
2429,12/10/10 1:20,am,15.127,normal
2430,12/10/10 1:40,am,14.936,normal
2431,12/10/10 2:00,am,14.792,normal
2432,12/10/10 2:20,am,13.906,normal
2433,12/10/10 2:40,am,13.377,normal
2434,12/10/10 3:00,am,13.449,normal
2435,12/10/10 3:20,am,12.727,normal
2436,12/10/10 3:40,am,12.292,normal
2437,12/10/10 4:00,am,13.137,normal
2438,12/10/10 4:20,am,13.016,normal
2439,12/10/10 4:40,am,12.992,normal
2440,12/10/10 5:00,am,14.361,normal
2441,12/10/10 5:20,am,15.557,normal
2442,12/10/10 5:40,am,15.366,normal
2443,12/10/10 6:00,am,15.796,normal
2444,12/10/10 6:20,am,16.939,normal
2445,12/10/10 6:40,am,16.368,normal
2446,12/10/10 7:00,am,17.201,normal
2447,12/10/10 7:20,am,18.794,normal
2448,12/10/10 7:40,am,18.747,normal
2449,12/10/10 8:00,am,19.817,normal
2450,12/10/10 8:20,am,20.436,normal
2451,12/10/10 8:40,am,20.293,normal
2452,12/10/10 9:00,am,21.604,normal
2453,12/10/10 9:20,am,22.561,normal
2454,12/10/10 9:40,am,22.345,normal
2455,12/10/10 10:00,am,23.761,normal
2456,12/10/10 10:20,am,24.992,normal
2457,12/10/10 10:40,am,24.847,normal
2458,12/10/10 11:00,am,25.283,normal
2459,12/10/10 11:20,am,26.353,normal
2460,12/10/10 11:40,am,26.426,normal
2461,12/10/10 12:00,pm,26.231,normal
2462,12/10/10 12:20,pm,27.235,normal
2463,12/10/10 12:40,pm,27.014,normal
2464,12/10/10 1:00,pm,27.136,normal
2465,12/10/10 1:20,pm,27.727,normal
2466,12/10/10 1:40,pm,27.702,normal
2467,12/10/10 2:00,pm,28.196,normal
2468,12/10/10 2:20,pm,28.245,normal
2469,12/10/10 2:40,pm,28.27,normal
2470,12/10/10 3:00,pm,28.468,normal
2471,12/10/10 3:20,pm,28.419,normal
2472,12/10/10 3:40,pm,28.642,normal
2473,12/10/10 4:00,pm,27.628,normal
2474,12/10/10 4:20,pm,27.702,normal
2475,12/10/10 4:40,pm,27.481,normal
2476,12/10/10 5:00,pm,27.014,normal
2477,12/10/10 5:20,pm,26.94,normal
2478,12/10/10 5:40,pm,26.867,normal
2479,12/10/10 6:00,pm,27.038,normal
2480,12/10/10 6:20,pm,26.451,normal
2481,12/10/10 6:40,pm,26.5,normal
2482,12/10/10 7:00,pm,26.5,normal
2483,12/10/10 7:20,pm,25.307,normal
2484,12/10/10 7:40,pm,25.186,normal
2485,12/10/10 8:00,pm,25.04,normal
2486,12/10/10 8:20,pm,24.388,normal
2487,12/10/10 8:40,pm,24.267,normal
2488,12/10/10 9:00,pm,23.905,normal
2489,12/10/10 9:20,pm,22.705,normal
2490,12/10/10 9:40,pm,22.609,normal
2491,12/10/10 10:00,pm,21.652,normal
2492,12/10/10 10:20,pm,20.841,normal
2493,12/10/10 10:40,pm,20.603,normal
2494,12/10/10 11:00,pm,19.698,normal
2495,12/10/10 11:20,pm,19.436,normal
2496,12/10/10 11:40,pm,19.27,normal
2497,12/10/11 12:00,am,19.651,normal
2498,12/10/11 12:20,am,17.653,normal
2499,12/10/11 12:40,am,17.534,normal
2500,12/10/11 1:00,am,17.463,normal
2501,12/10/11 1:20,am,15.605,normal
2502,12/10/11 1:40,am,15.031,normal
2503,12/10/11 2:00,am,15.127,normal
2504,12/10/11 2:20,am,13.786,normal
2505,12/10/11 2:40,am,13.978,normal
2506,12/10/11 3:00,am,13.161,normal
2507,12/10/11 3:20,am,12.703,normal
2508,12/10/11 3:40,am,13.088,normal
2509,12/10/11 4:00,am,12.992,normal
2510,12/10/11 4:20,am,13.425,normal
2511,12/10/11 4:40,am,13.93,normal
2512,12/10/11 5:00,am,14.385,normal
2513,12/10/11 5:20,am,15.175,normal
2514,12/10/11 5:40,am,15.031,normal
2515,12/10/11 6:00,am,16.082,normal
2516,12/10/11 6:20,am,16.129,normal
2517,12/10/11 6:40,am,17.296,normal
2518,12/10/11 7:00,am,17.843,normal
2519,12/10/11 7:20,am,19.318,normal
2520,12/10/11 7:40,am,18.366,normal
2521,12/10/11 8:00,am,19.722,normal
2522,12/10/11 8:20,am,20.674,normal
2523,12/10/11 8:40,am,20.555,normal
2524,12/10/11 9:00,am,21.27,normal
2525,12/10/11 9:20,am,23.016,normal
2526,12/10/11 9:40,am,22.489,normal
2527,12/10/11 10:00,am,23.905,normal
2528,12/10/11 10:20,am,25.016,normal
2529,12/10/11 10:40,am,24.919,normal
2530,12/10/11 11:00,am,25.55,normal
2531,12/10/11 11:20,am,26.402,normal
2532,12/10/11 11:40,am,26.109,normal
2533,12/10/11 12:00,pm,26.744,normal
2534,12/10/11 12:20,pm,27.161,normal
2535,12/10/11 12:40,pm,27.161,normal
2536,12/10/11 1:00,pm,28.345,normal
2537,12/10/11 1:20,pm,27.727,normal
2538,12/10/11 1:40,pm,27.801,normal
2539,12/10/11 2:00,pm,28.023,normal
2540,12/10/11 2:20,pm,28.147,normal
2541,12/10/11 2:40,pm,28.245,normal
2542,12/10/11 3:00,pm,28.097,normal
2543,12/10/11 3:20,pm,28.444,normal
2544,12/10/11 3:40,pm,28.369,normal
2545,12/10/11 4:00,pm,27.899,normal
2546,12/10/11 4:20,pm,27.727,normal
2547,12/10/11 4:40,pm,27.481,normal
2548,12/10/11 5:00,pm,27.136,normal
2549,12/10/11 5:20,pm,27.259,normal
2550,12/10/11 5:40,pm,27.284,normal
2551,12/10/11 6:00,pm,26.891,normal
2552,12/10/11 6:20,pm,26.72,normal
2553,12/10/11 6:40,pm,26.426,normal
2554,12/10/11 7:00,pm,25.914,normal
2555,12/10/11 7:20,pm,25.453,normal
2556,12/10/11 7:40,pm,25.477,normal
2557,12/10/11 8:00,pm,24.726,normal
2558,12/10/11 8:12,pm,,normal
2559,12/10/11 8:13,pm,,normal
2560,12/10/11 8:15,pm,,normal
2561,12/10/11 8:20,pm,24.726,normal
2562,12/10/11 8:40,pm,24.508,normal
2563,12/10/11 9:00,pm,24.05,normal
2564,12/10/11 9:20,pm,23.088,normal
2565,12/10/11 9:40,pm,22.872,normal
2566,12/10/11 10:00,pm,22.729,normal
2567,12/10/11 10:20,pm,21.056,normal
2568,12/10/11 10:40,pm,20.674,normal
2569,12/10/11 11:00,pm,20.246,normal
2570,12/10/11 11:20,pm,19.674,normal
2571,12/10/11 11:40,pm,19.46,normal
2572,12/10/12 12:00,am,19.127,normal
2573,12/10/12 12:20,am,18.176,normal
2574,12/10/12 12:40,am,17.986,normal
2575,12/10/12 1:00,am,17.986,normal
2576,12/10/12 1:20,am,16.201,normal
2577,12/10/12 1:40,am,15.796,normal
2578,12/10/12 2:00,am,15.366,normal
2579,12/10/12 2:20,am,14.745,normal
2580,12/10/12 2:40,am,14.266,normal
2581,12/10/12 3:00,am,14.218,normal
2582,12/10/12 3:20,am,13.57,normal
2583,12/10/12 3:40,am,13.353,normal
2584,12/10/12 4:00,am,13.69,normal
2585,12/10/12 4:20,am,14.29,normal
2586,12/10/12 4:40,am,14.122,normal
2587,12/10/12 5:00,am,14.17,normal
2588,12/10/12 5:20,am,15.652,normal
2589,12/10/12 5:40,am,15.867,normal
2590,12/10/12 6:00,am,16.106,normal
2591,12/10/12 6:20,am,16.987,normal
2592,12/10/12 6:40,am,16.987,normal
2593,12/10/12 7:00,am,17.605,normal
2594,12/10/12 7:20,am,18.913,normal
2595,12/10/12 7:40,am,18.913,normal
2596,12/10/12 8:00,am,19.341,normal
2597,12/10/12 8:20,am,20.65,normal
2598,12/10/12 8:40,am,20.698,normal
2599,12/10/12 9:00,am,21.079,normal
2600,12/10/12 9:20,am,22.872,normal
2601,12/10/12 9:40,am,22.753,normal
2602,12/10/12 10:00,am,23.16,normal
2603,12/10/12 10:20,am,24.919,normal
2604,12/10/12 10:40,am,24.895,normal
2605,12/10/12 11:00,am,25.186,normal
2606,12/10/12 11:20,am,26.402,normal
2607,12/10/12 11:40,am,26.28,normal
2608,12/10/12 12:00,pm,26.549,normal
2609,12/10/12 12:20,pm,27.259,normal
2610,12/10/12 12:40,pm,27.186,normal
2611,12/10/12 1:00,pm,27.481,normal
2612,12/10/12 1:20,pm,27.751,normal
2613,12/10/12 1:40,pm,27.801,normal
2614,12/10/12 2:00,pm,28.048,normal
2615,12/10/12 2:20,pm,28.245,normal
2616,12/10/12 2:40,pm,28.171,normal
2617,12/10/12 3:00,pm,28.245,normal
2618,12/10/12 3:20,pm,28.32,normal
2619,12/10/12 3:40,pm,28.221,normal
2620,12/10/12 4:00,pm,27.949,normal
2621,12/10/12 4:20,pm,27.653,normal
2622,12/10/12 4:40,pm,27.653,normal
2623,12/10/12 5:00,pm,27.579,normal
2624,12/10/12 5:20,pm,27.259,normal
2625,12/10/12 5:40,pm,27.505,normal
2626,12/10/12 6:00,pm,26.72,normal
2627,12/10/12 6:20,pm,26.72,normal
2628,12/10/12 6:40,pm,26.475,normal
2629,12/10/12 7:00,pm,25.89,normal
2630,12/10/12 7:20,pm,25.55,normal
2631,12/10/12 7:40,pm,25.38,normal
2632,12/10/12 8:00,pm,25.307,normal
2633,12/10/12 8:20,pm,24.581,normal
2634,12/10/12 8:40,pm,24.484,normal
2635,12/10/12 9:00,pm,24.484,normal
2636,12/10/12 9:20,pm,22.992,normal
2637,12/10/12 9:40,pm,22.753,normal
2638,12/10/12 10:00,pm,22.609,normal
2639,12/10/12 10:20,pm,21.032,normal
2640,12/10/12 10:40,pm,20.674,normal
2641,12/10/12 11:00,pm,20.746,normal
2642,12/10/12 11:20,pm,19.793,normal
2643,12/10/12 11:40,pm,19.389,normal
2644,12/10/13 12:00,am,19.77,normal
2645,12/10/13 12:20,am,17.843,normal
2646,12/10/13 12:40,am,17.605,normal
2647,12/10/13 1:00,am,17.272,normal
2648,12/10/13 1:20,am,16.129,normal
2649,12/10/13 1:40,am,15.557,normal
2650,12/10/13 2:00,am,15.605,normal
2651,12/10/13 2:20,am,14.266,normal
2652,12/10/13 2:40,am,14.17,normal
2653,12/10/13 3:00,am,13.473,normal
2654,12/10/13 3:20,am,13.834,normal
2655,12/10/13 3:40,am,13.594,normal
2656,12/10/13 4:00,am,13.305,normal
2657,12/10/13 4:20,am,14.098,normal
2658,12/10/13 4:40,am,14.242,normal
2659,12/10/13 5:00,am,14.218,normal
2660,12/10/13 5:20,am,15.342,normal
2661,12/10/13 5:40,am,15.199,normal
2662,12/10/13 6:00,am,15.7,normal
2663,12/10/13 6:20,am,17.058,normal
2664,12/10/13 6:40,am,16.439,normal
2665,12/10/13 7:00,am,17.415,normal
2666,12/10/13 7:20,am,18.866,normal
2667,12/10/13 7:40,am,18.866,normal
2668,12/10/13 8:00,am,19.341,normal
2669,12/10/13 8:20,am,20.46,normal
2670,12/10/13 8:40,am,20.317,normal
2671,12/10/13 9:00,am,21.151,normal
2672,12/10/13 9:20,am,22.729,normal
2673,12/10/13 9:40,am,22.729,normal
2674,12/10/13 10:00,am,22.944,normal
2675,12/10/13 10:20,am,25.065,normal
2676,12/10/13 10:40,am,24.726,normal
2677,12/10/13 11:00,am,25.113,normal
2678,12/10/13 11:20,am,26.451,normal
2679,12/10/13 11:40,am,26.28,normal
2680,12/10/13 12:00,pm,26.28,normal
2681,12/10/13 12:20,pm,27.358,normal
2682,12/10/13 12:40,pm,27.038,normal
2683,12/10/13 1:00,pm,27.014,normal
2684,12/10/13 1:20,pm,27.949,normal
2685,12/10/13 1:40,pm,27.751,normal
2686,12/10/13 2:00,pm,28.097,normal
2687,12/10/13 2:20,pm,28.221,normal
2688,12/10/13 2:40,pm,28.468,normal
2689,12/10/13 3:00,pm,28.295,normal
2690,12/10/13 3:20,pm,28.147,normal
2691,12/10/13 3:40,pm,28.196,normal
2692,12/10/13 4:00,pm,28.072,normal
2693,12/10/13 4:20,pm,27.702,normal
2694,12/10/13 4:40,pm,27.53,normal
2695,12/10/13 5:00,pm,27.554,normal
2696,12/10/13 5:20,pm,26.989,normal
2697,12/10/13 5:40,pm,27.136,normal
2698,12/10/13 6:00,pm,26.72,normal
2699,12/10/13 6:20,pm,26.671,normal
2700,12/10/13 6:40,pm,26.524,normal
2701,12/10/13 7:00,pm,26.475,normal
2702,12/10/13 7:20,pm,25.55,normal
2703,12/10/13 7:40,pm,25.623,normal
2704,12/10/13 8:00,pm,25.574,normal
2705,12/10/13 8:20,pm,24.339,normal
2706,12/10/13 8:40,pm,24.484,normal
2707,12/10/13 9:00,pm,24.195,normal
2708,12/10/13 9:20,pm,22.92,normal
2709,12/10/13 9:40,pm,22.848,normal
2710,12/10/13 10:00,pm,22.848,normal
2711,12/10/13 10:20,pm,21.032,normal
2712,12/10/13 10:40,pm,20.817,normal
2713,12/10/13 11:00,pm,20.103,normal
2714,12/10/13 11:20,pm,19.746,normal
2715,12/10/13 11:40,pm,19.651,normal
2716,12/10/14 12:00,am,19.674,normal
2717,12/10/14 12:20,am,18.01,normal
2718,12/10/14 12:40,am,17.915,normal
2719,12/10/14 1:00,am,17.796,normal
2720,12/10/14 1:20,am,15.986,normal
2721,12/10/14 1:40,am,15.652,normal
2722,12/10/14 2:00,am,15.175,normal
2723,12/10/14 2:20,am,14.026,normal
2724,12/10/14 2:40,am,14.146,normal
2725,12/10/14 3:00,am,13.978,normal
2726,12/10/14 3:20,am,13.353,normal
2727,12/10/14 3:40,am,13.088,normal
2728,12/10/14 4:00,am,13.594,normal
2729,12/10/14 4:20,am,13.642,normal
2730,12/10/14 4:40,am,13.93,normal
2731,12/10/14 5:00,am,14.242,normal
2732,12/10/14 5:20,am,15.509,normal
2733,12/10/14 5:40,am,15.199,normal
2734,12/10/14 6:00,am,15.629,normal
2735,12/10/14 6:20,am,17.011,normal
2736,12/10/14 6:40,am,16.511,normal
2737,12/10/14 7:00,am,17.249,normal
2738,12/10/14 7:20,am,19.08,normal
2739,12/10/14 7:40,am,18.937,normal
2740,12/10/14 8:00,am,19.222,normal
2741,12/10/14 8:20,am,20.627,normal
2742,12/10/14 8:40,am,20.531,normal
2743,12/10/14 9:00,am,20.913,normal
2744,12/10/14 9:20,am,22.92,normal
2745,12/10/14 9:40,am,22.729,normal
2746,12/10/14 10:00,am,23.064,normal
2747,12/10/14 10:20,am,24.774,normal
2748,12/10/14 10:40,am,24.484,normal
2749,12/10/14 11:00,am,25.137,normal
2750,12/10/14 11:20,am,26.549,normal
2751,12/10/14 11:40,am,26.329,normal
2752,12/10/14 12:00,pm,26.036,normal
2753,12/10/14 12:20,pm,27.308,normal
2754,12/10/14 12:40,pm,27.112,normal
2755,12/10/14 1:00,pm,26.867,normal
2756,12/10/14 1:20,pm,28.147,normal
2757,12/10/14 1:40,pm,27.776,normal
2758,12/10/14 2:00,pm,27.653,normal
2759,12/10/14 2:20,pm,28.493,normal
2760,12/10/14 2:40,pm,28.221,normal
2761,12/10/14 3:00,pm,28.394,normal
2762,12/10/14 3:20,pm,28.221,normal
2763,12/10/14 3:40,pm,28.345,normal
2764,12/10/14 4:00,pm,28.245,normal
2765,12/10/14 4:20,pm,27.825,normal
2766,12/10/14 4:40,pm,27.653,normal
2767,12/10/14 5:00,pm,27.235,normal
2768,12/10/14 5:20,pm,27.087,normal
2769,12/10/14 5:40,pm,27.112,normal
2770,12/10/14 6:00,pm,26.842,normal
2771,12/10/14 6:20,pm,26.646,normal
2772,12/10/14 6:40,pm,26.549,normal
2773,12/10/14 7:00,pm,26.085,normal
2774,12/10/14 7:20,pm,25.525,normal
2775,12/10/14 7:40,pm,25.477,normal
2776,12/10/14 8:00,pm,25.404,normal
2777,12/10/14 8:20,pm,24.46,normal
2778,12/10/14 8:40,pm,24.484,normal
2779,12/10/14 9:00,pm,24.315,normal
2780,12/10/14 9:20,pm,22.944,normal
2781,12/10/14 9:40,pm,22.848,normal
2782,12/10/14 10:00,pm,22.824,normal
2783,12/10/14 10:20,pm,20.793,normal
2784,12/10/14 10:40,pm,20.817,normal
2785,12/10/14 11:00,pm,20.841,normal
2786,12/10/14 11:20,pm,19.841,normal
2787,12/10/14 11:40,pm,19.746,normal
2788,12/10/15 12:00,am,19.793,normal
2789,12/10/15 12:20,am,17.891,normal
2790,12/10/15 12:40,am,17.843,normal
2791,12/10/15 1:00,am,17.915,normal
2792,12/10/15 1:20,am,15.843,normal
2793,12/10/15 1:40,am,15.652,normal
2794,12/10/15 2:00,am,15.366,normal
2795,12/10/15 2:20,am,14.146,normal
2796,12/10/15 2:40,am,13.786,normal
2797,12/10/15 3:00,am,13.762,normal
2798,12/10/15 3:20,am,13.546,normal
2799,12/10/15 3:40,am,13.161,normal
2800,12/10/15 4:00,am,13.209,normal
2801,12/10/15 4:20,am,13.906,normal
2802,12/10/15 4:40,am,13.954,normal
2803,12/10/15 5:00,am,14.194,normal
2804,12/10/15 5:20,am,15.031,normal
2805,12/10/15 5:40,am,15.509,normal
2806,12/10/15 6:00,am,15.843,normal
2807,12/10/15 6:20,am,16.844,normal
2808,12/10/15 6:40,am,16.63,normal
2809,12/10/15 7:00,am,17.296,normal
2810,12/10/15 7:20,am,19.151,normal
2811,12/10/15 7:40,am,18.961,normal
2812,12/10/15 8:00,am,19.08,normal
2813,12/10/15 8:20,am,20.722,normal
2814,12/10/15 8:40,am,20.65,normal
2815,12/10/15 9:00,am,21.413,normal
2816,12/10/15 9:20,am,22.8,normal
2817,12/10/15 9:40,am,22.609,normal
2818,12/10/15 10:00,am,23.088,normal
2819,12/10/15 10:20,am,24.823,normal
2820,12/10/15 10:40,am,24.774,normal
2821,12/10/15 11:00,am,25.283,normal
2822,12/10/15 11:20,am,26.378,normal
2823,12/10/15 11:40,am,26.207,normal
2824,12/10/15 12:00,pm,26.036,normal
2825,12/10/15 12:20,pm,27.259,normal
2826,12/10/15 12:40,pm,27.186,normal
2827,12/10/15 1:00,pm,27.063,normal
2828,12/10/15 1:20,pm,28.196,normal
2829,12/10/15 1:40,pm,27.677,normal
2830,12/10/15 2:00,pm,27.998,normal
2831,12/10/15 2:20,pm,28.394,normal
2832,12/10/15 2:40,pm,28.543,normal
2833,12/10/15 3:00,pm,28.345,normal
2834,12/10/15 3:20,pm,28.394,normal
2835,12/10/15 3:40,pm,28.32,normal
2836,12/10/15 4:00,pm,28.518,normal
2837,12/10/15 4:20,pm,28.295,normal
2838,12/10/15 4:40,pm,27.924,normal
2839,12/10/15 5:00,pm,27.505,normal
2840,12/10/15 5:20,pm,27.21,normal
2841,12/10/15 5:40,pm,26.989,normal
2842,12/10/15 6:00,pm,26.573,normal
2843,12/10/15 6:20,pm,26.598,normal
2844,12/10/15 6:40,pm,26.378,normal
2845,12/10/15 7:00,pm,26.304,normal
2846,12/10/15 7:20,pm,25.841,normal
2847,12/10/15 7:40,pm,25.525,normal
2848,12/10/15 8:00,pm,25.501,normal
2849,12/10/15 8:20,pm,24.823,normal
2850,12/10/15 8:40,pm,24.363,normal
2851,12/10/15 9:00,pm,24.171,normal
2852,12/10/15 9:20,pm,23.184,normal
2853,12/10/15 9:40,pm,22.896,normal
2854,12/10/15 10:00,pm,22.441,normal
2855,12/10/15 10:20,pm,20.65,normal
2856,12/10/15 10:40,pm,20.698,normal
2857,12/10/15 11:00,pm,20.841,normal
2858,12/10/15 11:20,pm,20.412,normal
2859,12/10/15 11:40,pm,19.484,normal
2860,12/10/16 12:00,am,19.365,normal
2861,12/10/16 12:20,am,18.485,normal
2862,12/10/16 12:40,am,17.843,normal
2863,12/10/16 1:00,am,17.677,normal
2864,12/10/16 1:20,am,15.676,normal
2865,12/10/16 1:40,am,15.772,normal
2866,12/10/16 2:00,am,15.676,normal
2867,12/10/16 2:20,am,14.098,normal
2868,12/10/16 2:40,am,14.409,normal
2869,12/10/16 3:00,am,13.81,normal
2870,12/10/16 3:20,am,13.112,normal
2871,12/10/16 3:40,am,13.161,normal
2872,12/10/16 4:00,am,13.425,normal
2873,12/10/16 4:20,am,13.738,normal
2874,12/10/16 4:40,am,13.906,normal
2875,12/10/16 5:00,am,14.194,normal
2876,12/10/16 5:20,am,15.318,normal
2877,12/10/16 5:40,am,14.792,normal
2878,12/10/16 6:00,am,15.676,normal
2879,12/10/16 6:20,am,16.392,normal
2880,12/10/16 6:40,am,16.344,normal
2881,12/10/16 7:00,am,16.725,normal
2882,12/10/16 7:20,am,19.318,normal
2883,12/10/16 7:40,am,18.889,normal
2884,12/10/16 8:00,am,18.889,normal
2885,12/10/16 8:20,am,20.507,normal
2886,12/10/16 8:40,am,20.412,normal
2887,12/10/16 9:00,am,20.889,normal
2888,12/10/16 9:20,am,22.896,normal
2889,12/10/16 9:40,am,22.609,normal
2890,12/10/16 10:00,am,23.497,normal
2891,12/10/16 10:20,am,24.75,normal
2892,12/10/16 10:40,am,24.629,normal
2893,12/10/16 11:00,am,25.355,normal
2894,12/10/16 11:20,am,26.329,normal
2895,12/10/16 11:40,am,25.939,normal
2896,12/10/16 12:00,pm,26.426,normal
2897,12/10/16 12:20,pm,27.186,normal
2898,12/10/16 12:40,pm,26.989,normal
2899,12/10/16 1:00,pm,27.112,normal
2900,12/10/16 1:20,pm,27.776,normal
2901,12/10/16 1:40,pm,27.505,normal
2902,12/10/16 2:00,pm,27.974,normal
2903,12/10/16 2:20,pm,28.27,normal
2904,12/10/16 2:40,pm,28.345,normal
2905,12/10/16 3:00,pm,28.394,normal
2906,12/10/16 3:20,pm,28.394,normal
2907,12/10/16 3:40,pm,28.196,normal
2908,12/10/16 4:00,pm,28.122,normal
2909,12/10/16 4:20,pm,27.702,normal
2910,12/10/16 4:40,pm,27.579,normal
2911,12/10/16 5:00,pm,27.308,normal
2912,12/10/16 5:20,pm,26.989,normal
2913,12/10/16 5:40,pm,27.038,normal
2914,12/10/16 6:00,pm,26.842,normal
2915,12/10/16 6:20,pm,26.524,normal
2916,12/10/16 6:40,pm,26.573,normal
2917,12/10/16 7:00,pm,26.451,normal
2918,12/10/16 7:20,pm,25.841,normal
2919,12/10/16 7:40,pm,25.695,normal
2920,12/10/16 8:00,pm,25.137,normal
2921,12/10/16 8:20,pm,24.46,normal
2922,12/10/16 8:40,pm,24.508,normal
2923,12/10/16 9:00,pm,23.617,normal
2924,12/10/16 9:20,pm,23.04,normal
2925,12/10/16 9:40,pm,22.872,normal
2926,12/10/16 10:00,pm,22.896,normal
2927,12/10/16 10:20,pm,21.175,normal
2928,12/10/16 10:40,pm,20.746,normal
2929,12/10/16 11:00,pm,20.77,normal
2930,12/10/16 11:20,pm,20.007,normal
2931,12/10/16 11:40,pm,19.508,normal
2932,12/10/17 12:00,am,19.413,normal
2933,12/10/17 12:20,am,17.843,normal
2934,12/10/17 12:40,am,17.748,normal
2935,12/10/17 1:00,am,17.177,normal
2936,12/10/17 1:20,am,16.249,normal
2937,12/10/17 1:40,am,16.177,normal
2938,12/10/17 2:00,am,16.082,normal
2939,12/10/17 2:20,am,14.122,normal
2940,12/10/17 2:40,am,14.218,normal
2941,12/10/17 3:00,am,13.978,normal
2942,12/10/17 3:20,am,13.185,normal
2943,12/10/17 3:40,am,13.209,normal
2944,12/10/17 4:00,am,13.209,normal
2945,12/10/17 4:20,am,14.122,normal
2946,12/10/17 4:40,am,13.882,normal
2947,12/10/17 5:00,am,14.433,normal
2948,12/10/17 5:20,am,15.438,normal
2949,12/10/17 5:40,am,15.031,normal
2950,12/10/17 6:00,am,15.629,normal
2951,12/10/17 6:20,am,16.82,normal
2952,12/10/17 6:40,am,16.487,normal
2953,12/10/17 7:00,am,17.368,normal
2954,12/10/17 7:20,am,18.961,normal
2955,12/10/17 7:40,am,18.866,normal
2956,12/10/17 8:00,am,19.246,normal
2957,12/10/17 8:20,am,20.484,normal
2958,12/10/17 8:40,am,20.46,normal
2959,12/10/17 9:00,am,20.913,normal
2960,12/10/17 9:20,am,22.753,normal
2961,12/10/17 9:40,am,22.8,normal
2962,12/10/17 10:00,am,23.328,normal
2963,12/10/17 10:20,am,24.871,normal
2964,12/10/17 10:40,am,24.944,normal
2965,12/10/17 11:00,am,24.726,normal
2966,12/10/17 11:20,am,26.353,normal
2967,12/10/17 11:40,am,26.061,normal
2968,12/10/17 12:00,pm,26.72,normal
2969,12/10/17 12:20,pm,27.259,normal
2970,12/10/17 12:40,pm,27.284,normal
2971,12/10/17 1:00,pm,27.21,normal
2972,12/10/17 1:20,pm,27.825,normal
2973,12/10/17 1:40,pm,27.702,normal
2974,12/10/17 2:00,pm,28.072,normal
2975,12/10/17 2:20,pm,28.295,normal
2976,12/10/17 2:40,pm,28.543,normal
2977,12/10/17 3:00,pm,28.419,normal
2978,12/10/17 3:20,pm,28.444,normal
2979,12/10/17 3:40,pm,28.295,normal
2980,12/10/17 4:00,pm,27.949,normal
2981,12/10/17 4:20,pm,27.554,normal
2982,12/10/17 4:40,pm,27.505,normal
2983,12/10/17 5:00,pm,27.186,normal
2984,12/10/17 5:20,pm,26.94,normal
2985,12/10/17 5:40,pm,27.259,normal
2986,12/10/17 6:00,pm,26.72,normal
2987,12/10/17 6:20,pm,26.353,normal
2988,12/10/17 6:40,pm,26.573,normal
2989,12/10/17 7:00,pm,26.549,normal
2990,12/10/17 7:20,pm,26.231,normal
2991,12/10/17 7:40,pm,25.841,normal
2992,12/10/17 8:00,pm,25.065,normal
2993,12/10/17 8:20,pm,24.171,normal
2994,12/10/17 8:40,pm,24.363,normal
2995,12/10/17 9:00,pm,23.304,normal
2996,12/10/17 9:20,pm,23.04,normal
2997,12/10/17 9:40,pm,22.848,normal
2998,12/10/17 10:00,pm,22.848,normal
2999,12/10/17 10:20,pm,20.555,normal
3000,12/10/17 10:40,pm,20.817,normal
3001,12/10/17 11:00,pm,20.746,normal
3002,12/10/17 11:20,pm,19.698,normal
3003,12/10/17 11:40,pm,19.603,normal
3004,12/10/18 12:00,am,18.652,normal
3005,12/10/18 12:20,am,17.701,normal
3006,12/10/18 12:40,am,17.653,normal
3007,12/10/18 1:00,am,17.13,normal
3008,12/10/18 1:20,am,15.891,normal
3009,12/10/18 1:40,am,15.366,normal
3010,12/10/18 2:00,am,14.266,normal
3011,12/10/18 2:20,am,14.29,normal
3012,12/10/18 2:40,am,13.93,normal
3013,12/10/18 3:00,am,14.457,normal
3014,12/10/18 3:20,am,13.305,normal
3015,12/10/18 3:40,am,13.209,normal
3016,12/10/18 4:00,am,13.185,normal
3017,12/10/18 4:20,am,13.93,normal
3018,12/10/18 4:40,am,14.026,normal
3019,12/10/18 5:00,am,14.409,normal
3020,12/10/18 5:20,am,15.079,normal
3021,12/10/18 5:40,am,15.079,normal
3022,12/10/18 6:00,am,16.129,normal
3023,12/10/18 6:20,am,16.892,normal
3024,12/10/18 6:40,am,16.654,normal
3025,12/10/18 7:00,am,18.081,normal
3026,12/10/18 7:20,am,18.937,normal
3027,12/10/18 7:40,am,18.961,normal
3028,12/10/18 8:00,am,19.484,normal
3029,12/10/18 8:20,am,20.77,normal
3030,12/10/18 8:40,am,20.603,normal
3031,12/10/18 9:00,am,21.7,normal
3032,12/10/18 9:20,am,22.561,normal
3033,12/10/18 9:40,am,22.657,normal
3034,12/10/18 10:00,am,23.809,normal
3035,12/10/18 10:20,am,24.653,normal
3036,12/10/18 10:40,am,24.557,normal
3037,12/10/18 11:00,am,25.671,normal
3038,12/10/18 11:20,am,26.402,normal
3039,12/10/18 11:40,am,26.012,normal
3040,12/10/18 12:00,pm,26.744,normal
3041,12/10/18 12:20,pm,27.112,normal
3042,12/10/18 12:40,pm,26.793,normal
3043,12/10/18 1:00,pm,27.235,normal
3044,12/10/18 1:20,pm,27.949,normal
3045,12/10/18 1:40,pm,27.579,normal
3046,12/10/18 2:00,pm,27.924,normal
3047,12/10/18 2:20,pm,28.221,normal
3048,12/10/18 2:40,pm,28.345,normal
3049,12/10/18 3:00,pm,28.196,normal
3050,12/10/18 3:20,pm,28.072,normal
3051,12/10/18 3:40,pm,28.147,normal
3052,12/10/18 4:00,pm,27.998,normal
3053,12/10/18 4:20,pm,27.998,normal
3054,12/10/18 4:40,pm,28.097,normal
3055,12/10/18 5:00,pm,27.53,normal
3056,12/10/18 5:20,pm,26.965,normal
3057,12/10/18 5:40,pm,26.842,normal
3058,12/10/18 6:00,pm,26.426,normal
3059,12/10/18 6:20,pm,26.402,normal
3060,12/10/18 6:40,pm,26.378,normal
3061,12/10/18 7:00,pm,25.477,normal
3062,12/10/18 7:20,pm,25.355,normal
3063,12/10/18 7:40,pm,25.453,normal
3064,12/10/18 8:00,pm,24.919,normal
3065,12/10/18 8:20,pm,24.436,normal
3066,12/10/18 8:40,pm,24.315,normal
3067,12/10/18 9:00,pm,24.339,normal
3068,12/10/18 9:20,pm,23.232,normal
3069,12/10/18 9:40,pm,22.92,normal
3070,12/10/18 10:00,pm,22.585,normal
3071,12/10/18 10:20,pm,20.627,normal
3072,12/10/18 10:40,pm,20.46,normal
3073,12/10/18 11:00,pm,20.436,normal
3074,12/10/18 11:20,pm,19.532,normal
3075,12/10/18 11:40,pm,19.603,normal
3076,12/10/19 12:00,am,19.222,normal
3077,12/10/19 12:20,am,18.105,normal
3078,12/10/19 12:40,am,17.772,normal
3079,12/10/19 1:00,am,17.32,normal
3080,12/10/19 1:20,am,15.915,normal
3081,12/10/19 1:40,am,15.605,normal
3082,12/10/19 2:00,am,14.84,normal
3083,12/10/19 2:20,am,14.433,normal
3084,12/10/19 2:40,am,14.242,normal
3085,12/10/19 3:00,am,13.377,normal
3086,12/10/19 3:20,am,13.57,normal
3087,12/10/19 3:40,am,13.666,normal
3088,12/10/19 4:00,am,13.281,normal
3089,12/10/19 4:20,am,13.522,normal
3090,12/10/19 4:40,am,13.594,normal
3091,12/10/19 5:00,am,14.314,normal
3092,12/10/19 5:20,am,14.936,normal
3093,12/10/19 5:40,am,14.936,normal
3094,12/10/19 6:00,am,15.963,normal
3095,12/10/19 6:20,am,16.606,normal
3096,12/10/19 6:40,am,16.32,normal
3097,12/10/19 7:00,am,17.582,normal
3098,12/10/19 7:20,am,18.889,normal
3099,12/10/19 7:40,am,18.842,normal
3100,12/10/19 8:00,am,20.007,normal
3101,12/10/19 8:20,am,20.293,normal
3102,12/10/19 8:40,am,20.222,normal
3103,12/10/19 9:00,am,21.628,normal
3104,12/10/19 9:20,am,22.465,normal
3105,12/10/19 9:40,am,22.298,normal
3106,12/10/19 10:00,am,23.304,normal
3107,12/10/19 10:20,am,24.726,normal
3108,12/10/19 10:40,am,24.653,normal
3109,12/10/19 11:00,am,25.525,normal
3110,12/10/19 11:20,am,26.012,normal
3111,12/10/19 11:40,am,25.939,normal
3112,12/10/19 12:00,pm,25.817,normal
3113,12/10/19 12:20,pm,27.161,normal
3114,12/10/19 12:40,pm,27.038,normal
3115,12/10/19 1:00,pm,27.579,normal
3116,12/10/19 1:20,pm,27.604,normal
3117,12/10/19 1:40,pm,27.456,normal
3118,12/10/19 2:00,pm,27.801,normal
3119,12/10/19 2:20,pm,28.072,normal
3120,12/10/19 2:40,pm,28.072,normal
3121,12/10/19 3:00,pm,28.196,normal
3122,12/10/19 3:20,pm,28.023,normal
3123,12/10/19 3:40,pm,28.196,normal
3124,12/10/19 4:00,pm,27.481,normal
3125,12/10/19 4:20,pm,28.072,normal
3126,12/10/19 4:40,pm,27.358,normal
3127,12/10/19 5:00,pm,27.259,normal
3128,12/10/19 5:20,pm,27.186,normal
3129,12/10/19 5:40,pm,26.72,normal
3130,12/10/19 6:00,pm,26.256,normal
3131,12/10/19 6:20,pm,26.329,normal
3132,12/10/19 6:40,pm,26.109,normal
3133,12/10/19 7:00,pm,25.768,normal
3134,12/10/19 7:20,pm,25.55,normal
3135,12/10/19 7:40,pm,25.258,normal
3136,12/10/19 8:00,pm,24.484,normal
3137,12/10/19 8:20,pm,24.388,normal
3138,12/10/19 8:40,pm,24.122,normal
3139,12/10/19 9:00,pm,23.641,normal
3140,12/10/19 9:20,pm,22.968,normal
3141,12/10/19 9:40,pm,22.369,normal
3142,12/10/19 10:00,pm,22.178,normal
3143,12/10/19 10:20,pm,20.46,normal
3144,12/10/19 10:40,pm,20.46,normal
3145,12/10/19 11:00,pm,20.674,normal
3146,12/10/19 11:20,pm,19.793,normal
3147,12/10/19 11:40,pm,19.27,normal
3148,12/10/20 12:00,am,19.746,normal
3149,12/10/20 12:20,am,17.677,normal
3150,12/10/20 12:40,am,17.772,normal
3151,12/10/20 1:00,am,17.938,normal
3152,12/10/20 1:20,am,16.272,normal
3153,12/10/20 1:40,am,15.557,normal
3154,12/10/20 2:00,am,14.888,normal
3155,12/10/20 2:20,am,14.457,normal
3156,12/10/20 2:40,am,13.786,normal
3157,12/10/20 3:00,am,14.002,normal
3158,12/10/20 3:20,am,13.209,normal
3159,12/10/20 3:40,am,12.823,normal
3160,12/10/20 4:00,am,13.064,normal
3161,12/10/20 4:20,am,13.714,normal
3162,12/10/20 4:40,am,13.449,normal
3163,12/10/20 5:00,am,14.649,normal
3164,12/10/20 5:20,am,14.649,normal
3165,12/10/20 5:40,am,14.745,normal
3166,12/10/20 6:00,am,15.485,normal
3167,12/10/20 6:20,am,17.13,normal
3168,12/10/20 6:40,am,16.844,normal
3169,12/10/20 7:00,am,17.201,normal
3170,12/10/20 7:20,am,18.723,normal
3171,12/10/20 7:40,am,18.699,normal
3172,12/10/20 8:00,am,19.318,normal
3173,12/10/20 8:20,am,20.531,normal
3174,12/10/20 8:40,am,20.079,normal
3175,12/10/20 9:00,am,21.199,normal
3176,12/10/20 9:20,am,22.681,normal
3177,12/10/20 9:40,am,22.274,normal
3178,12/10/20 10:00,am,23.328,normal
3179,12/10/20 10:20,am,24.508,normal
3180,12/10/20 10:40,am,24.798,normal
3181,12/10/20 11:00,am,24.919,normal
3182,12/10/20 11:20,am,26.329,normal
3183,12/10/20 11:40,am,26.158,normal
3184,12/10/20 12:00,pm,25.841,normal
3185,12/10/20 12:20,pm,27.087,normal
3186,12/10/20 12:40,pm,26.842,normal
3187,12/10/20 1:00,pm,26.695,normal
3188,12/10/20 1:20,pm,27.604,normal
3189,12/10/20 1:40,pm,27.431,normal
3190,12/10/20 2:00,pm,28.097,normal
3191,12/10/20 2:20,pm,28.394,normal
3192,12/10/20 2:40,pm,27.825,normal
3193,12/10/20 3:00,pm,27.998,normal
3194,12/10/20 3:20,pm,27.801,normal
3195,12/10/20 3:40,pm,27.924,normal
3196,12/10/20 4:00,pm,27.333,normal
3197,12/10/20 4:20,pm,27.579,normal
3198,12/10/20 4:40,pm,27.21,normal
3199,12/10/20 5:00,pm,26.916,normal
3200,12/10/20 5:20,pm,26.695,normal
3201,12/10/20 5:40,pm,26.769,normal
3202,12/10/20 6:00,pm,26.28,normal
3203,12/10/20 6:20,pm,26.5,normal
3204,12/10/20 6:40,pm,26.402,normal
3205,12/10/20 7:00,pm,25.598,normal
3206,12/10/20 7:20,pm,25.21,normal
3207,12/10/20 7:40,pm,25.162,normal
3208,12/10/20 8:00,pm,25.258,normal
3209,12/10/20 8:20,pm,24.581,normal
3210,12/10/20 8:40,pm,24.315,normal
3211,12/10/20 9:00,pm,24.171,normal
3212,12/10/20 9:20,pm,22.944,normal
3213,12/10/20 9:40,pm,22.92,normal
3214,12/10/20 10:00,pm,22.226,normal
3215,12/10/20 10:20,pm,21.342,normal
3216,12/10/20 10:40,pm,20.746,normal
3217,12/10/20 11:00,pm,20.174,normal
3218,12/10/20 11:20,pm,19.365,normal
3219,12/10/20 11:40,pm,19.175,normal
3220,12/10/21 12:00,am,20.388,normal
3221,12/10/21 12:20,am,18.152,normal
3222,12/10/21 12:40,am,17.772,normal
3223,12/10/21 1:00,am,17.677,normal
3224,12/10/21 1:20,am,15.509,normal
3225,12/10/21 1:40,am,15.557,normal
3226,12/10/21 2:00,am,15.342,normal
3227,12/10/21 2:20,am,14.409,normal
3228,12/10/21 2:40,am,13.786,normal
3229,12/10/21 3:00,am,13.93,normal
3230,12/10/21 3:20,am,13.377,normal
3231,12/10/21 3:40,am,13.161,normal
3232,12/10/21 4:00,am,13.57,normal
3233,12/10/21 4:20,am,14.026,normal
3234,12/10/21 4:40,am,14.17,normal
3235,12/10/21 5:00,am,14.433,normal
3236,12/10/21 5:20,am,15.127,normal
3237,12/10/21 5:40,am,15.557,normal
3238,12/10/21 6:00,am,15.366,normal
3239,12/10/21 6:20,am,16.654,normal
3240,12/10/21 6:40,am,16.749,normal
3241,12/10/21 7:00,am,17.391,normal
3242,12/10/21 7:20,am,18.794,normal
3243,12/10/21 7:40,am,18.533,normal
3244,12/10/21 8:00,am,19.365,normal
3245,12/10/21 8:20,am,20.317,normal
3246,12/10/21 8:40,am,20.317,normal
3247,12/10/21 9:00,am,21.461,normal
3248,12/10/21 9:20,am,22.561,normal
3249,12/10/21 9:40,am,22.393,normal
3250,12/10/21 10:00,am,22.8,normal
3251,12/10/21 10:20,am,24.823,normal
3252,12/10/21 10:40,am,24.291,normal
3253,12/10/21 11:00,am,25.404,normal
3254,12/10/21 11:20,am,26.109,normal
3255,12/10/21 11:40,am,25.987,normal
3256,12/10/21 12:00,pm,26.622,normal
3257,12/10/21 12:20,pm,26.769,normal
3258,12/10/21 12:40,pm,26.867,normal
3259,12/10/21 1:00,pm,26.573,normal
3260,12/10/21 1:20,pm,27.751,normal
3261,12/10/21 1:40,pm,27.382,normal
3262,12/10/21 2:00,pm,27.899,normal
3263,12/10/21 2:20,pm,28.295,normal
3264,12/10/21 2:40,pm,28.196,normal
3265,12/10/21 3:00,pm,28.122,normal
3266,12/10/21 3:20,pm,28.147,normal
3267,12/10/21 3:40,pm,28.147,normal
3268,12/10/21 4:00,pm,27.677,normal
3269,12/10/21 4:20,pm,27.407,normal
3270,12/10/21 4:40,pm,27.481,normal
3271,12/10/21 5:00,pm,27.481,normal
3272,12/10/21 5:20,pm,27.579,normal
3273,12/10/21 5:40,pm,27.161,normal
3274,12/10/21 6:00,pm,26.353,normal
3275,12/10/21 6:20,pm,26.695,normal
3276,12/10/21 6:40,pm,26.573,normal
3277,12/10/21 7:00,pm,25.768,normal
3278,12/10/21 7:20,pm,25.647,normal
3279,12/10/21 7:40,pm,25.331,normal
3280,12/10/21 8:00,pm,25.21,normal
3281,12/10/21 8:20,pm,24.702,normal
3282,12/10/21 8:40,pm,23.905,normal
3283,12/10/21 9:00,pm,23.28,normal
3284,12/10/21 9:20,pm,22.202,normal
3285,12/10/21 9:40,pm,24.146,normal
3286,12/10/21 10:00,pm,22.202,normal
3287,12/10/21 10:20,pm,20.246,normal
3288,12/10/21 10:40,pm,21.557,normal
3289,12/10/21 11:00,pm,20.174,normal
3290,12/10/21 11:20,pm,19.888,normal
3291,12/10/21 11:40,pm,20.412,normal
3292,12/10/22 12:00,am,20.698,normal
3293,12/10/22 12:20,am,20.841,normal
3294,12/10/22 12:40,am,20.936,normal
3295,12/10/22 1:00,am,20.984,normal
3296,12/10/22 1:20,am,20.984,normal
3297,12/10/22 1:40,am,20.984,normal
3298,12/10/22 2:00,am,20.936,normal
3299,12/10/22 2:20,am,19.722,normal
3300,12/10/22 2:40,am,19.222,normal
3301,12/10/22 3:00,am,18.414,normal
3302,12/10/22 3:20,am,17.582,normal
3303,12/10/22 3:40,am,17.249,normal
3304,12/10/22 4:00,am,16.082,normal
3305,12/10/22 4:20,am,15.796,normal
3306,12/10/22 4:40,am,15.796,normal
3307,12/10/22 5:00,am,13.786,normal
3308,12/10/22 5:20,am,13.762,normal
3309,12/10/22 5:40,am,13.714,normal
3310,12/10/22 6:00,am,12.968,normal
3311,12/10/22 6:20,am,13.233,normal
3312,12/10/22 6:40,am,13.137,normal
3313,12/10/22 7:00,am,12.678,normal
3314,12/10/22 7:20,am,13.473,normal
3315,12/10/22 7:40,am,13.546,normal
3316,12/10/22 8:00,am,15.605,normal
3317,12/10/22 8:20,am,15.342,normal
3318,12/10/22 8:40,am,14.625,normal
3319,12/10/22 9:00,am,16.701,normal
3320,12/10/22 9:20,am,23.4,normal
3321,12/10/22 9:40,am,22.513,normal
3322,12/10/22 10:00,am,24.243,normal
3323,12/10/22 10:20,am,24.823,normal
3324,12/10/22 10:40,am,24.75,normal
3325,12/10/22 11:00,am,26.28,normal
3326,12/10/22 11:20,am,26.134,normal
3327,12/10/22 11:40,am,25.987,normal
3328,12/10/22 12:00,pm,27.087,normal
3329,12/10/22 12:20,pm,26.867,normal
3330,12/10/22 12:40,pm,27.161,normal
3331,12/10/22 1:00,pm,27.776,normal
3332,12/10/22 1:20,pm,28.493,normal
3333,12/10/22 1:40,pm,27.924,normal
3334,12/10/22 2:00,pm,27.899,normal
3335,12/10/22 2:20,pm,28.717,normal
3336,12/10/22 2:40,pm,28.493,normal
3337,12/10/22 3:00,pm,28.468,normal
3338,12/10/22 3:20,pm,28.593,normal
3339,12/10/22 3:40,pm,28.493,normal
3340,12/10/22 4:00,pm,27.579,normal
3341,12/10/22 4:20,pm,28.394,normal
3342,12/10/22 4:40,pm,27.751,normal
3343,12/10/22 5:00,pm,27.382,normal
3344,12/10/22 5:20,pm,26.793,normal
3345,12/10/22 5:40,pm,27.014,normal
3346,12/10/22 6:00,pm,26.916,normal
3347,12/10/22 6:20,pm,26.793,normal
3348,12/10/22 6:40,pm,26.426,normal
3349,12/10/22 7:00,pm,26.353,normal
3350,12/10/22 7:20,pm,25.695,normal
3351,12/10/22 7:40,pm,25.671,normal
3352,12/10/22 8:00,pm,24.677,normal
3353,12/10/22 8:20,pm,24.847,normal
3354,12/10/22 8:40,pm,24.46,normal
3355,12/10/22 9:00,pm,24.267,normal
3356,12/10/22 9:20,pm,23.4,normal
3357,12/10/22 9:40,pm,23.088,normal
3358,12/10/22 10:00,pm,21.246,normal
3359,12/10/22 10:20,pm,21.056,normal
3360,12/10/22 10:40,pm,21.032,normal
3361,12/10/22 11:00,pm,19.865,normal
3362,12/10/22 11:20,pm,19.888,normal
3363,12/10/22 11:40,pm,19.674,normal
3364,12/10/23 12:00,am,18.319,normal
3365,12/10/23 12:20,am,17.629,normal
3366,12/10/23 12:40,am,17.986,normal
3367,12/10/23 1:00,am,16.749,normal
3368,12/10/23 1:20,am,15.652,normal
3369,12/10/23 1:40,am,15.652,normal
3370,12/10/23 2:00,am,15.724,normal
3371,12/10/23 2:20,am,14.337,normal
3372,12/10/23 2:40,am,13.738,normal
3373,12/10/23 3:00,am,13.305,normal
3374,12/10/23 3:20,am,13.329,normal
3375,12/10/23 3:40,am,13.449,normal
3376,12/10/23 4:00,am,13.522,normal
3377,12/10/23 4:20,am,13.978,normal
3378,12/10/23 4:40,am,14.074,normal
3379,12/10/23 5:00,am,14.314,normal
3380,12/10/23 5:20,am,15.27,normal
3381,12/10/23 5:40,am,15.055,normal
3382,12/10/23 6:00,am,16.368,normal
3383,12/10/23 6:20,am,16.606,normal
3384,12/10/23 6:40,am,16.773,normal
3385,12/10/23 7:00,am,18.557,normal
3386,12/10/23 7:20,am,18.866,normal
3387,12/10/23 7:40,am,18.794,normal
3388,12/10/23 8:00,am,19.151,normal
3389,12/10/23 8:20,am,20.46,normal
3390,12/10/23 8:40,am,20.341,normal
3391,12/10/23 9:00,am,22.369,normal
3392,12/10/23 9:20,am,22.298,normal
3393,12/10/23 9:40,am,22.202,normal
3394,12/10/23 10:00,am,24.171,normal
3395,12/10/23 10:20,am,24.532,normal
3396,12/10/23 10:40,am,24.508,normal
3397,12/10/23 11:00,am,26.109,normal
3398,12/10/23 11:20,am,26.28,normal
3399,12/10/23 11:40,am,25.793,normal
3400,12/10/23 12:00,pm,27.235,normal
3401,12/10/23 12:20,pm,27.161,normal
3402,12/10/23 12:40,pm,26.573,normal
3403,12/10/23 1:00,pm,28.518,normal
3404,12/10/23 1:20,pm,27.702,normal
3405,12/10/23 1:40,pm,27.308,normal
3406,12/10/23 2:00,pm,27.801,normal
3407,12/10/23 2:20,pm,28.097,normal
3408,12/10/23 2:40,pm,28.097,normal
3409,12/10/23 3:00,pm,28.221,normal
3410,12/10/23 3:20,pm,28.097,normal
3411,12/10/23 3:40,pm,28.196,normal
3412,12/10/23 4:00,pm,27.161,normal
3413,12/10/23 4:20,pm,28.122,normal
3414,12/10/23 4:40,pm,27.259,normal
3415,12/10/23 5:00,pm,26.524,normal
3416,12/10/23 5:20,pm,26.891,normal
3417,12/10/23 5:40,pm,26.769,normal
3418,12/10/23 6:00,pm,26.012,normal
3419,12/10/23 6:20,pm,26.426,normal
3420,12/10/23 6:40,pm,26.231,normal
3421,12/10/23 7:00,pm,24.895,normal
3422,12/10/23 7:20,pm,25.623,normal
3423,12/10/23 7:40,pm,25.404,normal
3424,12/10/23 8:00,pm,24.726,normal
3425,12/10/23 8:20,pm,24.557,normal
3426,12/10/23 8:40,pm,24.291,normal
3427,12/10/23 9:00,pm,22.824,normal
3428,12/10/23 9:20,pm,22.944,normal
3429,12/10/23 9:40,pm,22.8,normal
3430,12/10/23 10:00,pm,21.27,normal
3431,12/10/23 10:20,pm,20.365,normal
3432,12/10/23 10:40,pm,20.555,normal
3433,12/10/23 11:00,pm,20.317,normal
3434,12/10/23 11:20,pm,20.079,normal
3435,12/10/23 11:40,pm,19.651,normal
3436,12/10/24 12:00,am,19.151,normal
3437,12/10/24 12:20,am,18.176,normal
3438,12/10/24 12:40,am,17.819,normal
3439,12/10/24 1:00,am,17.867,normal
3440,12/10/24 1:20,am,15.557,normal
3441,12/10/24 1:40,am,15.366,normal
3442,12/10/24 2:00,am,15.079,normal
3443,12/10/24 2:20,am,14.314,normal
3444,12/10/24 2:40,am,13.906,normal
3445,12/10/24 3:00,am,13.112,normal
3446,12/10/24 3:20,am,12.871,normal
3447,12/10/24 3:40,am,13.185,normal
3448,12/10/24 4:00,am,13.353,normal
3449,12/10/24 4:20,am,13.738,normal
3450,12/10/24 4:40,am,13.954,normal
3451,12/10/24 5:00,am,15.031,normal
3452,12/10/24 5:20,am,14.697,normal
3453,12/10/24 5:40,am,14.433,normal
3454,12/10/24 6:00,am,15.414,normal
3455,12/10/24 6:20,am,16.463,normal
3456,12/10/24 6:40,am,17.106,normal
3457,12/10/24 7:00,am,17.938,normal
3458,12/10/24 7:20,am,19.008,normal
3459,12/10/24 7:40,am,18.461,normal
3460,12/10/24 8:00,am,20.055,normal
3461,12/10/24 8:20,am,20.341,normal
3462,12/10/24 8:40,am,20.365,normal
3463,12/10/24 9:00,am,22.465,normal
3464,12/10/24 9:20,am,22.298,normal
3465,12/10/24 9:40,am,22.226,normal
3466,12/10/24 10:00,am,23.881,normal
3467,12/10/24 10:20,am,24.726,normal
3468,12/10/24 10:40,am,24.726,normal
3469,12/10/24 11:00,am,25.065,normal
3470,12/10/24 11:20,am,26.012,normal
3471,12/10/24 11:40,am,25.963,normal
3472,12/10/24 12:00,pm,26.989,normal
3473,12/10/24 12:20,pm,26.793,normal
3474,12/10/24 12:40,pm,26.769,normal
3475,12/10/24 1:00,pm,27.235,normal
3476,12/10/24 1:20,pm,27.407,normal
3477,12/10/24 1:40,pm,27.431,normal
3478,12/10/24 2:00,pm,27.579,normal
3479,12/10/24 2:20,pm,28.147,normal
3480,12/10/24 2:40,pm,27.998,normal
3481,12/10/24 3:00,pm,27.702,normal
3482,12/10/24 3:20,pm,27.875,normal
3483,12/10/24 3:40,pm,27.653,normal
3484,12/10/24 4:00,pm,27.653,normal
3485,12/10/24 4:20,pm,27.235,normal
3486,12/10/24 4:40,pm,27.308,normal
3487,12/10/24 5:00,pm,26.769,normal
3488,12/10/24 5:20,pm,26.793,normal
3489,12/10/24 5:40,pm,26.989,normal
3490,12/10/24 6:00,pm,25.866,normal
3491,12/10/24 6:20,pm,26.402,normal
3492,12/10/24 6:40,pm,26.451,normal
3493,12/10/24 7:00,pm,25.963,normal
3494,12/10/24 7:20,pm,25.38,normal
3495,12/10/24 7:40,pm,25.21,normal
3496,12/10/24 8:00,pm,24.098,normal
3497,12/10/24 8:20,pm,24.677,normal
3498,12/10/24 8:40,pm,24.171,normal
3499,12/10/24 9:00,pm,22.896,normal
3500,12/10/24 9:20,pm,22.992,normal
3501,12/10/24 9:40,pm,23.088,normal
3502,12/10/24 10:00,pm,22.321,normal
3503,12/10/24 10:20,pm,20.531,normal
3504,12/10/24 10:40,pm,20.531,normal
3505,12/10/24 11:00,pm,20.841,normal
3506,12/10/24 11:20,pm,19.888,normal
3507,12/10/24 11:40,pm,19.651,normal
3508,12/10/25 12:00,am,19.722,normal
3509,12/10/25 12:20,am,17.701,normal
3510,12/10/25 12:40,am,17.819,normal
3511,12/10/25 1:00,am,17.938,normal
3512,12/10/25 1:20,am,15.509,normal
3513,12/10/25 1:40,am,15.461,normal
3514,12/10/25 2:00,am,14.816,normal
3515,12/10/25 2:20,am,14.266,normal
3516,12/10/25 2:40,am,14.218,normal
3517,12/10/25 3:00,am,13.137,normal
3518,12/10/25 3:20,am,12.823,normal
3519,12/10/25 3:40,am,13.112,normal
3520,12/10/25 4:00,am,13.185,normal
3521,12/10/25 4:20,am,13.858,normal
3522,12/10/25 4:40,am,13.858,normal
3523,12/10/25 5:00,am,13.738,normal
3524,12/10/25 5:20,am,14.649,normal
3525,12/10/25 5:40,am,14.29,normal
3526,12/10/25 6:00,am,15.963,normal
3527,12/10/25 6:20,am,16.153,normal
3528,12/10/25 6:40,am,15.557,normal
3529,12/10/25 7:00,am,18.01,normal
3530,12/10/25 7:20,am,18.509,normal
3531,12/10/25 7:40,am,18.224,normal
3532,12/10/25 8:00,am,19.746,normal
3533,12/10/25 8:20,am,20.341,normal
3534,12/10/25 8:40,am,20.317,normal
3535,12/10/25 9:00,am,22.321,normal
3536,12/10/25 9:20,am,22.393,normal
3537,12/10/25 9:40,am,22.25,normal
3538,12/10/25 10:00,am,24.219,normal
3539,12/10/25 10:20,am,24.581,normal
3540,12/10/25 10:40,am,24.291,normal
3541,12/10/25 11:00,am,26.207,normal
3542,12/10/25 11:20,am,26.378,normal
3543,12/10/25 11:40,am,25.817,normal
3544,12/10/25 12:00,pm,25.793,normal
3545,12/10/25 12:20,pm,26.695,normal
3546,12/10/25 12:40,pm,26.524,normal
3547,12/10/25 1:00,pm,26.916,normal
3548,12/10/25 1:20,pm,27.899,normal
3549,12/10/25 1:40,pm,27.284,normal
3550,12/10/25 2:00,pm,27.136,normal
3551,12/10/25 2:20,pm,27.974,normal
3552,12/10/25 2:40,pm,27.801,normal
3553,12/10/25 3:00,pm,27.604,normal
3554,12/10/25 3:20,pm,27.998,normal
3555,12/10/25 3:40,pm,28.147,normal
3556,12/10/25 4:00,pm,27.161,normal
3557,12/10/25 4:20,pm,27.431,normal
3558,12/10/25 4:40,pm,27.161,normal
3559,12/10/25 5:00,pm,26.475,normal
3560,12/10/25 5:20,pm,27.161,normal
3561,12/10/25 5:40,pm,26.793,normal
3562,12/10/25 6:00,pm,26.158,normal
3563,12/10/25 6:20,pm,26.378,normal
3564,12/10/25 6:40,pm,25.987,normal
3565,12/10/25 7:00,pm,25.501,normal
3566,12/10/25 7:20,pm,25.55,normal
3567,12/10/25 7:40,pm,25.428,normal
3568,12/10/25 8:00,pm,24.75,normal
3569,12/10/25 8:20,pm,24.339,normal
3570,12/10/25 8:40,pm,24.339,normal
3571,12/10/25 9:00,pm,23.376,normal
3572,12/10/25 9:20,pm,23.352,normal
3573,12/10/25 9:40,pm,24.823,normal
3574,12/10/25 10:00,pm,22.058,normal
3575,12/10/25 10:20,pm,21.079,normal
3576,12/10/25 10:40,pm,20.317,normal
3577,12/10/25 11:00,pm,20.793,normal
3578,12/10/25 11:20,pm,19.865,normal
3579,12/10/25 11:40,pm,19.127,normal
3580,12/10/26 12:00,am,17.819,normal
3581,12/10/26 12:20,am,17.368,normal
3582,12/10/26 12:40,am,17.344,normal
3583,12/10/26 1:00,am,16.939,normal
3584,12/10/26 1:20,am,15.819,normal
3585,12/10/26 1:40,am,15.724,normal
3586,12/10/26 2:00,am,14.816,normal
3587,12/10/26 2:20,am,13.594,normal
3588,12/10/26 2:40,am,13.473,normal
3589,12/10/26 3:00,am,13.738,normal
3590,12/10/26 3:20,am,13.257,normal
3591,12/10/26 3:40,am,13.257,normal
3592,12/10/26 4:00,am,13.353,normal
3593,12/10/26 4:20,am,13.834,normal
3594,12/10/26 4:40,am,13.786,normal
3595,12/10/26 5:00,am,13.738,normal
3596,12/10/26 5:20,am,14.96,normal
3597,12/10/26 5:40,am,15.247,normal
3598,12/10/26 6:00,am,15.891,normal
3599,12/10/26 6:20,am,16.034,normal
3600,12/10/26 6:40,am,16.368,normal
3601,12/10/26 7:00,am,17.962,normal
3602,12/10/26 7:20,am,18.105,normal
3603,12/10/26 7:40,am,17.891,normal
3604,12/10/26 8:00,am,18.889,normal
3605,12/10/26 8:20,am,19.984,normal
3606,12/10/26 8:40,am,20.984,normal
3607,12/10/26 9:00,am,21.413,normal
3608,12/10/26 9:20,am,22.393,normal
3609,12/10/26 9:40,am,22.513,normal
3610,12/10/26 10:00,am,24.412,normal
3611,12/10/26 10:20,am,24.823,normal
3612,12/10/26 10:40,am,24.605,normal
3613,12/10/26 11:00,am,26.036,normal
3614,12/10/26 11:20,am,26.451,normal
3615,12/10/26 11:40,am,25.768,normal
3616,12/10/26 12:00,pm,26.353,normal
3617,12/10/26 12:20,pm,27.554,normal
3618,12/10/26 12:40,pm,27.21,normal
3619,12/10/26 1:00,pm,27.899,normal
3620,12/10/26 1:20,pm,27.358,normal
3621,12/10/26 1:40,pm,27.333,normal
3622,12/10/26 2:00,pm,28.493,normal
3623,12/10/26 2:20,pm,28.147,normal
3624,12/10/26 2:40,pm,28.593,normal
3625,12/10/26 3:00,pm,28.841,normal
3626,12/10/26 3:20,pm,28.742,normal
3627,12/10/26 3:40,pm,28.023,normal
3628,12/10/26 4:00,pm,27.998,normal
3629,12/10/26 4:20,pm,29.315,normal
3630,12/10/26 4:40,pm,28.048,normal
3631,12/10/26 5:00,pm,27.579,normal
3632,12/10/26 5:20,pm,26.842,normal
3633,12/10/26 5:40,pm,27.53,normal
3634,12/10/26 6:00,pm,25.939,normal
3635,12/10/26 6:20,pm,26.72,normal
3636,12/10/26 6:40,pm,26.353,normal
3637,12/10/26 7:00,pm,24.823,normal
3638,12/10/26 7:20,pm,25.186,normal
3639,12/10/26 7:40,pm,25.162,normal
3640,12/10/26 8:00,pm,23.954,normal
3641,12/10/26 8:20,pm,26.158,normal
3642,12/10/26 8:40,pm,24.122,normal
3643,12/10/26 9:00,pm,22.321,normal
3644,12/10/26 9:20,pm,22.345,normal
3645,12/10/26 9:40,pm,22.537,normal
3646,12/10/26 10:00,pm,21.891,normal
3647,12/10/26 10:20,pm,20.031,normal
3648,12/10/26 10:40,pm,20.698,normal
3649,12/10/26 11:00,pm,21.079,normal
3650,12/10/26 11:20,pm,19.056,normal
3651,12/10/26 11:40,pm,18.937,normal
3652,12/10/27 12:00,am,21.413,normal
3653,12/10/27 12:20,am,17.486,normal
3654,12/10/27 12:40,am,16.963,normal
3655,12/10/27 1:00,am,16.177,normal
3656,12/10/27 1:20,am,15.891,normal
3657,12/10/27 1:40,am,15.461,normal
3658,12/10/27 2:00,am,15.199,normal
3659,12/10/27 2:20,am,13.978,normal
3660,12/10/27 2:40,am,13.642,normal
3661,12/10/27 3:00,am,13.714,normal
3662,12/10/27 3:20,am,12.823,normal
3663,12/10/27 3:40,am,12.992,normal
3664,12/10/27 4:00,am,13.329,normal
3665,12/10/27 4:20,am,13.642,normal
3666,12/10/27 4:40,am,13.594,normal
3667,12/10/27 5:00,am,14.266,normal
3668,12/10/27 5:20,am,14.816,normal
3669,12/10/27 5:40,am,15.533,normal
3670,12/10/27 6:00,am,15.557,normal
3671,12/10/27 6:20,am,15.509,normal
3672,12/10/27 6:40,am,16.439,normal
3673,12/10/27 7:00,am,17.938,normal
3674,12/10/27 7:20,am,18.509,normal
3675,12/10/27 7:40,am,18.033,normal
3676,12/10/27 8:00,am,19.389,normal
3677,12/10/27 8:20,am,20.079,normal
3678,12/10/27 8:40,am,20.507,normal
3679,12/10/27 9:00,am,21.557,normal
3680,12/10/27 9:20,am,22.25,normal
3681,12/10/27 9:40,am,22.417,normal
3682,12/10/27 10:00,am,23.713,normal
3683,12/10/27 10:20,am,24.484,normal
3684,12/10/27 10:40,am,24.267,normal
3685,12/10/27 11:00,am,26.158,normal
3686,12/10/27 11:20,am,26.304,normal
3687,12/10/27 11:40,am,25.963,normal
3688,12/10/27 12:00,pm,27.161,normal
3689,12/10/27 12:20,pm,27.21,normal
3690,12/10/27 12:40,pm,26.769,normal
3691,12/10/27 1:00,pm,27.702,normal
3692,12/10/27 1:20,pm,27.407,normal
3693,12/10/27 1:40,pm,26.329,normal
3694,12/10/27 2:00,pm,27.161,normal
3695,12/10/27 2:20,pm,28.147,normal
3696,12/10/27 2:40,pm,27.653,normal
3697,12/10/27 3:00,pm,27.949,normal
3698,12/10/27 3:20,pm,28.717,normal
3699,12/10/27 3:40,pm,28.32,normal
3700,12/10/27 4:00,pm,26.891,normal
3701,12/10/27 4:20,pm,27.333,normal
3702,12/10/27 4:40,pm,27.407,normal
3703,12/10/27 5:00,pm,26.549,normal
3704,12/10/27 5:20,pm,26.72,normal
3705,12/10/27 5:40,pm,26.916,normal
3706,12/10/27 6:00,pm,25.55,normal
3707,12/10/27 6:20,pm,26.549,normal
3708,12/10/27 6:40,pm,25.89,normal
3709,12/10/27 7:00,pm,25.55,normal
3710,12/10/27 7:20,pm,25.307,normal
3711,12/10/27 7:40,pm,25.234,normal
3712,12/10/27 8:00,pm,24.653,normal
3713,12/10/27 8:20,pm,24.219,normal
3714,12/10/27 8:40,pm,24.122,normal
3715,12/10/27 9:00,pm,23.93,normal
3716,12/10/27 9:20,pm,23.521,normal
3717,12/10/27 9:40,pm,22.896,normal
3718,12/10/27 10:00,pm,21.223,normal
3719,12/10/27 10:20,pm,20.889,normal
3720,12/10/27 10:40,pm,20.555,normal
3721,12/10/27 11:00,pm,19.508,normal
3722,12/10/27 11:20,pm,20.031,normal
3723,12/10/27 11:40,pm,20.103,normal
3724,12/10/28 12:00,am,18.152,normal
3725,12/10/28 12:20,am,17.558,normal
3726,12/10/28 12:40,am,17.748,normal
3727,12/10/28 1:00,am,17.962,normal
3728,12/10/28 1:20,am,15.533,normal
3729,12/10/28 1:40,am,15.438,normal
3730,12/10/28 2:00,am,15.199,normal
3731,12/10/28 2:20,am,13.858,normal
3732,12/10/28 2:40,am,14.218,normal
3733,12/10/28 3:00,am,13.04,normal
3734,12/10/28 3:20,am,13.112,normal
3735,12/10/28 3:40,am,13.305,normal
3736,12/10/28 4:00,am,13.954,normal
3737,12/10/28 4:20,am,13.834,normal
3738,12/10/28 4:40,am,14.146,normal
3739,12/10/28 5:00,am,14.266,normal
3740,12/10/28 5:20,am,15.103,normal
3741,12/10/28 5:40,am,15.055,normal
3742,12/10/28 6:00,am,16.749,normal
3743,12/10/28 6:20,am,16.32,normal
3744,12/10/28 6:40,am,16.272,normal
3745,12/10/28 7:00,am,18.366,normal
3746,12/10/28 7:20,am,18.747,normal
3747,12/10/28 7:40,am,18.319,normal
3748,12/10/28 8:00,am,19.555,normal
3749,12/10/28 8:20,am,20.103,normal
3750,12/10/28 8:40,am,20.341,normal
3751,12/10/28 9:00,am,21.7,normal
3752,12/10/28 9:20,am,22.298,normal
3753,12/10/28 9:40,am,22.393,normal
3754,12/10/28 10:00,am,23.978,normal
3755,12/10/28 10:20,am,24.75,normal
3756,12/10/28 10:40,am,24.46,normal
3757,12/10/28 11:00,am,26.304,normal
3758,12/10/28 11:20,am,26.256,normal
3759,12/10/28 11:40,am,26.304,normal
3760,12/10/28 12:00,pm,27.358,normal
3761,12/10/28 12:20,pm,26.402,normal
3762,12/10/28 12:40,pm,26.842,normal
3763,12/10/28 1:00,pm,26.622,normal
3764,12/10/28 1:20,pm,28.023,normal
3765,12/10/28 1:40,pm,27.431,normal
3766,12/10/28 2:00,pm,27.949,normal
3767,12/10/28 2:20,pm,28.717,normal
3768,12/10/28 2:40,pm,28.369,normal
3769,12/10/28 3:00,pm,27.85,normal
3770,12/10/28 3:20,pm,28.097,normal
3771,12/10/28 3:40,pm,28.493,normal
3772,12/10/28 4:00,pm,27.677,normal
3773,12/10/28 4:20,pm,27.407,normal
3774,12/10/28 4:40,pm,27.456,normal
3775,12/10/28 5:00,pm,27.333,normal
3776,12/10/28 5:20,pm,27.161,normal
3777,12/10/28 5:40,pm,26.72,normal
3778,12/10/28 6:00,pm,26.061,normal
3779,12/10/28 6:20,pm,26.695,normal
3780,12/10/28 6:40,pm,26.426,normal
3781,12/10/28 7:00,pm,25.283,normal
3782,12/10/28 7:20,pm,25.671,normal
3783,12/10/28 7:40,pm,25.331,normal
3784,12/10/28 8:00,pm,24.098,normal
3785,12/10/28 8:20,pm,24.605,normal
3786,12/10/28 8:40,pm,24.436,normal
3787,12/10/28 9:00,pm,23.954,normal
3788,12/10/28 9:20,pm,23.833,normal
3789,12/10/28 9:40,pm,23.737,normal
3790,12/10/28 10:00,pm,21.175,normal
3791,12/10/28 10:20,pm,21.032,normal
3792,12/10/28 10:40,pm,20.055,normal
3793,12/10/28 11:00,pm,20.555,normal
3794,12/10/28 11:20,pm,20.222,normal
3795,12/10/28 11:40,pm,19.175,normal
3796,12/10/29 12:00,am,18.105,normal
3797,12/10/29 12:20,am,17.463,normal
3798,12/10/29 12:40,am,17.843,normal
3799,12/10/29 1:00,am,16.963,normal
3800,12/10/29 1:20,am,15.986,normal
3801,12/10/29 1:40,am,15.509,normal
3802,12/10/29 2:00,am,14.242,normal
3803,12/10/29 2:20,am,14.002,normal
3804,12/10/29 2:40,am,14.05,normal
3805,12/10/29 3:00,am,13.954,normal
3806,12/10/29 3:20,am,13.353,normal
3807,12/10/29 3:40,am,13.353,normal
3808,12/10/29 4:00,am,13.401,normal
3809,12/10/29 4:20,am,13.473,normal
3810,12/10/29 4:40,am,13.546,normal
3811,12/10/29 5:00,am,14.888,normal
3812,12/10/29 5:20,am,15.605,normal
3813,12/10/29 5:40,am,15.031,normal
3814,12/10/29 6:00,am,15.748,normal
3815,12/10/29 6:20,am,16.558,normal
3816,12/10/29 6:40,am,16.487,normal
3817,12/10/29 7:00,am,18.129,normal
3818,12/10/29 7:20,am,18.961,normal
3819,12/10/29 7:40,am,18.937,normal
3820,12/10/29 8:00,am,19.365,normal
3821,12/10/29 8:20,am,20.269,normal
3822,12/10/29 8:40,am,20.484,normal
3823,12/10/29 9:00,am,22.154,normal
3824,12/10/29 9:20,am,22.585,normal
3825,12/10/29 9:40,am,22.441,normal
3826,12/10/29 10:00,am,24.098,normal
3827,12/10/29 10:20,am,24.992,normal