Temperature record （high temperature）,,,,,Temperature record  （normal temperature）,,,,,Treatments,id,Nymph duration,Longevity,Productivity,Lifeperiod,immediately death,,Treatments,id,Longevity,Productivity,lifespan,immediately death
#,"Time, GMT+08:00","Temp, °C",,,#,"Time, GMT+08:00","Temp, °C",,,NE1,1,9.5,4.5,10,14,0,,AE1,1 ,16.0,38.0,23.0,0.0
1,12-09-06 下午11时00分00秒,29.464,,,1,12-09-07 上午12时00分00秒,19.246,,,NE1,2,7,14,39,21,0,,AE1,2 ,10.0,21.0,17.0,0.0
2,12-09-06 下午11时20分00秒,22.944,,,2,12-09-07 上午12时20分00秒,17.249,,,NE1,3,,,,1.5,1,,AE1,3 ,25.0,64.0,32.0,0.0
3,12-09-06 下午11时40分00秒,21.819,,,3,12-09-07 上午12时40分00秒,16.892,,,NE1,4,8,11,28,19,0,,AE1,4 ,21.0,44.0,28.0,0.0
4,12-09-07 上午12时00分00秒,21.604,,,4,12-09-07 上午01时00分00秒,17.201,,,NE1,5,,,,1.5,1,,AE1,5 ,12.0,21.0,19.0,0.0
5,12-09-07 上午12时20分00秒,20.889,,,5,12-09-07 上午01时20分00秒,15.318,,,NE1,6,8.5,20.5,37,29,0,,AE1,6 ,26.0,45.0,33.0,0.0
6,12-09-07 上午12时40分00秒,20.388,,,6,12-09-07 上午01时40分00秒,15.079,,,NE1,7,7.5,23.5,56,31,0,,AE1,7 ,10.0,21.0,17.0,0.0
7,12-09-07 上午01时00分00秒,20.317,,,7,12-09-07 上午02时00分00秒,15.724,,,NE1,8,,,,5.5,0,,AE1,8 ,1.0,0,8.0,1.0
8,12-09-07 上午01时20分00秒,19.912,,,8,12-09-07 上午02时20分00秒,13.738,,,NE1,9,,,,1,1,,AE1,9 ,33.0,62.0,40.0,0.0
9,12-09-07 上午01时40分00秒,19.793,,,9,12-09-07 上午02时40分00秒,13.954,,,NE1,10,,,,4,0,,AE1,10 ,29.0,49.0,36.0,0.0
10,12-09-07 上午02时00分00秒,19.722,,,10,12-09-07 上午03时00分00秒,13.69,,,NE1,11,7.5,10.5,30,18,0,,AE1,11 ,22.0,44.0,29.0,0.0
11,12-09-07 上午02时20分00秒,19.318,,,11,12-09-07 上午03时20分00秒,12.823,,,NE1,12,,,,2.5,1,,AE1,12 ,27.0,52.0,34.0,0.0
12,12-09-07 上午02时40分00秒,19.294,,,12,12-09-07 上午03时40分00秒,12.823,,,NE1,13,9,7,10,16,0,,AE1,13 ,3.0,0.0,10.0,0.0
13,12-09-07 上午03时00分00秒,19.27,,,13,12-09-07 上午04时00分00秒,12.534,,,NE1,14,,,,11.5,0,,AE1,14 ,13.0,23.0,20.0,0.0
14,12-09-07 上午03时20分00秒,18.985,,,14,12-09-07 上午04时20分00秒,12.896,,,NE1,15,,,,3,0,,AE1,15 ,2.0,0,9.0,1.0
15,12-09-07 上午03时40分00秒,18.961,,,15,12-09-07 上午04时40分00秒,13.786,,,NE1,16,8,20.5,52,28.5,0,,AE1,16 ,2.0,3.0,9.0,1.0
16,12-09-07 上午04时00分00秒,18.985,,,16,12-09-07 上午05时00分00秒,12.992,,,NE1,17,8,28,65,36,0,,AE1,17 ,22.0,31.0,29.0,0.0
17,12-09-07 上午04时20分00秒,19.508,,,17,12-09-07 上午05时20分00秒,14.96,,,NE1,18,7,13,41,20,0,,AE1,18 ,3.0,0,10.0,0.0
18,12-09-07 上午04时40分00秒,19.603,,,18,12-09-07 上午05时40分00秒,14.792,,,NE1,19,8.5,17.5,54,26,0,,AE1,19 ,22.0,42.0,29.0,0.0
19,12-09-07 上午05时00分00秒,19.603,,,19,12-09-07 上午06时00分00秒,14.505,,,NE1,20,,,,0.5,1,,AE1,20 ,5.0,5.0,12.0,0.0
20,12-09-07 上午05时20分00秒,20.341,,,20,12-09-07 上午06时20分00秒,16.677,,,NE1,21,8.5,28.5,61,37,0,,AE1,21 ,31.0,42.0,38.0,0.0
21,12-09-07 上午05时40分00秒,20.65,,,21,12-09-07 上午06时40分00秒,16.32,,,NE1,22,8,18,38,26,0,,AE1,22 ,33.0,35.0,40.0,0.0
22,12-09-07 上午06时00分00秒,20.246,,,22,12-09-07 上午07时00分00秒,16.177,,,NE1,23,,,,3.5,0,,AE1,23 ,4.0,3.0,11.0,0.0
23,12-09-07 上午06时20分00秒,21.342,,,23,12-09-07 上午07时20分00秒,18.461,,,NE1,24,9,4,4,13,0,,AE1,24 ,4.0,0,11.0,0.0
24,12-09-07 上午06时40分00秒,21.604,,,24,12-09-07 上午07时40分00秒,18.105,,,NE1,25,7.5,8.5,23,16,0,,AE1,25 ,26.0,51.0,33.0,0.0
25,12-09-07 上午07时00分00秒,21.843,,,25,12-09-07 上午08时00分00秒,18.081,,,NE1,26,,,,4.5,0,,AE1,26 ,2.0,6.0,9.0,1.0
26,12-09-07 上午07时20分00秒,22.681,,,26,12-09-07 上午08时20分00秒,20.126,,,NE1,27,,,,0.5,1,,AE1,27 ,25.0,44.0,32.0,0.0
27,12-09-07 上午07时40分00秒,22.896,,,27,12-09-07 上午08时40分00秒,20.674,,,NE1,28,,,,9.5,0,,AE1,28 ,16.0,37.0,23.0,0.0
28,12-09-07 上午08时00分00秒,22.609,,,28,12-09-07 上午09时00分00秒,20.674,,,NE1,29,8,21,53,29,0,,AE1,29 ,19.0,40.0,26.0,0.0
29,12-09-07 上午08时20分00秒,24.098,,,29,12-09-07 上午09时20分00秒,22.872,,,NE1,30,8.5,5.5,7,14,0,,AE1,30 ,28.0,56.0,35.0,0.0
30,12-09-07 上午08时40分00秒,24.412,,,30,12-09-07 上午09时40分00秒,22.489,,,NE1,31,,,,4,0,,AE1,31 ,18.0,47.0,25.0,0.0
31,12-09-07 上午09时00分00秒,24.388,,,31,12-09-07 上午10时00分00秒,22.465,,,NE1,32,9.5,1,0,10.5,0,,AE1,32 ,28.0,15.0,35.0,0.0
32,12-09-07 上午09时20分00秒,26.231,,,32,12-09-07 上午10时20分00秒,24.388,,,NE1,33,,,,6.5,0,,AE1,33 ,7.0,18.0,14.0,0.0
33,12-09-07 上午09时40分00秒,26.231,,,35,12-09-07 上午10时40分00秒,24.629,,,NE1,34,,,,6.5,0,,AE1,34 ,12.0,17.0,19.0,0.0
34,12-09-07 上午10时00分00秒,26.378,,,36,12-09-07 上午11时00分00秒,24.677,,,NE1,35,8.5,11.5,29,20,0,,AE1,35 ,19.0,42.0,26.0,0.0
35,12-09-07 上午10时20分00秒,28.941,,,37,12-09-07 上午11时20分00秒,25.841,,,NE1,36,,,,4.5,0,,AE2,1 ,17.0,39.0,24.0,0.0
38,12-09-07 上午10时40分00秒,29.015,,,38,12-09-07 上午11时40分00秒,26.036,,,NE1,37,8.5,10.5,22,19,0,,AE2,2 ,4.0,3.0,11.0,0.0
39,12-09-07 上午11时00分00秒,29.439,,,39,12-09-07 下午12时00分00秒,26.231,,,NE1,38,,,,0.5,1,,AE2,3 ,22.0,35.0,29.0,0.0
40,12-09-07 上午11时20分00秒,31.791,,,40,12-09-07 下午12时20分00秒,27.038,,,NE1,39,7.5,14.5,44,22,0,,AE2,4 ,2.0,0,9.0,1.0
41,12-09-07 上午11时40分00秒,31.919,,,41,12-09-07 下午12时40分00秒,27.063,,,NE1,40,8.5,14,38,22.5,0,,AE2,5 ,3.0,0,10.0,1.0
42,12-09-07 下午12时00分00秒,31.842,,,42,12-09-07 下午01时00分00秒,27.21,,,NE1,41,9,12,34,21,0,,AE2,6 ,1.0,0,8.0,1.0
43,12-09-07 下午12时20分00秒,33.809,,,43,12-09-07 下午01时20分00秒,26.769,,,NE1,42,8.5,26.5,59,35,0,,AE2,7 ,18.0,46.0,25.0,0.0
44,12-09-07 下午12时40分00秒,33.757,,,44,12-09-07 下午01时40分00秒,27.358,,,NE1,43,,,,19.5,0,,AE2,8 ,33.0,73.0,40.0,0.0
45,12-09-07 下午01时00分00秒,33.861,,,45,12-09-07 下午02时00分00秒,27.505,,,NE1,44,,,,2.5,1,,AE2,9 ,24.0,48.0,31.0,0.0
46,12-09-07 下午01时20分00秒,34.624,,,46,12-09-07 下午02时20分00秒,28.766,,,NE1,45,12,16.5,22,28.5,0,,AE2,10 ,21.0,46.0,28.0,0.0
47,12-09-07 下午01时40分00秒,34.413,,,47,12-09-07 下午02时40分00秒,27.974,,,NE1,46,8,25,66,33,0,,AE2,11 ,20.0,45.0,27.0,0.0
48,12-09-07 下午02时00分00秒,34.519,,,48,12-09-07 下午03时00分00秒,28.345,,,NE1,47,8,14.5,44,22.5,0,,AE2,12 ,10.0,7.0,17.0,0.0
49,12-09-07 下午02时20分00秒,34.572,,,49,12-09-07 下午03时20分00秒,28.493,,,NE1,48,8,19,56,27,0,,AE2,13 ,27.0,50.0,34.0,0.0
50,12-09-07 下午02时40分00秒,34.44,,,50,12-09-07 下午03时40分00秒,27.949,,,NE1,49,8,30,67,38,0,,AE2,14 ,11.0,16.0,18.0,0.0
51,12-09-07 下午03时00分00秒,34.572,,,51,12-09-07 下午04时00分00秒,28.593,,,NE1,50,8,3,4,11,0,,AE2,15 ,5.0,6.0,12.0,0.0
52,12-09-07 下午03时20分00秒,33.626,,,52,12-09-07 下午04时20分00秒,27.186,,,NE1,51,8.5,6.5,2,15,0,,AE2,16 ,13.0,23.0,20.0,0.0
53,12-09-07 下午03时40分00秒,33.469,,,53,12-09-07 下午04时40分00秒,26.989,,,NE2,1,8.5,14.5,42,23,0,,AE2,17 ,22.0,62.0,29.0,0.0
54,12-09-07 下午04时00分00秒,33.365,,,54,12-09-07 下午05时00分00秒,27.014,,,NE2,2,10.5,0.5,0,11,0,,AE2,18 ,26.0,34.0,33.0,0.0
55,12-09-07 下午04时20分00秒,32.227,,,55,12-09-07 下午05时20分00秒,26.72,,,NE2,3,7.5,23.5,56,31,0,,AE2,19 ,31.0,46.0,38.0,0.0
56,12-09-07 下午04时40分00秒,31.816,,,56,12-09-07 下午05时40分00秒,27.186,,,NE2,4,,,,4,0,,AE2,20 ,2.0,1.0,9.0,1.0
57,12-09-07 下午05时00分00秒,31.791,,,57,12-09-07 下午06时00分00秒,26.867,,,NE2,5,8.5,5,11,13.5,0,,AE2,21 ,1.0,0,8.0,1.0
58,12-09-07 下午05时20分00秒,30.52,,,58,12-09-07 下午06时20分00秒,26.451,,,NE2,6,9,18,45,27,0,,AE2,22 ,13.0,30.0,20.0,0.0
59,12-09-07 下午05时40分00秒,30.394,,,59,12-09-07 下午06时40分00秒,26.207,,,NE2,7,,,,3.5,1,,AE2,23 ,1.0,0,8.0,1.0
60,12-09-07 下午06时00分00秒,30.217,,,60,12-09-07 下午07时00分00秒,26.402,,,NE2,8,,,,4.5,0,,AE2,24 ,23.0,49.0,30.0,0.0
61,12-09-07 下午06时20分00秒,28.444,,,61,12-09-07 下午07时20分00秒,25.355,,,NE2,9,8,22,56,30,0,,AE2,25 ,22.0,48.0,29.0,0.0
62,12-09-07 下午06时40分00秒,28.245,,,62,12-09-07 下午07时40分00秒,25.162,,,NE2,10,,,,2.5,1,,AE2,26 ,20.0,38.0,27.0,0.0
63,12-09-07 下午07时00分00秒,28.295,,,63,12-09-07 下午08时00分00秒,25.331,,,NE2,11,,,,11,0,,AE2,27 ,21.0,40.0,28.0,0.0
64,12-09-07 下午07时20分00秒,27.063,,,64,12-09-07 下午08时20分00秒,24.436,,,NE2,12,8.5,22.5,44,31,0,,AE2,28 ,18.0,42.0,25.0,0.0
65,12-09-07 下午07时40分00秒,26.769,,,65,12-09-07 下午08时40分00秒,24.05,,,NE2,13,,,,12,0,,AE2,29 ,11.0,22.0,18.0,0.0
66,12-09-07 下午08时00分00秒,26.769,,,66,12-09-07 下午09时00分00秒,24.436,,,NE2,14,,,,2,1,,AE2,30 ,20.0,59.0,27.0,0.0
67,12-09-07 下午08时20分00秒,25.647,,,67,12-09-07 下午09时20分00秒,23.016,,,NE2,15,,,,12.5,0,,AE2,31 ,18.0,23.0,25.0,0.0
68,12-09-07 下午08时40分00秒,25.55,,,68,12-09-07 下午09时40分00秒,22.896,,,NE2,16,,,,2.5,1,,AE2,32 ,19.0,37.0,26.0,0.0
69,12-09-07 下午09时00分00秒,25.38,,,69,12-09-07 下午10时00分00秒,22.705,,,NE2,17,8,11,30,19,0,,AE2,33 ,19.0,34.0,26.0,0.0
70,12-09-07 下午09时20分00秒,24.074,,,70,12-09-07 下午10时20分00秒,20.984,,,NE2,18,8.5,5.5,12,14,0,,AE3,1 ,16.0,23.0,23.0,0.0
71,12-09-07 下午09时40分00秒,23.857,,,71,12-09-07 下午10时40分00秒,20.865,,,NE2,19,8,4,8,12,0,,AE3,2 ,5.0,6.0,12.0,0.0
72,12-09-07 下午10时00分00秒,23.857,,,72,12-09-07 下午11时00分00秒,20.698,,,NE2,20,,,,0.5,1,,AE3,3 ,2.0,0,9.0,1.0
73,12-09-07 下午10时20分00秒,22.705,,,73,12-09-07 下午11时20分00秒,19.651,,,NE2,21,8.5,10,26,18.5,0,,AE3,4 ,6.0,5.0,13.0,0.0
74,12-09-07 下午10时40分00秒,22.753,,,74,12-09-07 下午11时40分00秒,19.032,,,NE2,22,,,,7,0,,AE3,5 ,2.0,0,9.0,1.0
75,12-09-07 下午11时00分00秒,22.776,,,75,12-09-08 上午12时00分00秒,18.937,,,NE2,23,,,,1.5,1,,AE3,6 ,28.0,50.0,35.0,0.0
76,12-09-07 下午11时20分00秒,21.724,,,76,12-09-08 上午12时20分00秒,17.463,,,NE2,24,11.5,15.5,7,27,0,,AE3,7 ,32.0,65.0,39.0,0.0
77,12-09-07 下午11时40分00秒,21.652,,,77,12-09-08 上午12时40分00秒,17.249,,,NE2,25,8.5,1,0,9.5,0,,AE3,8 ,7.0,7.0,14.0,0.0
78,12-09-08 上午12时00分00秒,21.676,,,78,12-09-08 上午01时00分00秒,17.249,,,NE2,26,,,,1.5,1,,AE3,9 ,7.0,22.0,14.0,0.0
79,12-09-08 上午12时20分00秒,20.77,,,79,12-09-08 上午01时20分00秒,15.223,,,NE2,27,,,,1.5,1,,AE3,10 ,21.0,36.0,28.0,0.0
80,12-09-08 上午12时40分00秒,20.579,,,80,12-09-08 上午01时40分00秒,15.055,,,NE2,28,9,7.5,18,16.5,0,,AE3,11 ,19.0,47.0,26.0,0.0
81,12-09-08 上午01时00分00秒,20.507,,,81,12-09-08 上午02时00分00秒,15.461,,,NE2,29,,,,3.5,1,,AE3,12 ,21.0,35.0,28.0,0.0
82,12-09-08 上午01时20分00秒,20.15,,,82,12-09-08 上午02时20分00秒,13.666,,,NE2,30,8,31,65,39,0,,AE3,13 ,1.0,0,8.0,1.0
83,12-09-08 上午01时40分00秒,20.222,,,83,12-09-08 上午02时40分00秒,14.026,,,NE2,31,8.5,21.5,19,30,0,,AE3,14 ,11.0,28.0,18.0,0.0
84,12-09-08 上午02时00分00秒,19.984,,,84,12-09-08 上午03时00分00秒,13.69,,,NE2,32,7,11,32,18,0,,AE3,15 ,20.0,28.0,27.0,0.0
85,12-09-08 上午02时20分00秒,20.079,,,85,12-09-08 上午03时20分00秒,12.823,,,NE2,33,12,3,2,15,0,,AE3,16 ,4.0,9.0,11.0,1.0
86,12-09-08 上午02时40分00秒,19.936,,,86,12-09-08 上午03时40分00秒,13.137,,,NE2,34,,,,1,1,,AE3,17 ,3.0,2.0,10.0,1.0
87,12-09-08 上午03时00分00秒,19.841,,,87,12-09-08 上午04时00分00秒,12.534,,,NE2,35,11.5,4.5,2,16,0,,AE3,18 ,35.0,65.0,42.0,0.0
88,12-09-08 上午03时20分00秒,19.27,,,88,12-09-08 上午04时20分00秒,13.425,,,NE2,36,,,,9.5,0,,AE3,19 ,30.0,57.0,37.0,0.0
89,12-09-08 上午03时40分00秒,19.127,,,89,12-09-08 上午04时40分00秒,13.161,,,NE2,37,,,,1.5,1,,AE3,20 ,7.0,12.0,14.0,0.0
90,12-09-08 上午04时00分00秒,19.056,,,90,12-09-08 上午05时00分00秒,12.871,,,NE2,38,,,,1,1,,AE3,21 ,1.0,0,8.0,1.0
91,12-09-08 上午04时20分00秒,19.27,,,91,12-09-08 上午05时20分00秒,14.721,,,NE2,39,9,6.5,15,15.5,0,,AE3,22 ,30.0,58.0,37.0,0.0
92,12-09-08 上午04时40分00秒,19.389,,,92,12-09-08 上午05时40分00秒,14.505,,,NE2,40,7.5,20.5,30,28,0,,AE3,23 ,6.0,13.0,13.0,0.0
93,12-09-08 上午05时00分00秒,19.389,,,93,12-09-08 上午06时00分00秒,14.505,,,NE2,41,8.5,17.5,32,26,0,,AE3,24 ,5.0,5.0,12.0,0.0
94,12-09-08 上午05时20分00秒,19.841,,,94,12-09-08 上午06时20分00秒,16.296,,,NE2,42,10.5,9,18,19.5,0,,AE3,25 ,17.0,27.0,24.0,0.0
95,12-09-08 上午05时40分00秒,20.222,,,95,12-09-08 上午06时40分00秒,16.129,,,NE2,43,,,,3,1,,AE3,26 ,5.0,8.0,12.0,0.0
96,12-09-08 上午06时00分00秒,20.913,,,96,12-09-08 上午07时00分00秒,15.891,,,NE2,44,9,15,15,24,0,,AE3,27 ,1.0,4.0,8.0,1.0
97,12-09-08 上午06时20分00秒,21.413,,,97,12-09-08 上午07时20分00秒,18.913,,,NE2,45,9,17,41,26,0,,AE3,28 ,21.0,53.0,28.0,0.0
98,12-09-08 上午06时40分00秒,21.748,,,98,12-09-08 上午07时40分00秒,18.366,,,NE2,46,9,12,18,21,0,,AE3,29 ,16.0,50.0,23.0,0.0
99,12-09-08 上午07时00分00秒,21.867,,,99,12-09-08 上午08时00分00秒,18.343,,,NE2,47,13,9,6,22,0,,AE3,30 ,2.0,4.0,9.0,1.0
100,12-09-08 上午07时20分00秒,22.465,,,100,12-09-08 上午08时20分00秒,20.793,,,NE2,48,9,13,36,22,0,,AE3,31 ,14.0,25.0,21.0,0.0
101,12-09-08 上午07时40分00秒,22.824,,,101,12-09-08 上午08时40分00秒,20.222,,,NE2,49,7.5,26.5,55,34,0,,AE3,32 ,14.0,32.0,21.0,0.0
102,12-09-08 上午08时00分00秒,22.657,,,102,12-09-08 上午09时00分00秒,20.079,,,NE2,50,,,,3.5,1,,AE3,33 ,12.0,14.0,19.0,0.0
103,12-09-08 上午08时20分00秒,24.171,,,103,12-09-08 上午09时20分00秒,22.633,,,NE3,1,,,,4.5,1,,AE4,1 ,21.0,42.0,28.0,0.0
104,12-09-08 上午08时40分00秒,24.219,,,104,12-09-08 上午09时40分00秒,22.561,,,NE3,2,,,,5,0,,AE4,2 ,35.0,55.0,42.0,0.0
105,12-09-08 上午09时00分00秒,24.219,,,105,12-09-08 上午10时00分00秒,22.274,,,NE3,3,,,,4.5,1,,AE4,3 ,1.0,0,8.0,1.0
106,12-09-08 上午09时20分00秒,26.256,,,106,12-09-08 上午10时20分00秒,23.93,,,NE3,4,13,1.5,0,14.5,0,,AE4,4 ,3.0,1.0,10.0,1.0
107,12-09-08 上午09时40分00秒,26.256,,,107,12-09-08 上午10时40分00秒,24.05,,,NE3,5,9.5,10.5,12,20,0,,AE4,5 ,7.0,16.0,14.0,0.0
108,12-09-08 上午10时00分00秒,26.353,,,108,12-09-08 上午11时00分00秒,24.291,,,NE3,6,7,25,57,32,0,,AE4,6 ,1.0,0,8.0,1.0
109,12-09-08 上午10时20分00秒,29.215,,,109,12-09-08 上午11时20分00秒,25.866,,,NE3,7,12,12,7,24,0,,AE4,7 ,22.0,41.0,29.0,0.0
110,12-09-08 上午10时40分00秒,29.265,,,110,12-09-08 上午11时40分00秒,25.793,,,NE3,8,,,,10,0,,AE4,8 ,16.0,11.0,23.0,0.0
111,12-09-08 上午11时00分00秒,29.515,,,111,12-09-08 下午12时00分00秒,25.89,,,NE3,9,10,9,7,19,0,,AE4,9 ,18.0,41.0,25.0,0.0
112,12-09-08 上午11时20分00秒,31.51,,,112,12-09-08 下午12时20分00秒,26.769,,,NE3,10,,,,3,1,,AE4,10 ,26.0,41.0,33.0,0.0
113,12-09-08 上午11时40分00秒,31.74,,,113,12-09-08 下午12时40分00秒,27.063,,,NE3,11,13.5,6.5,6,20,0,,AE4,11 ,2.0,2.0,9.0,1.0
114,12-09-08 下午12时00分00秒,31.714,,,114,12-09-08 下午01时00分00秒,26.695,,,NE3,12,8,15,31,23,0,,AE4,12 ,24.0,41.0,31.0,0.0
115,12-09-08 下午12时20分00秒,33.992,,,115,12-09-08 下午01时20分00秒,27.21,,,NE3,13,,,,3.5,1,,AE4,13 ,1.0,0,8.0,1.0
116,12-09-08 下午12时40分00秒,33.783,,,116,12-09-08 下午01时40分00秒,26.72,,,NE3,14,,,,2.5,1,,AE4,14 ,3.0,0,10.0,1.0
117,12-09-08 下午01时00分00秒,34.045,,,117,12-09-08 下午02时00分00秒,26.402,,,NE3,15,,,,4.5,1,,AE4,15 ,3.0,2.0,10.0,1.0
118,12-09-08 下午01时20分00秒,34.519,,,118,12-09-08 下午02时20分00秒,27.899,,,NE3,16,11.5,7.5,10,19,0,,AE4,16 ,29.0,50.0,36.0,0.0
119,12-09-08 下午01时40分00秒,34.413,,,119,12-09-08 下午02时40分00秒,27.825,,,NE3,17,,,,7.5,0,,AE4,17 ,3.0,0,10.0,1.0
120,12-09-08 下午02时00分00秒,34.466,,,120,12-09-08 下午03时00分00秒,28.493,,,NE3,18,,,,10,0,,AE4,18 ,4.0,4.0,11.0,1.0
121,12-09-08 下午02时20分00秒,34.651,,,121,12-09-08 下午03时20分00秒,27.875,,,NE3,19,12.5,1.5,0,14,0,,AE4,19 ,17.0,18.0,24.0,0.0
122,12-09-08 下午02时40分00秒,34.677,,,122,12-09-08 下午03时40分00秒,28.023,,,NE3,20,,,,2,1,,AE4,20 ,23.0,38.0,30.0,0.0
123,12-09-08 下午03时00分00秒,34.624,,,123,12-09-08 下午04时00分00秒,28.543,,,NE3,21,15,7,0,22,0,,AE4,21 ,22.0,13.0,29.0,0.0
124,12-09-08 下午03时20分00秒,33.574,,,124,12-09-08 下午04时20分00秒,26.891,,,NE3,22,,,,12.5,0,,AE4,22 ,2.0,0,9.0,1.0
125,12-09-08 下午03时40分00秒,33.313,,,125,12-09-08 下午04时40分00秒,27.186,,,NE3,23,,,,2.5,1,,AE4,23 ,2.0,0,9.0,1.0
126,12-09-08 下午04时00分00秒,33.313,,,126,12-09-08 下午05时00分00秒,27.136,,,NE3,24,,,,1.5,1,,AE4,24 ,2.0,0,9.0,1.0
127,12-09-08 下午04时20分00秒,31.97,,,127,12-09-08 下午05时20分00秒,26.5,,,NE3,25,,,,5,0,,AE4,25 ,4.0,2.0,11.0,1.0
128,12-09-08 下午04时40分00秒,32.021,,,128,12-09-08 下午05时40分00秒,27.505,,,NE3,26,8.5,5.5,8,14,0,,AE4,26 ,2.0,0,9.0,1.0
129,12-09-08 下午05时00分00秒,31.765,,,129,12-09-08 下午06时00分00秒,27.014,,,NE3,27,,,,0.5,1,,AE4,27 ,20.0,34.0,27.0,0.0
130,12-09-08 下午05时20分00秒,30.469,,,130,12-09-08 下午06时20分00秒,26.28,,,NE3,28,,,,2.5,1,,AE4,28 ,6.0,7.0,13.0,0.0
131,12-09-08 下午05时40分00秒,30.343,,,131,12-09-08 下午06时40分00秒,26.231,,,NE3,29,,,,2.5,1,,AE4,29 ,19.0,39.0,26.0,0.0
132,12-09-08 下午06时00分00秒,30.394,,,132,12-09-08 下午07时00分00秒,26.304,,,NE3,30,,,,18.5,0,,AE4,30 ,25.0,49.0,32.0,0.0
133,12-09-08 下午06时20分00秒,28.568,,,133,12-09-08 下午07时20分00秒,25.671,,,NE3,31,12,0.5,0,12.5,0,,AE4,31 ,32.0,37.0,39.0,0.0
134,12-09-08 下午06时40分00秒,28.394,,,134,12-09-08 下午07时40分00秒,25.355,,,NE3,32,,,,6.5,0,,AE4,32 ,17.0,21.0,24.0,0.0
135,12-09-08 下午07时00分00秒,28.493,,,135,12-09-08 下午08时00分00秒,25.21,,,NE3,33,,,,2,1,,AE4,33 ,29.0,38.0,36.0,0.0
136,12-09-08 下午07时20分00秒,26.989,,,136,12-09-08 下午08时20分00秒,24.388,,,NE3,34,11.5,12.5,16,24,0,,AE4,34 ,24.0,33.0,31.0,0.0
137,12-09-08 下午07时40分00秒,26.94,,,137,12-09-08 下午08时40分00秒,24.122,,,NE3,35,,,,3,1,,AE5,1 ,5.0,15.0,12.0,1.0
138,12-09-08 下午08时00分00秒,26.818,,,138,12-09-08 下午09时00分00秒,24.267,,,NE3,36,,,,5,0,,AE5,2 ,18.0,30.0,25.0,0.0
139,12-09-08 下午08时20分00秒,25.477,,,139,12-09-08 下午09时20分00秒,23.136,,,NE3,37,,,,1.5,1,,AE5,3 ,20.0,39.0,27.0,0.0
140,12-09-08 下午08时40分00秒,25.21,,,140,12-09-08 下午09时40分00秒,22.992,,,NE3,38,7.5,14,39,21.5,0,,AE5,4 ,3.0,2.0,10.0,1.0
141,12-09-08 下午09时00分00秒,25.065,,,141,12-09-08 下午10时00分00秒,22.92,,,NE3,39,7,31,52,38,0,,AE5,5 ,20.0,43.0,27.0,0.0
142,12-09-08 下午09时20分00秒,23.809,,,142,12-09-08 下午10时20分00秒,21.223,,,NE3,40,,,,8,0,,AE5,6 ,1.0,0.0,8.0,1.0
143,12-09-08 下午09时40分00秒,23.617,,,143,12-09-08 下午10时40分00秒,20.603,,,NE3,41,,,,0.5,1,,AE5,7 ,21.0,45.0,28.0,0.0
144,12-09-08 下午10时00分00秒,23.545,,,144,12-09-08 下午11时00分00秒,20.698,,,NE3,42,10,17.5,67,27.5,0,,AE5,8 ,2.0,2.0,9.0,1.0
145,12-09-08 下午10时20分00秒,22.561,,,145,12-09-08 下午11时20分00秒,19.318,,,NE3,43,8,31.5,73,39.5,0,,AE5,9 ,9.0,17.0,16.0,0.0
146,12-09-08 下午10时40分00秒,22.537,,,146,12-09-08 下午11时40分00秒,18.842,,,NE3,44,9,33.5,62,42.5,0,,AE5,10 ,9.0,15.0,16.0,0.0
147,12-09-08 下午11时00分00秒,22.681,,,147,12-09-09 上午12时00分00秒,19.032,,,NE3,45,9,24.5,57,33.5,0,,AE5,11 ,2.0,0.0,9.0,1.0
148,12-09-08 下午11时20分00秒,21.915,,,148,12-09-09 上午12时20分00秒,17.201,,,NE3,46,9.5,26,63,35.5,0,,AE5,12 ,12.0,22.0,19.0,0.0
149,12-09-08 下午11时40分00秒,21.987,,,149,12-09-09 上午12时40分00秒,17.415,,,NE3,47,8.5,14,62,22.5,0,,AE5,13 ,3.0,2.0,10.0,1.0
150,12-09-09 上午12时00分00秒,21.891,,,150,12-09-09 上午01时00分00秒,16.963,,,NE3,48,10,17,12,27,0,,AE5,14 ,14.0,23.0,21.0,0.0
151,12-09-09 上午12时20分00秒,20.698,,,151,12-09-09 上午01时20分00秒,15.366,,,NE3,49,15.5,15,36,30.5,0,,AE5,15 ,8.0,8.0,15.0,0.0
152,12-09-09 上午12时40分00秒,20.412,,,152,12-09-09 上午01时40分00秒,15.581,,,NE3,50,7.5,17.5,26,25,0,,AE5,16 ,5.0,14.0,12.0,1.0
153,12-09-09 上午01时00分00秒,20.46,,,153,12-09-09 上午02时00分00秒,15.055,,,NE4,1,,,,2.5,1,,AE5,17 ,4.0,2.0,11.0,1.0
154,12-09-09 上午01时20分00秒,20.031,,,154,12-09-09 上午02时20分00秒,13.618,,,NE4,2,,,,10,0,,AE5,18 ,16.0,34.0,23.0,0.0
155,12-09-09 上午01时40分00秒,20.007,,,155,12-09-09 上午02时40分00秒,14.242,,,NE4,3,11,15,19,26,0,,AE5,19 ,24.0,51.0,31.0,0.0
156,12-09-09 上午02时00分00秒,19.936,,,156,12-09-09 上午03时00分00秒,13.546,,,NE4,4,,,,3.5,1,,AE5,20 ,16.0,35.0,23.0,0.0
157,12-09-09 上午02时20分00秒,19.793,,,157,12-09-09 上午03时20分00秒,13.425,,,NE4,5,10.5,11.5,17,22,0,,AE5,21 ,24.0,56.0,31.0,0.0
158,12-09-09 上午02时40分00秒,19.627,,,158,12-09-09 上午03时40分00秒,12.751,,,NE4,6,10,14,18,24,0,,AE5,22 ,3.0,6.0,10.0,1.0
159,12-09-09 上午03时00分00秒,19.46,,,159,12-09-09 上午04时00分00秒,12.582,,,NE4,7,,,,3.5,1,,AE5,23 ,2.0,5.0,9.0,1.0
160,12-09-09 上午03时20分00秒,19.032,,,160,12-09-09 上午04时20分00秒,13.064,,,NE4,8,,,,11,0,,AE5,24 ,2.0,5.0,9.0,1.0
161,12-09-09 上午03时40分00秒,19.032,,,161,12-09-09 上午04时40分00秒,13.161,,,NE4,9,,,,0.5,1,,AE5,25 ,22.0,33.0,29.0,0.0
162,12-09-09 上午04时00分00秒,18.842,,,162,12-09-09 上午05时00分00秒,12.775,,,NE4,10,,,,4,1,,AE5,26 ,10.0,12.0,17.0,0.0
163,12-09-09 上午04时20分00秒,19.46,,,163,12-09-09 上午05时20分00秒,14.553,,,NE4,11,,,,12,0,,AE5,27 ,19.0,47.0,26.0,0.0
164,12-09-09 上午04时40分00秒,19.436,,,164,12-09-09 上午05时40分00秒,14.361,,,NE4,12,8.5,17.5,39,26,0,,AE5,28 ,3.0,4.0,10.0,1.0
165,12-09-09 上午05时00分00秒,19.603,,,165,12-09-09 上午06时00分00秒,14.433,,,NE4,13,,,,5,1,,AE5,29 ,3.0,1.0,10.0,1.0
166,12-09-09 上午05时20分00秒,20.412,,,166,12-09-09 上午06时20分00秒,16.225,,,NE4,14,,,,1,1,,AE5,30 ,10.0,15.0,17.0,0.0
167,12-09-09 上午05时40分00秒,20.674,,,167,12-09-09 上午06时40分00秒,16.153,,,NE4,15,,,,10,0,,AE5,31 ,14.0,12.0,21.0,0.0
168,12-09-09 上午06时00分00秒,20.269,,,168,12-09-09 上午07时00分00秒,16.082,,,NE4,16,,,,1.5,1,,AE6,1 ,25.0,36.0,32.0,0.0
169,12-09-09 上午06时20分00秒,21.7,,,169,12-09-09 上午07时20分00秒,18.699,,,NE4,17,8,14,57,22,0,,AE6,2 ,2.0,4.0,9.0,1.0
170,12-09-09 上午06时40分00秒,22.226,,,170,12-09-09 上午07时40分00秒,18.295,,,NE4,18,8.5,24.5,48,33,0,,AE6,3 ,15.0,17.0,22.0,0.0
171,12-09-09 上午07时00分00秒,21.891,,,171,12-09-09 上午08时00分00秒,18.961,,,NE4,19,,,,6.5,0,,AE6,4 ,3.0,3.0,10.0,1.0
172,12-09-09 上午07时20分00秒,22.202,,,172,12-09-09 上午08时20分00秒,20.317,,,NE4,20,9,29,60,38,0,,AE6,5 ,2.0,1.0,9.0,1.0
173,12-09-09 上午07时40分00秒,22.609,,,173,12-09-09 上午08时40分00秒,20.031,,,NE4,21,10.5,26.5,50,37,0,,AE6,6 ,3.0,1.0,10.0,1.0
174,12-09-09 上午08时00分00秒,23.04,,,174,12-09-09 上午09时00分00秒,19.984,,,NE4,22,12.5,10.5,8,23,0,,AE6,7 ,2.0,1.0,9.0,1.0
175,12-09-09 上午08时20分00秒,23.857,,,175,12-09-09 上午09时20分00秒,22.561,,,NE4,23,,,,1.5,1,,AE6,8 ,22.0,15.0,29.0,0.0
176,12-09-09 上午08时40分00秒,24.436,,,176,12-09-09 上午09时40分00秒,22.633,,,NE4,24,9.5,6.5,4,16,0,,AE6,9 ,2.0,0.0,9.0,1.0
177,12-09-09 上午09时00分00秒,24.122,,,177,12-09-09 上午10时00分00秒,22.321,,,NE4,25,,,,9.5,0,,AE6,10 ,21.0,33.0,28.0,0.0
178,12-09-09 上午09时20分00秒,26.304,,,178,12-09-09 上午10时20分00秒,24.219,,,NE4,26,9,22,36,31,0,,AE6,11 ,1.0,0,8.0,1.0
179,12-09-09 上午09时40分00秒,26.426,,,179,12-09-09 上午10时40分00秒,24.122,,,NE4,27,8,3,5,11,0,,AE6,12 ,2.0,4.0,9.0,1.0
180,12-09-09 上午10时00分00秒,26.28,,,180,12-09-09 上午11时00分00秒,24.195,,,NE4,28,,,,1,1,,AE6,13 ,3.0,2.0,10.0,1.0
181,12-09-09 上午10时20分00秒,29.14,,,181,12-09-09 上午11时20分00秒,25.623,,,NE4,29,,,,1.5,1,,AE6,14 ,26.0,19.0,33.0,0.0
182,12-09-09 上午10时40分00秒,29.165,,,182,12-09-09 上午11时40分00秒,25.744,,,NE4,30,8,14,41,22,0,,AE6,15 ,7.0,8.0,14.0,1.0
183,12-09-09 上午11时00分00秒,29.19,,,183,12-09-09 下午12时00分00秒,25.914,,,NE4,31,,,,2.5,1,,AE6,16 ,2.0,1.0,9.0,1.0
184,12-09-09 上午11时20分00秒,31.51,,,184,12-09-09 下午12时20分00秒,27.014,,,NE4,32,,,,3.5,1,,AE6,17 ,1.0,0.0,8.0,1.0
185,12-09-09 上午11时40分00秒,31.586,,,185,12-09-09 下午12时40分00秒,26.72,,,NE4,33,,,,3.5,1,,AE6,18 ,2.0,0.0,9.0,1.0
186,12-09-09 下午12时00分00秒,31.791,,,186,12-09-09 下午01时00分00秒,26.671,,,NE4,34,8,7.5,17,15.5,0,,AE6,19 ,14.0,10.0,21.0,0.0
187,12-09-09 下午12时20分00秒,33.6,,,187,12-09-09 下午01时20分00秒,27.284,,,NE4,35,,,,0.5,1,,AE6,20 ,14.0,23.0,21.0,0.0
188,12-09-09 下午12时40分00秒,33.966,,,188,12-09-09 下午01时40分00秒,26.94,,,NE4,36,,,,1,1,,AE6,21 ,1.0,0,8.0,1.0
189,12-09-09 下午01时00分00秒,33.94,,,189,12-09-09 下午02时00分00秒,27.407,,,NE4,37,,,,4.5,1,,AE6,22 ,2.0,2.0,9.0,1.0
190,12-09-09 下午01时20分00秒,34.255,,,190,12-09-09 下午02时20分00秒,28.32,,,NE4,38,,,,5,1,,AE6,23 ,5.0,14.0,12.0,1.0
191,12-09-09 下午01时40分00秒,34.281,,,191,12-09-09 下午02时40分00秒,27.801,,,NE4,39,,,,5,1,,AE6,24 ,18.0,15.0,25.0,0.0
192,12-09-09 下午02时00分00秒,34.308,,,192,12-09-09 下午03时00分00秒,27.825,,,NE4,40,9,24,50,33,0,,AE6,25 ,7.0,9.0,14.0,1.0
193,12-09-09 下午02时20分00秒,34.36,,,193,12-09-09 下午03时20分00秒,27.677,,,NE4,41,,,,8,0,,AE6,26 ,10.0,9.0,17.0,0.0
194,12-09-09 下午02时40分00秒,34.36,,,194,12-09-09 下午03时40分00秒,27.727,,,NE4,42,,,,6.5,0,,AE6,27 ,3.0,5.0,10.0,1.0
195,12-09-09 下午03时00分00秒,34.413,,,195,12-09-09 下午04时00分00秒,27.801,,,NE4,43,,,,3.5,1,,AE6,28 ,2.0,2.0,9.0,1.0
196,12-09-09 下午03时20分00秒,33.339,,,196,12-09-09 下午04时20分00秒,26.769,,,NE4,44,,,,1.5,1,,AE6,29 ,1.0,0,8.0,1.0
197,12-09-09 下午03时40分00秒,33.261,,,197,12-09-09 下午04时40分00秒,26.475,,,NE4,45,8,20,61,28,0,,AE6,30 ,4.0,0,11.0,1.0
198,12-09-09 下午04时00分00秒,33.365,,,198,12-09-09 下午05时00分00秒,26.916,,,NE4,46,9,7.5,10,16.5,0,,AE6,31 ,1.0,0,8.0,1.0
199,12-09-09 下午04时20分00秒,31.919,,,199,12-09-09 下午05时20分00秒,26.965,,,NE4,47,9.5,8.5,18,18,0,,AE6,32 ,20.0,16.0,27.0,0.0
200,12-09-09 下午04时40分00秒,31.842,,,200,12-09-09 下午05时40分00秒,26.744,,,NE4,48,10,23,40,33,0,,AE6,33 ,2.0,1.0,9.0,1.0
201,12-09-09 下午05时00分00秒,31.868,,,201,12-09-09 下午06时00分00秒,27.063,,,NE4,49,8.5,26.5,46,35,0,,AE6,34 ,3.0,2.0,10.0,1.0
202,12-09-09 下午05时20分00秒,30.495,,,202,12-09-09 下午06时20分00秒,26.695,,,NE4,50,10.5,22.5,38,33,0,,AE6,35 ,19.0,35.0,26.0,0.0
203,12-09-09 下午05时40分00秒,30.444,,,203,12-09-09 下午06时40分00秒,26.231,,,NE5,1,,,,0.5,1,,AE6,36 ,11.0,23.0,18.0,0.0
204,12-09-09 下午06时00分00秒,30.243,,,204,12-09-09 下午07时00分00秒,26.036,,,NE5,2,,,,0.5,1,,AE6,37 ,13.0,21.0,20.0,0.0
205,12-09-09 下午06时20分00秒,28.394,,,205,12-09-09 下午07时20分00秒,25.21,,,NE5,3,,,,3.5,1,,AE6,38 ,8.0,14.0,15.0,0.0
206,12-09-09 下午06时40分00秒,28.419,,,206,12-09-09 下午07时40分00秒,25.355,,,NE5,4,,,,1.5,1,,AE6,39 ,6.0,8.0,13.0,1.0
207,12-09-09 下午07时00分00秒,28.394,,,207,12-09-09 下午08时00分00秒,25.647,,,NE5,5,8.5,21,51,29.5,0,,AL6,1 ,2.0,1.0,9.0,1.0
208,12-09-09 下午07时20分00秒,26.891,,,208,12-09-09 下午08时20分00秒,24.363,,,NE5,6,,,,3.5,1,,AL6,2 ,15.0,29.0,22.0,0.0
209,12-09-09 下午07时40分00秒,26.989,,,209,12-09-09 下午08时40分00秒,24.146,,,NE5,7,,,,0.5,1,,AL6,3 ,18.0,46.0,25.0,0.0
210,12-09-09 下午08时00分00秒,26.891,,,210,12-09-09 下午09时00分00秒,23.954,,,NE5,8,,,,12.5,0,,AL6,4 ,16.0,22.0,23.0,0.0
211,12-09-09 下午08时20分00秒,25.574,,,211,12-09-09 下午09时20分00秒,22.944,,,NE5,9,,,,3.5,1,,AL6,5 ,3.0,5.0,10.0,1.0
212,12-09-09 下午08时40分00秒,25.186,,,212,12-09-09 下午09时40分00秒,22.657,,,NE5,10,,,,5,1,,AL6,6 ,20.0,38.0,27.0,0.0
213,12-09-09 下午09时00分00秒,25.04,,,215,12-09-09 下午10时00分00秒,22.681,,,NE5,11,7.5,20.5,42,28,0,,AL6,7 ,3.0,3.0,10.0,1.0
214,12-09-09 下午09时20分00秒,23.713,,,216,12-09-09 下午10时20分00秒,21.127,,,NE5,12,,,,2.5,1,,AL6,8 ,3.0,4.0,10.0,1.0
215,12-09-09 下午09时40分00秒,23.424,,,217,12-09-09 下午10时40分00秒,21.056,,,NE5,13,,,,0.5,1,,AL6,9 ,15.0,34.0,22.0,0.0
219,12-09-09 下午10时00分00秒,24.219,,,218,12-09-09 下午11时00分00秒,20.126,,,NE5,14,9,17,35,26,0,,AL6,10 ,2.0,2.0,9.0,1.0
220,12-09-09 下午10时20分00秒,23.208,,,219,12-09-09 下午11时20分00秒,19.199,,,NE5,15,,,,3.5,1,,AL6,11 ,4.0,1.0,11.0,1.0
221,12-09-09 下午10时40分00秒,23.088,,,220,12-09-09 下午11时40分00秒,19.056,,,NE5,16,8,19,36,27,0,,AL6,12 ,6.0,16.0,13.0,1.0
222,12-09-09 下午11时00分00秒,22.872,,,221,12-09-10 上午12时00分00秒,19.603,,,NE5,17,8.5,25.5,53,34,0,,AL6,13 ,6.0,7.0,13.0,1.0
223,12-09-09 下午11时20分00秒,21.891,,,222,12-09-10 上午12时20分00秒,17.058,,,NE5,18,9.5,31.5,45,41,0,,AL6,14 ,6.0,14.0,13.0,1.0
224,12-09-09 下午11时40分00秒,21.963,,,223,12-09-10 上午12时40分00秒,16.392,,,NE5,19,,,,0.5,1,,AL6,15 ,4.0,7.0,11.0,1.0
225,12-09-10 上午12时00分00秒,22.298,,,224,12-09-10 上午01时00分00秒,17.082,,,NE5,20,7,10,27,17,0,,AL6,16 ,6.0,5.0,13.0,1.0
226,12-09-10 上午12时20分00秒,21.199,,,225,12-09-10 上午01时20分00秒,14.745,,,NE5,21,,,,0.5,1,,AL6,17 ,7.0,4.0,14.0,1.0
227,12-09-10 上午12时40分00秒,20.96,,,226,12-09-10 上午01时40分00秒,15.27,,,NE5,22,,,,3.5,1,,AL6,18 ,22.0,28.0,29.0,0.0
228,12-09-10 上午01时00分00秒,20.889,,,227,12-09-10 上午02时00分00秒,14.649,,,NE5,23,9.5,15.5,30,25,0,,AL6,19 ,3.0,3.0,10.0,1.0
229,12-09-10 上午01时20分00秒,20.46,,,228,12-09-10 上午02时20分00秒,13.954,,,NE5,24,,,,0.5,1,,AL6,20 ,3.0,6.0,10.0,1.0
230,12-09-10 上午01时40分00秒,20.484,,,229,12-09-10 上午02时40分00秒,13.281,,,NE5,25,8.5,18.5,34,27,0,,AL6,21 ,3.0,2.0,10.0,1.0
231,12-09-10 上午02时00分00秒,20.484,,,230,12-09-10 上午03时00分00秒,13.329,,,NE5,26,,,,0.5,1,,AL6,22 ,4.0,4.0,11.0,1.0
232,12-09-10 上午02时20分00秒,19.936,,,231,12-09-10 上午03时20分00秒,12.461,,,NE5,27,,,,10.5,0,,AL6,23 ,9.0,18.0,16.0,0.0
233,12-09-10 上午02时40分00秒,19.841,,,232,12-09-10 上午03时40分00秒,12.92,,,NE5,28,,,,10,0,,AL6,24 ,16.0,36.0,23.0,0.0
234,12-09-10 上午03时00分00秒,19.793,,,233,12-09-10 上午04时00分00秒,12.316,,,NE5,29,9.5,22.5,52,32,0,,AL6,25 ,23.0,38.0,30.0,0.0
235,12-09-10 上午03时20分00秒,19.436,,,234,12-09-10 上午04时20分00秒,12.896,,,NE5,30,,,,0.5,1,,AL6,26 ,27.0,44.0,34.0,0.0
236,12-09-10 上午03时40分00秒,19.508,,,235,12-09-10 上午04时40分00秒,12.727,,,NE5,31,,,,6,1,,AL6,27 ,13.0,20.0,20.0,0.0
237,12-09-10 上午04时00分00秒,19.413,,,236,12-09-10 上午05时00分00秒,12.461,,,NE5,32,,,,1.5,1,,AL6,28 ,16.0,35.0,23.0,0.0
238,12-09-10 上午04时20分00秒,20.269,,,237,12-09-10 上午05时20分00秒,14.433,,,NE5,33,10,21,24,31,0,,AL6,29 ,13.0,14.0,20.0,0.0
239,12-09-10 上午04时40分00秒,20.174,,,238,12-09-10 上午05时40分00秒,14.553,,,NE5,34,,,,3.5,1,,AL6,30 ,22.0,29.0,29.0,0.0
240,12-09-10 上午05时00分00秒,20.103,,,239,12-09-10 上午06时00分00秒,14.314,,,NE5,35,10,18,33,28,0,,AL6,31 ,6.0,8.0,13.0,1.0
241,12-09-10 上午05时20分00秒,20.079,,,240,12-09-10 上午06时20分00秒,16.272,,,NE5,36,,,,3.5,1,,AL6,32 ,22.0,15.0,29.0,0.0
242,12-09-10 上午05时40分00秒,20.793,,,241,12-09-10 上午06时40分00秒,15.891,,,NE5,37,7.5,16.5,29,24,0,,AL6,33 ,2.0,1.0,9.0,1.0
243,12-09-10 上午06时00分00秒,21.175,,,242,12-09-10 上午07时00分00秒,16.63,,,NE5,38,7,13,42,20,0,,AL6,34 ,11.0,19.0,18.0,0.0
244,12-09-10 上午06时20分00秒,21.604,,,243,12-09-10 上午07时20分00秒,18.105,,,NE5,39,7.5,19.5,53,27,0,,AL5,1 ,5.0,8.0,12.0,1.0
245,12-09-10 上午06时40分00秒,21.843,,,244,12-09-10 上午07时40分00秒,17.439,,,NE5,40,,,,12,0,,AL5,2 ,5.0,8.0,12.0,1.0
246,12-09-10 上午07时00分00秒,22.417,,,245,12-09-10 上午08时00分00秒,18.509,,,NE5,41,,,,14.5,0,,AL5,3 ,10.0,19.0,17.0,0.0
247,12-09-10 上午07时20分00秒,23.328,,,246,12-09-10 上午08时20分00秒,20.007,,,NE5,42,,,,9.5,0,,AL5,4 ,6.0,13.0,13.0,1.0
248,12-09-10 上午07时40分00秒,23.497,,,247,12-09-10 上午08时40分00秒,19.936,,,NE5,43,10,11,27,21,0,,AL5,5 ,26.0,33.0,33.0,0.0
249,12-09-10 上午08时00分00秒,23.232,,,248,12-09-10 上午09时00分00秒,19.865,,,NE5,44,8.5,16.5,38,25,0,,AL5,6 ,4.0,5.0,11.0,1.0
250,12-09-10 上午08时20分00秒,24.484,,,249,12-09-10 上午09时20分00秒,22.705,,,NE5,45,8.5,27.5,63,36,0,,AL5,7 ,5.0,8.0,12.0,1.0
251,12-09-10 上午08时40分00秒,24.798,,,250,12-09-10 上午09时40分00秒,22.417,,,NE5,46,,,,3.5,1,,AL5,8 ,16.0,31.0,23.0,0.0
252,12-09-10 上午09时00分00秒,24.774,,,251,12-09-10 上午10时00分00秒,22.13,,,NE5,47,,,,2.5,1,,AL5,9 ,5.0,8.0,12.0,1.0
253,12-09-10 上午09时20分00秒,26.989,,,252,12-09-10 上午10时20分00秒,24.363,,,NE5,48,,,,0.5,1,,AL5,10 ,5.0,5.0,12.0,1.0
254,12-09-10 上午09时40分00秒,26.989,,,253,12-09-10 上午10时40分00秒,24.339,,,NE5,49,,,,5,1,,AL5,11 ,8.0,10.0,15.0,1.0
255,12-09-10 上午10时00分00秒,26.916,,,254,12-09-10 上午11时00分00秒,24.339,,,NE5,50,11.5,14.5,40,26,0,,AL5,12 ,21.0,24.0,28.0,0.0
256,12-09-10 上午10时20分00秒,29.64,,,255,12-09-10 上午11时20分00秒,25.331,,,NE6,1,,,,3.5,1,,AL5,13 ,5.0,16.0,12.0,1.0
257,12-09-10 上午10时40分00秒,29.69,,,256,12-09-10 上午11时40分00秒,25.55,,,NE6,2,,,,15,0,,AL5,14 ,6.0,9.0,13.0,1.0
258,12-09-10 上午11时00分00秒,29.79,,,257,12-09-10 下午12时00分00秒,25.841,,,NE6,3,,,,4.5,1,,AL5,15 ,5.0,14.0,12.0,1.0
259,12-09-10 上午11时20分00秒,32.278,,,258,12-09-10 下午12时20分00秒,26.72,,,NE6,4,,,,2.5,1,,AL5,16 ,17.0,36.0,24.0,0.0
260,12-09-10 上午11时40分00秒,32.175,,,259,12-09-10 下午12时40分00秒,26.891,,,NE6,5,10,14.5,32,24.5,0,,AL5,17 ,24.0,20.0,31.0,0.0
261,12-09-10 下午12时00分00秒,32.33,,,260,12-09-10 下午01时00分00秒,27.136,,,NE6,6,,,,2.5,1,,AL5,18 ,4.0,9.0,11.0,1.0
262,12-09-10 下午12时20分00秒,34.308,,,261,12-09-10 下午01时20分00秒,26.378,,,NE6,7,10,8.5,0,18.5,0,,AL5,19 ,4.0,8.0,11.0,1.0
263,12-09-10 下午12时40分00秒,34.387,,,262,12-09-10 下午01时40分00秒,26.451,,,NE6,8,,,,10,0,,AL5,20 ,6.0,6.0,13.0,1.0
264,12-09-10 下午01时00分00秒,34.466,,,263,12-09-10 下午02时00分00秒,27.186,,,NE6,9,,,,0.5,1,,AL5,21 ,5.0,5.0,12.0,1.0
265,12-09-10 下午01时20分00秒,34.942,,,264,12-09-10 下午02时20分00秒,28.122,,,NE6,10,,,,4.5,1,,AL5,22 ,4.0,10.0,11.0,1.0
266,12-09-10 下午01时40分00秒,35.155,,,265,12-09-10 下午02时40分00秒,28.048,,,NE6,11,,,,7.5,1,,AL5,23 ,6.0,12.0,13.0,1.0
267,12-09-10 下午02时00分00秒,35.075,,,266,12-09-10 下午03时00分00秒,27.924,,,NE6,12,,,,3.5,1,,AL5,24 ,19.0,43.0,26.0,0.0
268,12-09-10 下午02时20分00秒,35.182,,,267,12-09-10 下午03时20分00秒,28.097,,,NE6,13,9.5,11.5,20,21,0,,AL5,25 ,15.0,23.0,22.0,0.0
269,12-09-10 下午02时40分00秒,35.022,,,268,12-09-10 下午03时40分00秒,28.097,,,NE6,14,,,,12,0,,AL5,26 ,20.0,23.0,27.0,0.0
270,12-09-10 下午03时00分00秒,35.128,,,269,12-09-10 下午04时00分00秒,27.949,,,NE6,15,,,,3.5,1,,AL5,27 ,10.0,12.0,17.0,0.0
271,12-09-10 下午03时20分00秒,34.229,,,270,12-09-10 下午04时20分00秒,26.72,,,NE6,16,,,,5,1,,AL5,28 ,26.0,41.0,33.0,0.0
272,12-09-10 下午03时40分00秒,33.914,,,271,12-09-10 下午04时40分00秒,26.965,,,NE6,17,9,24,46,33,0,,AL5,29 ,20.0,27.0,27.0,0.0
273,12-09-10 下午04时00分00秒,33.861,,,272,12-09-10 下午05时00分00秒,26.744,,,NE6,18,9,21,59,30,0,,AL5,30 ,5.0,6.0,12.0,1.0
274,12-09-10 下午04时20分00秒,32.691,,,273,12-09-10 下午05时20分00秒,26.744,,,NE6,19,15,15,7,30,0,,AL5,31 ,14.0,30.0,21.0,0.0
275,12-09-10 下午04时40分00秒,32.175,,,274,12-09-10 下午05时40分00秒,26.965,,,NE6,20,,,,4.5,1,,AL5,32 ,12.0,14.0,19.0,0.0
276,12-09-10 下午05时00分00秒,32.124,,,275,12-09-10 下午06时00分00秒,26.671,,,NE6,21,,,,1.5,1,,AL4,1 ,15.0,17.0,22.0,0.0
277,12-09-10 下午05时20分00秒,30.9,,,276,12-09-10 下午06时20分00秒,26.207,,,NE6,22,,,,3,1,,AL4,2 ,8.0,17.0,15.0,1.0
278,12-09-10 下午05时40分00秒,30.824,,,277,12-09-10 下午06时40分00秒,26.5,,,NE6,23,,,,1.5,1,,AL4,3 ,4.0,4.0,11.0,1.0
279,12-09-10 下午06时00分00秒,30.849,,,278,12-09-10 下午07时00分00秒,25.987,,,NE6,24,8.5,17.5,35,26,0,,AL4,4 ,6.0,6.0,13.0,1.0
280,12-09-10 下午06时20分00秒,29.04,,,279,12-09-10 下午07时20分00秒,25.186,,,NE6,25,,,,0.5,1,,AL4,5 ,27.0,70.0,34.0,0.0
281,12-09-10 下午06时40分00秒,28.841,,,280,12-09-10 下午07时40分00秒,24.992,,,NE6,26,11.5,4.5,3,16,0,,AL4,6 ,5.0,10.0,12.0,1.0
282,12-09-10 下午07时00分00秒,28.965,,,281,12-09-10 下午08时00分00秒,25.453,,,NE6,27,,,,13,0,,AL4,7 ,4.0,9.0,11.0,1.0
283,12-09-10 下午07时20分00秒,27.554,,,282,12-09-10 下午08时20分00秒,24.291,,,NE6,28,,,,3,1,,AL4,8 ,2.0,2.0,9.0,1.0
284,12-09-10 下午07时40分00秒,27.333,,,283,12-09-10 下午08时40分00秒,24.195,,,NE6,29,,,,3.5,1,,AL4,9 ,22.0,47.0,29.0,0.0
285,12-09-10 下午08时00分00秒,27.259,,,284,12-09-10 下午09时00分00秒,23.857,,,NE6,30,8,23,45,31,0,,AL4,10 ,5.0,7.0,12.0,1.0
286,12-09-10 下午08时20分00秒,25.817,,,285,12-09-10 下午09时20分00秒,22.92,,,NE6,31,,,,3.5,1,,AL4,11 ,3.0,4.0,10.0,1.0
287,12-09-10 下午08时40分00秒,25.647,,,286,12-09-10 下午09时40分00秒,22.729,,,NE6,32,,,,0.5,1,,AL4,12 ,3.0,1.0,10.0,1.0
288,12-09-10 下午09时00分00秒,25.598,,,287,12-09-10 下午10时00分00秒,22.513,,,NE6,33,,,,2.5,1,,AL4,13 ,23.0,41.0,30.0,0.0
289,12-09-10 下午09时20分00秒,24.146,,,288,12-09-10 下午10时20分00秒,20.65,,,NE6,34,,,,5.5,1,,AL4,14 ,16.0,29.0,23.0,0.0
290,12-09-10 下午09时40分00秒,24.315,,,289,12-09-10 下午10时40分00秒,20.46,,,NE6,35,,,,8.5,0,,AL4,15 ,18.0,43.0,25.0,0.0
291,12-09-10 下午10时00分00秒,24.339,,,290,12-09-10 下午11时00分00秒,20.317,,,NE6,36,,,,2.5,1,,AL4,16 ,5.0,7.0,12.0,1.0
292,12-09-10 下午10时20分00秒,23.208,,,291,12-09-10 下午11时20分00秒,19.365,,,NE6,37,13.5,24.5,32,38,0,,AL4,17 ,6.0,12.0,13.0,1.0
293,12-09-10 下午10时40分00秒,23.136,,,292,12-09-10 下午11时40分00秒,19.46,,,NE6,38,8.5,14.5,5,23,0,,AL4,18 ,18.0,38.0,25.0,0.0
294,12-09-10 下午11时00分00秒,23.112,,,293,12-09-11 上午12时00分00秒,19.175,,,NE6,39,,,,1.5,1,,AL4,19 ,5.0,8.0,12.0,1.0
295,12-09-10 下午11时20分00秒,22.25,,,294,12-09-11 上午12时20分00秒,16.749,,,NE6,40,9,22.5,62,31.5,0,,AL4,20 ,13.0,23.0,20.0,0.0
296,12-09-10 下午11时40分00秒,21.987,,,295,12-09-11 上午12时40分00秒,17.13,,,NE6,41,,,,5.5,1,,AL4,21 ,27.0,45.0,34.0,0.0
297,12-09-11 上午12时00分00秒,21.963,,,296,12-09-11 上午01时00分00秒,16.892,,,NE6,42,10,21.5,39,31.5,0,,AL4,22 ,4.0,7.0,11.0,1.0
298,12-09-11 上午12时20分00秒,21.056,,,297,12-09-11 上午01时20分00秒,14.745,,,NE6,43,8,15,43,23,0,,AL4,23 ,6.0,16.0,13.0,1.0
299,12-09-11 上午12时40分00秒,20.889,,,298,12-09-11 上午01时40分00秒,15.127,,,NE6,44,8.5,11.5,30,20,0,,AL4,24 ,21.0,17.0,28.0,0.0
300,12-09-11 上午01时00分00秒,20.865,,,299,12-09-11 上午02时00分00秒,14.529,,,NE6,45,,,,4,1,,AL4,25 ,20.0,32.0,27.0,0.0
301,12-09-11 上午01时20分00秒,20.579,,,300,12-09-11 上午02时20分00秒,12.944,,,NE6,46,,,,3,1,,AL4,26 ,14.0,24.0,21.0,0.0
302,12-09-11 上午01时40分00秒,20.388,,,301,12-09-11 上午02时40分00秒,14.026,,,NE6,47,8,18,53,26,0,,AL4,27 ,26.0,53.0,33.0,0.0
303,12-09-11 上午02时00分00秒,20.341,,,302,12-09-11 上午03时00分00秒,12.896,,,NE6,48,10,19,53,29,0,,AL4,28 ,8.0,8.0,15.0,1.0
304,12-09-11 上午02时20分00秒,19.793,,,303,12-09-11 上午03时20分00秒,11.807,,,NE6,49,10,21,37,31,0,,AL4,29 ,12.0,19.0,19.0,0.0
305,12-09-11 上午02时40分00秒,19.698,,,304,12-09-11 上午03时40分00秒,11.807,,,NE6,50,11.5,17,17,28.5,0,,AL4,30 ,20.0,34.0,27.0,0.0
306,12-09-11 上午03时00分00秒,19.698,,,305,12-09-11 上午04时00分00秒,12.751,,,NE6,51,,,,18.5,0,,AL4,31 ,26.0,52.0,33.0,0.0
307,12-09-11 上午03时20分00秒,19.698,,,306,12-09-11 上午04时20分00秒,12.437,,,NE6,52,,,,8.5,0,,AL3,1 ,19.0,50.0,26.0,0.0
308,12-09-11 上午03时40分00秒,19.793,,,307,12-09-11 上午04时40分00秒,13.618,,,NL6,1,8.5,18.5,50,27,0,,AL3,2 ,17.0,41.0,24.0,0.0
309,12-09-11 上午04时00分00秒,19.912,,,308,12-09-11 上午05时00分00秒,12.823,,,NL6,2,11,22,27,33,0,,AL3,3 ,4.0,3.0,11.0,1.0
310,12-09-11 上午04时20分00秒,20.222,,,309,12-09-11 上午05时20分00秒,14.888,,,NL6,3,12.5,15.5,26,28,0,,AL3,4 ,7.0,9.0,14.0,1.0
311,12-09-11 上午04时40分00秒,20.198,,,310,12-09-11 上午05时40分00秒,14.337,,,NL6,4,8.5,17.5,36,26,0,,AL3,5 ,9.0,11.0,16.0,0.0
312,12-09-11 上午05时00分00秒,20.126,,,311,12-09-11 上午06时00分00秒,15.557,,,NL6,5,9,11,22,20,0,,AL3,6 ,13.0,26.0,20.0,0.0
313,12-09-11 上午05时20分00秒,20.079,,,312,12-09-11 上午06时20分00秒,15.843,,,NL6,6,,,,4,1,,AL3,7 ,10.0,29.0,17.0,0.0
314,12-09-11 上午05时40分00秒,20.698,,,313,12-09-11 上午06时40分00秒,16.534,,,NL6,7,,,,7.5,1,,AL3,8 ,17.0,40.0,24.0,0.0
315,12-09-11 上午06时00分00秒,21.27,,,314,12-09-11 上午07时00分00秒,16.01,,,NL6,8,,,,5.5,1,,AL3,9 ,11.0,21.0,18.0,0.0
316,12-09-11 上午06时20分00秒,22.321,,,315,12-09-11 上午07时20分00秒,18.414,,,NL6,9,,,,4.5,1,,AL3,10 ,14.0,28.0,21.0,0.0
317,12-09-11 上午06时40分00秒,22.058,,,316,12-09-11 上午07时40分00秒,17.653,,,NL6,10,,,,3.5,1,,AL3,11 ,5.0,6.0,12.0,1.0
318,12-09-11 上午07时00分00秒,21.915,,,317,12-09-11 上午08时00分00秒,18.794,,,NL6,11,12.5,2,0,14.5,0,,AL3,12 ,26.0,36.0,33.0,0.0
319,12-09-11 上午07时20分00秒,23.136,,,320,12-09-11 上午08时20分00秒,20.65,,,NL6,12,,,,1.5,1,,AL3,13 ,22.0,33.0,29.0,0.0
320,12-09-11 上午07时40分00秒,23.28,,,321,12-09-11 上午08时40分00秒,20.079,,,NL6,13,8.5,16.5,16,25,0,,AL3,14 ,16.0,30.0,23.0,0.0
321,12-09-11 上午08时00分00秒,23.424,,,322,12-09-11 上午09时00分00秒,20.246,,,NL6,14,,,,1.5,1,,AL3,15 ,13.0,28.0,20.0,0.0
325,12-09-11 上午08时20分00秒,25.574,,,323,12-09-11 上午09时20分00秒,21.676,,,NL6,15,7,11.5,35,18.5,0,,AL3,16 ,10.0,14.0,17.0,0.0
326,12-09-11 上午08时40分00秒,25.162,,,324,12-09-11 上午09时40分00秒,22.321,,,NL6,16,8.5,19.5,48,28,0,,AL3,17 ,17.0,40.0,24.0,0.0
327,12-09-11 上午09时00分00秒,25.016,,,325,12-09-11 上午10时00分00秒,21.628,,,NL6,17,8,6,13,14,0,,AL3,18 ,6.0,15.0,13.0,1.0
328,12-09-11 上午09时20分00秒,26.867,,,326,12-09-11 上午10时20分00秒,24.267,,,NL6,18,12,4,4,16,0,,AL3,19 ,18.0,32.0,25.0,0.0
329,12-09-11 上午09时40分00秒,26.867,,,327,12-09-11 上午10时40分00秒,24.412,,,NL6,19,13.5,8.5,10,22,0,,AL3,20 ,7.0,14.0,14.0,1.0
330,12-09-11 上午10时00分00秒,26.867,,,328,12-09-11 上午11时00分00秒,24.339,,,NL6,20,,,,9,0,,AL3,21 ,22.0,43.0,29.0,0.0
331,12-09-11 上午10时20分00秒,29.665,,,329,12-09-11 上午11时20分00秒,25.841,,,NL6,21,9.5,10.5,26,20,0,,AL3,22 ,19.0,22.0,26.0,0.0
332,12-09-11 上午10时40分00秒,29.69,,,330,12-09-11 上午11时40分00秒,25.817,,,NL6,22,,,,7,1,,AL3,23 ,5.0,4.0,12.0,1.0
333,12-09-11 上午11时00分00秒,29.74,,,331,12-09-11 下午12时00分00秒,26.012,,,NL6,23,,,,1.5,1,,AL3,24 ,10.0,14.0,17.0,0.0
334,12-09-11 上午11时20分00秒,32.201,,,332,12-09-11 下午12时20分00秒,27.653,,,NL6,24,10,18,22,28,0,,AL3,25 ,5.0,9.0,12.0,1.0
335,12-09-11 上午11时40分00秒,32.253,,,333,12-09-11 下午12时40分00秒,26.769,,,NL6,25,8,11.5,29,19.5,0,,AL3,26 ,10.0,22.0,17.0,0.0
336,12-09-11 下午12时00分00秒,32.253,,,334,12-09-11 下午01时00分00秒,26.671,,,NL6,26,9,11,32,20,0,,AL3,27 ,3.0,1.0,10.0,1.0
337,12-09-11 下午12时20分00秒,34.255,,,335,12-09-11 下午01时20分00秒,26.891,,,NL6,27,,,,13,0,,AL3,28 ,18.0,48.0,25.0,0.0
338,12-09-11 下午12时40分00秒,34.387,,,336,12-09-11 下午01时40分00秒,27.481,,,NL6,28,,,,5.5,1,,AL3,29 ,5.0,9.0,12.0,1.0
339,12-09-11 下午01时00分00秒,34.413,,,337,12-09-11 下午02时00分00秒,28.518,,,NL6,29,7.5,8.5,26,16,0,,AL3,30 ,20.0,24.0,27.0,0.0
340,12-09-11 下午01时20分00秒,34.969,,,338,12-09-11 下午02时20分00秒,27.702,,,NL6,30,,,,2.5,1,,AL3,31 ,4.0,6.0,11.0,1.0
341,12-09-11 下午01时40分00秒,34.942,,,339,12-09-11 下午02时40分00秒,27.407,,,NL6,31,,,,3.5,1,,AL3,32 ,28.0,63.0,35.0,0.0
342,12-09-11 下午02时00分00秒,34.995,,,340,12-09-11 下午03时00分00秒,27.653,,,NL6,32,,,,1.5,1,,AL3,33 ,15.0,31.0,22.0,0.0
343,12-09-11 下午02时20分00秒,35.022,,,341,12-09-11 下午03时20分00秒,27.604,,,NL6,33,,,,4.5,1,,AL3,34 ,32.0,59.0,39.0,0.0
344,12-09-11 下午02时40分00秒,35.128,,,342,12-09-11 下午03时40分00秒,27.456,,,NL6,34,,,,4,1,,AL2,1 ,31.0,67.0,38.0,0.0
345,12-09-11 下午03时00分00秒,35.049,,,343,12-09-11 下午04时00分00秒,27.505,,,NL6,35,,,,3.5,1,,AL2,2 ,15.0,37.0,22.0,0.0
346,12-09-11 下午03时20分00秒,33.94,,,344,12-09-11 下午04时20分00秒,26.867,,,NL6,36,11.5,15.5,17,27,0,,AL2,3 ,21.0,55.0,28.0,0.0
347,12-09-11 下午03时40分00秒,34.045,,,345,12-09-11 下午04时40分00秒,26.818,,,NL6,37,7.5,6,18,13.5,0,,AL2,4 ,6.0,8.0,13.0,1.0
348,12-09-11 下午04时00分00秒,33.914,,,346,12-09-11 下午05时00分00秒,26.695,,,NL6,38,7.5,11.5,35,19,0,,AL2,5 ,24.0,45.0,31.0,0.0
349,12-09-11 下午04时20分00秒,32.691,,,347,12-09-11 下午05时20分00秒,26.671,,,NL6,39,,,,2.5,1,,AL2,6 ,12.0,27.0,19.0,0.0
350,12-09-11 下午04时40分00秒,32.381,,,348,12-09-11 下午05时40分00秒,26.867,,,NL6,40,7,14,45,21,0,,AL2,7 ,8.0,16.0,15.0,1.0
351,12-09-11 下午05时00分00秒,32.381,,,349,12-09-11 下午06时00分00秒,26.378,,,NL6,41,9,0.5,0,9.5,0,,AL2,8 ,7.0,10.0,14.0,1.0
352,12-09-11 下午05时20分00秒,31.306,,,350,12-09-11 下午06时20分00秒,26.231,,,NL6,42,7,24,49,31,0,,AL2,9 ,35.0,68.0,42.0,0.0
353,12-09-11 下午05时40分00秒,30.849,,,351,12-09-11 下午06时40分00秒,25.914,,,NL6,43,7.5,24.5,58,32,0,,AL2,10 ,16.0,29.0,23.0,0.0
354,12-09-11 下午06时00分00秒,30.849,,,352,12-09-11 下午07时00分00秒,26.353,,,NL6,44,7.5,22.5,48,30,0,,AL2,11 ,14.0,24.0,21.0,0.0
355,12-09-11 下午06时20分00秒,29.24,,,353,12-09-11 下午07时20分00秒,24.823,,,NL6,45,11,1,0,12,0,,AL2,12 ,8.0,16.0,15.0,1.0
356,12-09-11 下午06时40分00秒,28.99,,,354,12-09-11 下午07时40分00秒,24.774,,,NL6,46,7,13.5,35,20.5,0,,AL2,13 ,30.0,39.0,37.0,0.0
357,12-09-11 下午07时00分00秒,29.015,,,355,12-09-11 下午08时00分00秒,24.677,,,NL6,47,8,18,38,26,0,,AL2,14 ,7.0,12.0,14.0,1.0
358,12-09-11 下午07时20分00秒,27.653,,,356,12-09-11 下午08时20分00秒,24.171,,,NL6,48,9,30,41,39,0,,AL2,15 ,20.0,45.0,27.0,0.0
359,12-09-11 下午07时40分00秒,27.604,,,357,12-09-11 下午08时40分00秒,24.146,,,NL6,49,9,10,26,19,0,,AL2,16 ,10.0,17.0,17.0,0.0
360,12-09-11 下午08时00分00秒,27.579,,,358,12-09-11 下午09时00分00秒,24.46,,,NL6,50,,,,5,1,,AL2,17 ,11.0,18.0,18.0,0.0
361,12-09-11 下午08时20分00秒,26.182,,,359,12-09-11 下午09时20分00秒,22.848,,,NL6,51,,,,9,0,,AL2,18 ,23.0,53.0,30.0,0.0
362,12-09-11 下午08时40分00秒,25.963,,,360,12-09-11 下午09时40分00秒,22.681,,,NL6,52,,,,3.5,1,,AL2,19 ,12.0,28.0,19.0,0.0
363,12-09-11 下午09时00分00秒,25.841,,,361,12-09-11 下午10时00分00秒,22.705,,,NL5,1,,,,3.5,1,,AL2,20 ,7.0,5.0,14.0,1.0
364,12-09-11 下午09时20分00秒,24.532,,,362,12-09-11 下午10时20分00秒,20.507,,,NL5,2,,,,3.5,1,,AL2,21 ,10.0,23.0,17.0,0.0
365,12-09-11 下午09时40分00秒,24.243,,,363,12-09-11 下午10时40分00秒,20.293,,,NL5,3,7,13,31,20,0,,AL2,22 ,30.0,59.0,37.0,0.0
366,12-09-11 下午10时00分00秒,24.219,,,364,12-09-11 下午11时00分00秒,20.317,,,NL5,4,6,13,22,19,0,,AL2,23 ,6.0,10.0,13.0,1.0
367,12-09-11 下午10时20分00秒,23.304,,,365,12-09-11 下午11时20分00秒,19.246,,,NL5,5,8.5,10.5,31,19,0,,AL2,24 ,19.0,29.0,26.0,0.0
368,12-09-11 下午10时40分00秒,23.088,,,366,12-09-11 下午11时40分00秒,18.675,,,NL5,6,,,,2,1,,AL2,25 ,6.0,13.0,13.0,1.0
369,12-09-11 下午11时00分00秒,23.016,,,367,12-09-12 上午12时00分00秒,18.842,,,NL5,7,7.5,23.5,25,31,0,,AL2,26 ,18.0,52.0,25.0,0.0
370,12-09-11 下午11时20分00秒,22.369,,,368,12-09-12 上午12时20分00秒,16.654,,,NL5,8,,,,3.5,1,,AL2,27 ,32.0,55.0,39.0,0.0
371,12-09-11 下午11时40分00秒,22.25,,,369,12-09-12 上午12时40分00秒,17.296,,,NL5,9,8,13,35,21,0,,AL2,28 ,18.0,32.0,25.0,0.0
372,12-09-12 上午12时00分00秒,22.13,,,370,12-09-12 上午01时00分00秒,16.701,,,NL5,10,,,,5,1,,AL2,29 ,7.0,9.0,14.0,1.0
373,12-09-12 上午12时20分00秒,21.151,,,371,12-09-12 上午01时20分00秒,14.697,,,NL5,11,,,,3.5,1,,AL2,30 ,10.0,19.0,17.0,0.0
374,12-09-12 上午12时40分00秒,21.127,,,372,12-09-12 上午01时40分00秒,15.366,,,NL5,12,,,,2,1,,AL1,1 ,8.0,15.0,15.0,1.0
375,12-09-12 上午01时00分00秒,20.841,,,373,12-09-12 上午02时00分00秒,14.745,,,NL5,13,8.5,20.5,56,29,0,,AL1,2 ,25.0,38.0,32.0,0.0
376,12-09-12 上午01时20分00秒,20.46,,,374,12-09-12 上午02时20分00秒,13.233,,,NL5,14,7.5,10,23,17.5,0,,AL1,3 ,9.0,16.0,16.0,0.0
377,12-09-12 上午01时40分00秒,20.412,,,375,12-09-12 上午02时40分00秒,13.978,,,NL5,15,,,,2.5,1,,AL1,4 ,19.0,24.0,26.0,0.0
378,12-09-12 上午02时00分00秒,20.412,,,376,12-09-12 上午03时00分00秒,13.185,,,NL5,16,,,,3.5,1,,AL1,5 ,7.0,6.0,14.0,1.0
379,12-09-12 上午02时20分00秒,20.079,,,377,12-09-12 上午03时20分00秒,12.098,,,NL5,17,7.5,11.5,26,19,0,,AL1,6 ,7.0,18.0,14.0,1.0
380,12-09-12 上午02时40分00秒,19.96,,,378,12-09-12 上午03时40分00秒,13.064,,,NL5,18,10,9,10,19,0,,AL1,7 ,25.0,33.0,32.0,0.0
381,12-09-12 上午03时00分00秒,19.912,,,379,12-09-12 上午04时00分00秒,12.268,,,NL5,19,9,14,39,23,0,,AL1,8 ,6.0,8.0,13.0,1.0
382,12-09-12 上午03时20分00秒,19.579,,,380,12-09-12 上午04时20分00秒,12.654,,,NL5,20,,,,2.5,1,,AL1,9 ,7.0,10.0,14.0,1.0
383,12-09-12 上午03时40分00秒,19.532,,,381,12-09-12 上午04时40分00秒,12.871,,,NL5,21,,,,2.5,1,,AL1,10 ,7.0,12.0,14.0,1.0
384,12-09-12 上午04时00分00秒,19.555,,,382,12-09-12 上午05时00分00秒,12.292,,,NL5,22,,,,2.5,1,,AL1,11 ,17.0,27.0,24.0,0.0
385,12-09-12 上午04时20分00秒,19.96,,,383,12-09-12 上午05时20分00秒,14.457,,,NL5,23,7,9.5,19,16.5,0,,AL1,12 ,5.0,8.0,12.0,1.0
386,12-09-12 上午04时40分00秒,20.222,,,384,12-09-12 上午05时40分00秒,14.05,,,NL5,24,8,23,42,31,0,,AL1,13 ,26.0,44.0,33.0,0.0
387,12-09-12 上午05时00分00秒,20.412,,,385,12-09-12 上午06时00分00秒,14.074,,,NL5,25,7.5,12.5,22,20,0,,AL1,14 ,31.0,33.0,38.0,0.0
388,12-09-12 上午05时20分00秒,20.579,,,386,12-09-12 上午06时20分00秒,16.534,,,NL5,26,11.5,20,45,31.5,0,,AL1,15 ,24.0,49.0,31.0,0.0
389,12-09-12 上午05时40分00秒,20.627,,,387,12-09-12 上午06时40分00秒,15.796,,,NL5,27,7.5,10,20,17.5,0,,AL1,16 ,10.0,25.0,17.0,0.0
390,12-09-12 上午06时00分00秒,21.413,,,388,12-09-12 上午07时00分00秒,16.32,,,NL5,28,,,,5.5,1,,AL1,17 ,14.0,29.0,21.0,0.0
391,12-09-12 上午06时20分00秒,22.226,,,389,12-09-12 上午07时20分00秒,18.057,,,NL5,29,7.5,10,20,17.5,0,,AL1,18 ,22.0,39.0,29.0,0.0
392,12-09-12 上午06时40分00秒,22.178,,,390,12-09-12 上午07时40分00秒,17.463,,,NL5,30,,,,3.5,1,,AL1,19 ,28.0,41.0,35.0,0.0
393,12-09-12 上午07时00分00秒,22.321,,,391,12-09-12 上午08时00分00秒,18.271,,,NL5,31,,,,2.5,1,,AL1,20 ,17.0,47.0,24.0,0.0
394,12-09-12 上午07时20分00秒,23.184,,,392,12-09-12 上午08时20分00秒,20.055,,,NL5,32,7,9,18,16,0,,AL1,21 ,19.0,35.0,26.0,0.0
395,12-09-12 上午07时40分00秒,23.28,,,393,12-09-12 上午08时40分00秒,19.888,,,NL5,33,8.5,14.5,41,23,0,,AL1,22 ,31.0,65.0,38.0,0.0
396,12-09-12 上午08时00分00秒,23.28,,,394,12-09-12 上午09时00分00秒,19.793,,,NL5,34,,,,4.5,1,,AL1,23 ,14.0,24.0,21.0,0.0
397,12-09-12 上午08时20分00秒,24.774,,,395,12-09-12 上午09时20分00秒,22.274,,,NL5,35,,,,3.5,1,,AL1,24 ,21.0,24.0,28.0,0.0
398,12-09-12 上午08时40分00秒,24.871,,,396,12-09-12 上午09时40分00秒,22.25,,,NL5,36,8,6.5,13,14.5,0,,AL1,25 ,7.0,8.0,14.0,1.0
399,12-09-12 上午09时00分00秒,24.919,,,397,12-09-12 上午10时00分00秒,22.441,,,NL5,37,9,22,29,31,0,,AL1,26 ,24.0,43.0,31.0,0.0
400,12-09-12 上午09时20分00秒,26.818,,,398,12-09-12 上午10时20分00秒,23.761,,,NL5,38,7,10.5,39,17.5,0,,AL1,27 ,12.0,10.0,19.0,0.0
401,12-09-12 上午09时40分00秒,26.867,,,399,12-09-12 上午10时40分00秒,23.905,,,NL5,39,,,,4,1,,AL1,28 ,25.0,57.0,32.0,0.0
402,12-09-12 上午10时00分00秒,26.867,,,400,12-09-12 上午11时00分00秒,23.954,,,NL5,40,7,10,23,17,0,,AL1,29 ,25.0,38.0,32.0,0.0
403,12-09-12 上午10时20分00秒,29.565,,,401,12-09-12 上午11时20分00秒,25.671,,,NL5,41,9.5,10.5,14,20,0,,AL1,30 ,27.0,52.0,34.0,0.0
404,12-09-12 上午10时40分00秒,29.665,,,402,12-09-12 上午11时40分00秒,25.525,,,NL5,42,7.5,5.5,16,13,0,,AL1,31 ,10.0,13.0,17.0,0.0
405,12-09-12 上午11时00分00秒,29.865,,,403,12-09-12 下午12时00分00秒,25.623,,,NL5,43,,,,5.5,1,,AL1,32 ,22.0,31.0,29.0,0.0
406,12-09-12 上午11时20分00秒,32.175,,,404,12-09-12 下午12时20分00秒,28.048,,,NL5,44,,,,9,0,,AL1,33 ,14.0,40.0,21.0,0.0
407,12-09-12 上午11时40分00秒,32.175,,,405,12-09-12 下午12时40分00秒,26.842,,,NL5,45,6.5,14.5,38,21,0,,CK,1 ,26.5,19.0,35.5,0.0
408,12-09-12 下午12时00分00秒,32.124,,,406,12-09-12 下午01时00分00秒,27.038,,,NL5,46,7.5,14.5,34,22,0,,CK,2 ,22.5,48.0,30.0,0.0
409,12-09-12 下午12时20分00秒,34.071,,,407,12-09-12 下午01时20分00秒,27.259,,,NL5,47,,,,9.5,0,,CK,3 ,14.5,36.0,22.5,0.0
410,12-09-12 下午12时40分00秒,34.202,,,408,12-09-12 下午01时40分00秒,27.801,,,NL5,48,8.5,13.5,36,22,0,,CK,4 ,23.5,56.0,31.5,0.0
411,12-09-12 下午01时00分00秒,34.413,,,409,12-09-12 下午02时00分00秒,26.916,,,NL5,49,9.5,28.5,39,38,0,,CK,5 ,12.0,22.0,20.5,0.0
412,12-09-12 下午01时20分00秒,34.598,,,410,12-09-12 下午02时15分19秒,Logged,,,NL5,50,,,,2.5,1,,CK,6 ,35.5,54.0,43.5,0.0
413,12-09-12 下午01时40分00秒,34.783,,,411,12-09-12 下午02时15分57秒,Logged,,,NL5,51,,,,5.5,1,,CK,7 ,6.0,20.0,13.5,0.0
414,12-09-12 下午02时00分00秒,34.942,,,412,12-09-12 下午02时20分00秒,28.518,,,NL5,52,9.5,9.5,17,19,0,,CK,8 ,23.0,52.0,32.0,0.0
418,12-09-12 下午02时20分00秒,34.202,,,413,12-09-12 下午02时40分00秒,27.949,,,NL4,1,7,24.5,55,31.5,0,,CK,9 ,14.0,34.0,22.5,0.0
419,12-09-12 下午02时40分00秒,35.075,,,414,12-09-12 下午03时00分00秒,27.801,,,NL4,2,9,20,43,29,0,,CK,10 ,24.0,57.0,32.5,0.0
420,12-09-12 下午03时00分00秒,35.102,,,415,12-09-12 下午03时20分00秒,27.702,,,NL4,3,,,,6.5,1,,CK,11 ,11.5,21.0,20.0,0.0
421,12-09-12 下午03时20分00秒,34.071,,,416,12-09-12 下午03时40分00秒,27.924,,,NL4,4,8,9.5,31,17.5,0,,CK,12 ,17.5,30.0,25.5,0.0
422,12-09-12 下午03时40分00秒,33.966,,,417,12-09-12 下午04时00分00秒,27.751,,,NL4,5,,,,2.5,1,,CK,13 ,12.5,48.0,19.5,0.0
423,12-09-12 下午04时00分00秒,33.992,,,418,12-09-12 下午04时20分00秒,27.308,,,NL4,6,,,,4.5,1,,CK,14 ,21.0,55.0,28.5,0.0
424,12-09-12 下午04时20分00秒,32.639,,,419,12-09-12 下午04时40分00秒,27.456,,,NL4,7,,,,4,1,,CK,15 ,20.5,49.0,28.5,0.0
425,12-09-12 下午04时40分00秒,32.433,,,420,12-09-12 下午05时00分00秒,27.431,,,NL4,8,7,11.5,31,18.5,0,,CK,16 ,30.0,76.0,38.0,0.0
426,12-09-12 下午05时00分00秒,32.433,,,421,12-09-12 下午05时20分00秒,26.744,,,NL4,9,8,11,38,19,0,,CK,17 ,22.0,31.0,29.0,0.0
427,12-09-12 下午05时20分00秒,31.153,,,422,12-09-12 下午05时40分00秒,26.744,,,NL4,10,,,,9.5,0,,CK,18 ,17.5,38.0,25.0,0.0
428,12-09-12 下午05时40分00秒,30.798,,,423,12-09-12 下午06时00分00秒,26.842,,,NL4,11,7.5,10,26,17.5,0,,CK,19 ,19.0,56.0,27.0,0.0
429,12-09-12 下午06时00分00秒,30.798,,,424,12-09-12 下午06时20分00秒,26.475,,,NL4,12,9,11,25,20,0,,CK,20 ,35.0,67.0,43.0,0.0
430,12-09-12 下午06时20分00秒,28.99,,,425,12-09-12 下午06时40分00秒,26.207,,,NL4,13,9,19,45,28,0,,CK,21 ,17.5,48.0,25.0,0.0
431,12-09-12 下午06时40分00秒,28.891,,,426,12-09-12 下午07时00分00秒,26.378,,,NL4,14,7,12,39,19,0,,CK,22 ,12.5,17.0,22.0,0.0
432,12-09-12 下午07时00分00秒,28.866,,,427,12-09-12 下午07时20分00秒,25.453,,,NL4,15,7,12,34,19,0,,CK,23 ,8.0,24.0,14.5,0.0
433,12-09-12 下午07时20分00秒,27.456,,,428,12-09-12 下午07时40分00秒,25.065,,,NL4,16,8.5,15.5,30,24,0,,CK,24 ,14.5,30.0,22.0,0.0
434,12-09-12 下午07时40分00秒,27.407,,,429,12-09-12 下午08时00分00秒,25.234,,,NL4,17,,,,3,1,,CK,25 ,26.0,54.0,34.0,0.0
435,12-09-12 下午08时00分00秒,27.456,,,430,12-09-12 下午08时20分00秒,24.412,,,NL4,18,7,12,28,19,0,,CK,26 ,10.0,25.0,18.5,0.0
436,12-09-12 下午08时20分00秒,25.987,,,431,12-09-12 下午08时40分00秒,24.195,,,NL4,19,8.5,19,46,27.5,0,,CK,27 ,14.5,35.0,23.0,0.0
437,12-09-12 下午08时40分00秒,25.963,,,432,12-09-12 下午09时00分00秒,24.098,,,NL4,20,,,,6,1,,CK,28 ,26.5,62.0,34.5,0.0
438,12-09-12 下午09时00分00秒,25.817,,,433,12-09-12 下午09时20分00秒,22.872,,,NL4,21,7.5,2,0,9.5,0,,CK,29 ,17.0,48.0,25.0,0.0
439,12-09-12 下午09时20分00秒,24.581,,,434,12-09-12 下午09时40分00秒,22.824,,,NL4,22,,,,5,1,,CK,30 ,26.0,63.0,33.0,0.0
440,12-09-12 下午09时40分00秒,24.412,,,435,12-09-12 下午10时00分00秒,22.8,,,NL4,23,8.5,28.5,45,37,0,,CK,31 ,31.0,62.0,37.5,0.0
441,12-09-12 下午10时00分00秒,24.267,,,436,12-09-12 下午10时20分00秒,20.936,,,NL4,24,8,21,51,29,0,,CK,32 ,35.0,59.0,42.5,0.0
442,12-09-12 下午10时20分00秒,23.136,,,437,12-09-12 下午10时40分00秒,20.388,,,NL4,25,8.5,21.5,42,30,0,,CK,33 ,11.5,29.0,19.0,0.0
443,12-09-12 下午10时40分00秒,23.112,,,438,12-09-12 下午11时00分00秒,20.674,,,NL4,26,7,12,26,19,0,,CK,34 ,29.5,56.0,37.0,0.0
444,12-09-12 下午11时00分00秒,23.136,,,439,12-09-12 下午11时20分00秒,19.413,,,NL4,27,,,,9,0,,CK,35 ,18.5,38.0,26.5,0.0
445,12-09-12 下午11时20分00秒,22.274,,,440,12-09-12 下午11时40分00秒,18.937,,,NL4,28,8,15,46,23,0,,CK,36 ,8.0,20.0,15.0,0.0
446,12-09-12 下午11时40分00秒,22.178,,,441,12-09-13 上午12时00分00秒,19.365,,,NL4,29,9.5,7.5,15,17,0,,CK,37 ,11.0,21.0,19.5,0.0
447,12-09-13 上午12时00分00秒,22.154,,,442,12-09-13 上午12时20分00秒,17.368,,,NL4,30,8.5,13.5,35,22,0,,CK,38 ,19.0,42.0,27.0,0.0
448,12-09-13 上午12时20分00秒,21.079,,,443,12-09-13 上午12时40分00秒,17.082,,,NL4,31,8,10,36,18,0,,CK,39 ,19.5,46.0,27.0,0.0
449,12-09-13 上午12时40分00秒,21.008,,,444,12-09-13 上午01时00分00秒,16.892,,,NL4,32,10.5,2.5,1,13,0,,CK,40 ,37.5,77.0,45.0,0.0
450,12-09-13 上午01时00分00秒,20.984,,,445,12-09-13 上午01时20分00秒,15.031,,,NL4,33,9,27,41,36,0,,CK,41 ,32.5,72.0,40.0,0.0
451,12-09-13 上午01时20分00秒,20.746,,,446,12-09-13 上午01时40分00秒,15.581,,,NL4,34,,,,4,1,,CK,42 ,35.0,75.0,43.0,0.0
452,12-09-13 上午01时40分00秒,20.65,,,447,12-09-13 上午02时00分00秒,15.008,,,NL4,35,8.5,20.5,51,29,0,,,,,,,
453,12-09-13 上午02时00分00秒,20.65,,,448,12-09-13 上午02时20分00秒,13.594,,,NL4,36,10.5,14.5,27,25,0,,,,,,,
454,12-09-13 上午02时20分00秒,20.126,,,449,12-09-13 上午02时40分00秒,14.266,,,NL4,37,8.5,12.5,27,21,0,,,,,,,
455,12-09-13 上午02时40分00秒,20.103,,,450,12-09-13 上午03时00分00秒,13.642,,,NL4,38,8.5,17.5,40,26,0,,,,,,,
456,12-09-13 上午03时00分00秒,20.007,,,451,12-09-13 上午03时20分00秒,12.703,,,NL4,39,,,,2.5,1,,,,,,,
457,12-09-13 上午03时20分00秒,19.532,,,452,12-09-13 上午03时40分00秒,12.654,,,NL4,40,9,23,32,32,0,,,,,,,
458,12-09-13 上午03时40分00秒,19.46,,,453,12-09-13 上午04时00分00秒,12.558,,,NL4,41,,,,5,1,,,,,,,
459,12-09-13 上午04时00分00秒,19.484,,,454,12-09-13 上午04时20分00秒,12.678,,,NL4,42,8.5,14,52,22.5,0,,,,,,,
460,12-09-13 上午04时20分00秒,20.031,,,455,12-09-13 上午04时40分00秒,13.594,,,NL4,43,,,,2.5,1,,,,,,,
461,12-09-13 上午04时40分00秒,20.079,,,456,12-09-13 上午05时00分00秒,12.896,,,NL4,44,7.5,13.5,26,21,0,,,,,,,
462,12-09-13 上午05时00分00秒,20.079,,,457,12-09-13 上午05时20分00秒,15.008,,,NL3,1,9.5,18,44,27.5,0,,,,,,,
463,12-09-13 上午05时20分00秒,20.77,,,458,12-09-13 上午05时40分00秒,14.385,,,NL3,2,8,20,45,28,0,,,,,,,
464,12-09-13 上午05时40分00秒,20.46,,,459,12-09-13 上午06时00分00秒,15.7,,,NL3,3,9,27,37,36,0,,,,,,,
465,12-09-13 上午06时00分00秒,20.436,,,460,12-09-13 上午06时20分00秒,15.939,,,NL3,4,7,11.5,36,18.5,0,,,,,,,
466,12-09-13 上午06时20分00秒,22.202,,,461,12-09-13 上午06时40分00秒,16.534,,,NL3,5,7.5,22,39,29.5,0,,,,,,,
467,12-09-13 上午06时40分00秒,22.106,,,462,12-09-13 上午07时00分00秒,16.225,,,NL3,6,10.5,21.5,16,32,0,,,,,,,
468,12-09-13 上午07时00分00秒,21.987,,,463,12-09-13 上午07时20分00秒,18.414,,,NL3,7,7.5,16,58,23.5,0,,,,,,,
469,12-09-13 上午07时20分00秒,23.136,,,464,12-09-13 上午07时40分00秒,17.891,,,NL3,8,8,18,36,26,0,,,,,,,
470,12-09-13 上午07时40分00秒,23.208,,,465,12-09-13 上午08时00分00秒,17.724,,,NL3,9,,,,9,0,,,,,,,
471,12-09-13 上午08时00分00秒,23.184,,,466,12-09-13 上午08时12分48秒,Logged,,,NL3,10,,,,8.5,0,,,,,,,
475,12-09-13 上午08时20分00秒,24.944,,,467,12-09-13 上午08时13分20秒,Logged,,,NL3,11,,,,7.5,1,,,,,,,
476,12-09-13 上午08时40分00秒,24.798,,,468,12-09-13 上午08时20分00秒,20.889,,,NL3,12,,,,3.5,1,,,,,,,
477,12-09-13 上午09时00分00秒,24.944,,,469,12-09-13 上午08时40分00秒,20.341,,,NL3,13,11,8,7,19,0,,,,,,,
478,12-09-13 上午09时20分00秒,26.842,,,470,12-09-13 上午09时00分00秒,20.079,,,NL3,14,8.5,25.5,56,34,0,,,,,,,
479,12-09-13 上午09时40分00秒,26.818,,,471,12-09-13 上午09时20分00秒,22.369,,,NL3,15,,,,5,1,,,,,,,
480,12-09-13 上午10时00分00秒,26.867,,,472,12-09-13 上午09时40分00秒,22.417,,,NL3,16,,,,5,1,,,,,,,
481,12-09-13 上午10时20分00秒,29.59,,,473,12-09-13 上午10时00分00秒,22.274,,,NL3,17,7,5.5,21,12.5,0,,,,,,,
482,12-09-13 上午10时40分00秒,29.79,,,474,12-09-13 上午10时20分00秒,24.436,,,NL3,18,,,,11.5,0,,,,,,,
483,12-09-13 上午11时00分00秒,29.966,,,475,12-09-13 上午10时40分00秒,24.46,,,NL3,19,,,,3,1,,,,,,,
484,12-09-13 上午11时20分00秒,32.381,,,476,12-09-13 上午11时00分00秒,24.363,,,NL3,20,8,23,60,31,0,,,,,,,
485,12-09-13 上午11时40分00秒,32.304,,,477,12-09-13 上午11时20分00秒,26.012,,,NL3,21,,,,9.5,0,,,,,,,
486,12-09-13 下午12时00分00秒,32.433,,,478,12-09-13 上午11时40分00秒,26.012,,,NL3,22,9.5,25.5,54,35,0,,,,,,,
487,12-09-13 下午12时20分00秒,34.255,,,479,12-09-13 下午12时00分00秒,25.89,,,NL3,23,,,,4.5,1,,,,,,,
488,12-09-13 下午12时40分00秒,34.492,,,480,12-09-13 下午12时20分00秒,26.916,,,NL3,24,,,,3.5,1,,,,,,,
489,12-09-13 下午01时00分00秒,34.572,,,481,12-09-13 下午12时40分00秒,26.916,,,NL3,25,8,23,45,31,0,,,,,,,
490,12-09-13 下午01时20分00秒,35.049,,,482,12-09-13 下午01时00分00秒,26.94,,,NL3,26,8,24,50,32,0,,,,,,,
491,12-09-13 下午01时40分00秒,35.102,,,483,12-09-13 下午01时20分00秒,27.431,,,NL3,27,,,,8,0,,,,,,,
492,12-09-13 下午02时00分00秒,35.182,,,484,12-09-13 下午01时40分00秒,27.431,,,NL3,28,,,,3.5,1,,,,,,,
493,12-09-13 下午02时20分00秒,35.102,,,485,12-09-13 下午02时00分00秒,27.456,,,NL3,29,7.5,15.5,29,23,0,,,,,,,
494,12-09-13 下午02时40分00秒,35.102,,,486,12-09-13 下午02时20分00秒,28.023,,,NL3,30,7.5,15.5,47,23,0,,,,,,,
495,12-09-13 下午03时00分00秒,35.182,,,487,12-09-13 下午02时40分00秒,28.023,,,NL3,31,7,8,21,15,0,,,,,,,
496,12-09-13 下午03时20分00秒,34.097,,,488,12-09-13 下午03时00分00秒,27.998,,,NL3,32,6,27,54,33,0,,,,,,,
497,12-09-13 下午03时40分00秒,33.966,,,489,12-09-13 下午03时20分00秒,28.072,,,NL3,33,8,20,45,28,0,,,,,,,
498,12-09-13 下午04时00分00秒,33.94,,,490,12-09-13 下午03时40分00秒,27.924,,,NL3,34,8,11,49,19,0,,,,,,,
499,12-09-13 下午04时20分00秒,32.639,,,491,12-09-13 下午04时00分00秒,27.949,,,NL3,35,8.5,19.5,43,28,0,,,,,,,
500,12-09-13 下午04时40分00秒,32.433,,,492,12-09-13 下午04时20分00秒,27.554,,,NL3,36,,,,7.5,1,,,,,,,
501,12-09-13 下午05时00分00秒,32.407,,,493,12-09-13 下午04时40分00秒,27.677,,,NL3,37,9.5,17.5,46,27,0,,,,,,,
502,12-09-13 下午05时20分00秒,31.128,,,494,12-09-13 下午05时00分00秒,27.358,,,NL3,38,,,,13.5,0,,,,,,,
503,12-09-13 下午05时40分00秒,30.824,,,495,12-09-13 下午05时20分00秒,26.94,,,NL3,39,8.5,7,8,15.5,0,,,,,,,
504,12-09-13 下午06时00分00秒,30.95,,,496,12-09-13 下午05时40分00秒,27.161,,,NL3,40,9.5,10.5,15,20,0,,,,,,,
505,12-09-13 下午06时20分00秒,29.115,,,497,12-09-13 下午06时00分00秒,27.112,,,NL3,41,,,,6,1,,,,,,,
506,12-09-13 下午06时40分00秒,28.965,,,498,12-09-13 下午06时20分00秒,26.573,,,NL3,42,8.5,8.5,24,17,0,,,,,,,
507,12-09-13 下午07时00分00秒,29.015,,,499,12-09-13 下午06时40分00秒,26.5,,,NL3,43,9,20,55,29,0,,,,,,,
508,12-09-13 下午07时20分00秒,27.751,,,500,12-09-13 下午07时00分00秒,26.475,,,NL3,44,,,,3.5,1,,,,,,,
509,12-09-13 下午07时40分00秒,27.579,,,501,12-09-13 下午07时20分00秒,25.501,,,NL3,45,9,19,56,28,0,,,,,,,
510,12-09-13 下午08时00分00秒,27.579,,,502,12-09-13 下午07时40分00秒,25.38,,,NL3,46,7.5,8.5,23,16,0,,,,,,,
511,12-09-13 下午08时20分00秒,26.158,,,503,12-09-13 下午08时00分00秒,25.355,,,NL3,47,8,19,49,27,0,,,,,,,
512,12-09-13 下午08时40分00秒,25.963,,,504,12-09-13 下午08时20分00秒,24.436,,,NL3,48,8.5,10.5,27,19,0,,,,,,,
513,12-09-13 下午09时00分00秒,25.987,,,505,12-09-13 下午08时40分00秒,24.315,,,NL3,49,7.5,4.5,8,12,0,,,,,,,
514,12-09-13 下午09时20分00秒,24.581,,,506,12-09-13 下午09时00分00秒,24.388,,,NL2,1,10.5,18,34,28.5,0,,,,,,,
515,12-09-13 下午09时40分00秒,24.436,,,507,12-09-13 下午09时20分00秒,23.184,,,NL2,2,,,,10.5,0,,,,,,,
516,12-09-13 下午10时00分00秒,24.291,,,508,12-09-13 下午09时40分00秒,22.992,,,NL2,3,,,,11,0,,,,,,,
517,12-09-13 下午10时20分00秒,23.304,,,509,12-09-13 下午10时00分00秒,22.8,,,NL2,4,8,14,36,22,0,,,,,,,
518,12-09-13 下午10时40分00秒,23.208,,,510,12-09-13 下午10时20分00秒,21.079,,,NL2,5,,,,5.5,1,,,,,,,
519,12-09-13 下午11时00分00秒,23.184,,,511,12-09-13 下午10时40分00秒,20.579,,,NL2,6,8,12.5,43,20.5,0,,,,,,,
520,12-09-13 下午11时20分00秒,22.274,,,512,12-09-13 下午11时00分00秒,20.46,,,NL2,7,11,27.5,42,38.5,0,,,,,,,
521,12-09-13 下午11时40分00秒,22.13,,,513,12-09-13 下午11时20分00秒,19.032,,,NL2,8,7.5,15.5,34,23,0,,,,,,,
522,12-09-14 上午12时00分00秒,22.154,,,514,12-09-13 下午11时40分00秒,18.961,,,NL2,9,,,,4,1,,,,,,,
523,12-09-14 上午12时20分00秒,21.27,,,515,12-09-14 上午12时00分00秒,19.175,,,NL2,10,8.5,11,37,19.5,0,,,,,,,
524,12-09-14 上午12时40分00秒,21.223,,,516,12-09-14 上午12时20分00秒,17.249,,,NL2,11,7,10.5,34,17.5,0,,,,,,,
525,12-09-14 上午01时00分00秒,21.199,,,517,12-09-14 上午12时40分00秒,17.368,,,NL2,12,8.5,7,8,15.5,0,,,,,,,
526,12-09-14 上午01时20分00秒,20.603,,,518,12-09-14 上午01时00分00秒,16.63,,,NL2,13,9.5,14,26,23.5,0,,,,,,,
527,12-09-14 上午01时40分00秒,20.507,,,519,12-09-14 上午01时20分00秒,14.816,,,NL2,14,8.5,31.5,51,40,0,,,,,,,
528,12-09-14 上午02时00分00秒,20.484,,,520,12-09-14 上午01时40分00秒,15.031,,,NL2,15,7.5,17,55,24.5,0,,,,,,,
529,12-09-14 上午02时20分00秒,19.984,,,521,12-09-14 上午02时00分00秒,15.175,,,NL2,16,7.5,12.5,32,20,0,,,,,,,
530,12-09-14 上午02时40分00秒,20.031,,,522,12-09-14 上午02时20分00秒,13.305,,,NL2,17,7.5,13,38,20.5,0,,,,,,,
531,12-09-14 上午03时00分00秒,20.031,,,523,12-09-14 上午02时40分00秒,13.978,,,NL2,18,9,8.5,16,17.5,0,,,,,,,
532,12-09-14 上午03时20分00秒,19.746,,,524,12-09-14 上午03时00分00秒,13.353,,,NL2,19,8.5,25.5,62,34,0,,,,,,,
533,12-09-14 上午03时40分00秒,19.651,,,525,12-09-14 上午03时20分00秒,12.461,,,NL2,20,9.5,19.5,35,29,0,,,,,,,
534,12-09-14 上午04时00分00秒,19.555,,,526,12-09-14 上午03时40分00秒,12.944,,,NL2,21,9.5,15.5,35,25,0,,,,,,,
535,12-09-14 上午04时20分00秒,19.984,,,527,12-09-14 上午04时00分00秒,12.243,,,NL2,22,7,16.5,47,23.5,0,,,,,,,
536,12-09-14 上午04时40分00秒,20.031,,,528,12-09-14 上午04时20分00秒,13.04,,,NL2,23,7.5,9.5,22,17,0,,,,,,,
537,12-09-14 上午05时00分00秒,20.031,,,529,12-09-14 上午04时40分00秒,12.992,,,NL2,24,8,25,69,33,0,,,,,,,
538,12-09-14 上午05时20分00秒,20.555,,,530,12-09-14 上午05时00分00秒,12.727,,,NL2,25,9,20,24,29,0,,,,,,,
539,12-09-14 上午05时40分00秒,20.674,,,531,12-09-14 上午05时20分00秒,15.008,,,NL2,26,8,18,58,26,0,,,,,,,
540,12-09-14 上午06时00分00秒,20.579,,,532,12-09-14 上午05时40分00秒,14.481,,,NL2,27,,,,5.5,1,,,,,,,
541,12-09-14 上午06时20分00秒,21.987,,,533,12-09-14 上午06时00分00秒,15.127,,,NL2,28,8.5,17.5,41,26,0,,,,,,,
542,12-09-14 上午06时40分00秒,22.106,,,534,12-09-14 上午06时20分00秒,16.034,,,NL2,29,7,14.5,43,21.5,0,,,,,,,
543,12-09-14 上午07时00分00秒,22.202,,,535,12-09-14 上午06时40分00秒,15.772,,,NL2,30,9,15.5,41,24.5,0,,,,,,,
544,12-09-14 上午07时20分00秒,23.184,,,536,12-09-14 上午07时00分00秒,16.677,,,NL2,31,7.5,4.5,8,12,0,,,,,,,
545,12-09-14 上午07时40分00秒,23.256,,,537,12-09-14 上午07时20分00秒,17.701,,,NL2,32,8,14,27,22,0,,,,,,,
546,12-09-14 上午08时00分00秒,23.28,,,538,12-09-14 上午07时40分00秒,18.366,,,NL2,33,,,,5.5,1,,,,,,,
547,12-09-14 上午08时20分00秒,24.798,,,539,12-09-14 上午08时00分00秒,17.748,,,NL2,34,9.5,13.5,14,23,0,,,,,,,
548,12-09-14 上午08时40分00秒,24.798,,,540,12-09-14 上午08时20分00秒,20.484,,,NL2,35,8,20,58,28,0,,,,,,,
549,12-09-14 上午09时00分00秒,24.895,,,541,12-09-14 上午08时40分00秒,20.222,,,NL2,36,8.5,4,9,12.5,0,,,,,,,
550,12-09-14 上午09时20分00秒,26.916,,,542,12-09-14 上午09时00分00秒,20.15,,,NL2,37,8,19,49,27,0,,,,,,,
551,12-09-14 上午09时40分00秒,27.014,,,543,12-09-14 上午09时20分00秒,22.393,,,NL2,38,9.5,10.5,15,20,0,,,,,,,
552,12-09-14 上午10时00分00秒,27.063,,,544,12-09-14 上午09时40分00秒,22.417,,,NL2,39,,,,5.5,1,,,,,,,
553,12-09-14 上午10时20分00秒,29.815,,,545,12-09-14 上午10时00分00秒,22.465,,,NL2,40,8,23,72,31,0,,,,,,,
554,12-09-14 上午10时40分00秒,29.991,,,546,12-09-14 上午10时20分00秒,24.267,,,NL2,41,8,1.5,0,9.5,0,,,,,,,
555,12-09-14 上午11时00分00秒,29.89,,,547,12-09-14 上午10时40分00秒,24.484,,,NL2,42,8,17,28,25,0,,,,,,,
556,12-09-14 上午11时20分00秒,32.33,,,548,12-09-14 上午11时00分00秒,24.339,,,NL2,43,7,7,21,14,0,,,,,,,
557,12-09-14 上午11时40分00秒,32.201,,,549,12-09-14 上午11时20分00秒,26.085,,,NL2,44,8.5,21.5,52,30,0,,,,,,,
558,12-09-14 下午12时00分00秒,32.33,,,550,12-09-14 上午11时40分00秒,26.061,,,NL2,45,7,22,62,29,0,,,,,,,
559,12-09-14 下午12时20分00秒,34.229,,,551,12-09-14 下午12时00分00秒,25.574,,,NL1,1,7.5,30,64,37.5,0,,,,,,,
560,12-09-14 下午12时40分00秒,34.624,,,552,12-09-14 下午12时20分00秒,26.818,,,NL1,2,,,,10,0,,,,,,,
561,12-09-14 下午01时00分00秒,34.466,,,553,12-09-14 下午12时40分00秒,26.818,,,NL1,3,9,8.5,9,17.5,0,,,,,,,
562,12-09-14 下午01时20分00秒,35.102,,,554,12-09-14 下午01时00分00秒,26.671,,,NL1,4,,,,12,0,,,,,,,
563,12-09-14 下午01时40分00秒,35.102,,,555,12-09-14 下午01时20分00秒,27.604,,,NL1,5,8.5,22.5,56,31,0,,,,,,,
564,12-09-14 下午02时00分00秒,35.102,,,556,12-09-14 下午01时40分00秒,27.604,,,NL1,6,9.5,10.5,8,20,0,,,,,,,
565,12-09-14 下午02时20分00秒,35.049,,,557,12-09-14 下午02时00分00秒,27.653,,,NL1,7,,,,6.5,1,,,,,,,
566,12-09-14 下午02时40分00秒,35.022,,,558,12-09-14 下午02时20分00秒,28.023,,,NL1,8,10,17,15,27,0,,,,,,,
567,12-09-14 下午03时00分00秒,35.049,,,559,12-09-14 下午02时40分00秒,27.899,,,NL1,9,,,,9.5,0,,,,,,,
568,12-09-14 下午03时20分00秒,33.914,,,560,12-09-14 下午03时00分00秒,28.048,,,NL1,10,7,22,52,29,0,,,,,,,
569,12-09-14 下午03时40分00秒,34.045,,,561,12-09-14 下午03时20分00秒,28.171,,,NL1,11,9,21,60,30,0,,,,,,,
570,12-09-14 下午04时00分00秒,33.887,,,562,12-09-14 下午03时40分00秒,27.924,,,NL1,12,7.5,27.5,60,35,0,,,,,,,
571,12-09-14 下午04时20分00秒,32.691,,,563,12-09-14 下午04时00分00秒,27.974,,,NL1,13,9.5,11.5,21,21,0,,,,,,,
572,12-09-14 下午04时40分00秒,32.407,,,564,12-09-14 下午04时20分00秒,27.628,,,NL1,14,7.5,9,19,16.5,0,,,,,,,
573,12-09-14 下午05时00分00秒,32.33,,,565,12-09-14 下午04时40分00秒,27.628,,,NL1,15,9.5,13.5,48,23,0,,,,,,,
574,12-09-14 下午05时20分00秒,31.052,,,566,12-09-14 下午05时00分00秒,27.53,,,NL1,16,8,24.5,61,32.5,0,,,,,,,
575,12-09-14 下午05时40分00秒,30.722,,,567,12-09-14 下午05时20分00秒,27.186,,,NL1,17,8,25,67,33,0,,,,,,,
576,12-09-14 下午06时00分00秒,30.849,,,568,12-09-14 下午05时40分00秒,27.161,,,NL1,18,8,18,44,26,0,,,,,,,
577,12-09-14 下午06时20分00秒,29.19,,,569,12-09-14 下午06时00分00秒,27.161,,,NL1,19,8.5,15,44,23.5,0,,,,,,,
578,12-09-14 下午06时40分00秒,28.891,,,570,12-09-14 下午06时20分00秒,26.426,,,NL1,20,8,15,49,23,0,,,,,,,
579,12-09-14 下午07时00分00秒,28.742,,,571,12-09-14 下午06时40分00秒,26.329,,,NL1,21,9.5,5.5,10,15,0,,,,,,,
580,12-09-14 下午07时20分00秒,27.53,,,572,12-09-14 下午07时00分00秒,26.475,,,NL1,22,9.5,18.5,52,28,0,,,,,,,
581,12-09-14 下午07时40分00秒,27.382,,,573,12-09-14 下午07时20分00秒,25.501,,,NL1,23,8,14.5,51,22.5,0,,,,,,,
582,12-09-14 下午08时00分00秒,27.333,,,574,12-09-14 下午07时40分00秒,25.355,,,NL1,24,7,13,33,20,0,,,,,,,
583,12-09-14 下午08时20分00秒,25.987,,,575,12-09-14 下午08时00分00秒,25.38,,,NL1,25,9,17.5,51,26.5,0,,,,,,,
584,12-09-14 下午08时40分00秒,25.817,,,576,12-09-14 下午08时20分00秒,24.484,,,NL1,26,7.5,16.5,49,24,0,,,,,,,
585,12-09-14 下午09时00分00秒,25.817,,,577,12-09-14 下午08时40分00秒,24.388,,,NL1,27,7.5,30.5,66,38,0,,,,,,,
586,12-09-14 下午09时20分00秒,24.46,,,578,12-09-14 下午09时00分00秒,24.412,,,NL1,28,7,17,47,24,0,,,,,,,
587,12-09-14 下午09时40分00秒,24.315,,,579,12-09-14 下午09时20分00秒,22.944,,,NL1,29,8,20.5,37,28.5,0,,,,,,,
588,12-09-14 下午10时00分00秒,24.339,,,580,12-09-14 下午09时40分00秒,22.585,,,NL1,30,7.5,1.5,1,9,0,,,,,,,
589,12-09-14 下午10时20分00秒,23.28,,,581,12-09-14 下午10时00分00秒,22.848,,,NL1,31,8,18,58,26,0,,,,,,,
590,12-09-14 下午10时40分00秒,23.232,,,582,12-09-14 下午10时20分00秒,21.008,,,NL1,32,10,5.5,4,15.5,0,,,,,,,
591,12-09-14 下午11时00分00秒,23.112,,,583,12-09-14 下午10时40分00秒,20.555,,,NL1,33,8,8.5,20,16.5,0,,,,,,,
592,12-09-14 下午11时20分00秒,22.082,,,584,12-09-14 下午11时00分00秒,20.531,,,NL1,34,8,10,36,18,0,,,,,,,
593,12-09-14 下午11时40分00秒,21.915,,,585,12-09-14 下午11时20分00秒,18.937,,,NL1,35,7.5,17.5,52,25,0,,,,,,,
594,12-09-15 上午12时00分00秒,21.939,,,586,12-09-14 下午11时40分00秒,18.913,,,NL1,36,9.5,17.5,43,27,0,,,,,,,
595,12-09-15 上午12时20分00秒,21.079,,,587,12-09-15 上午12时00分00秒,18.913,,,NL1,37,8.5,29.5,62,38,0,,,,,,,
596,12-09-15 上午12时40分00秒,21.032,,,588,12-09-15 上午12时20分00秒,16.963,,,NL1,38,9,17,34,26,0,,,,,,,
597,12-09-15 上午01时00分00秒,21.032,,,589,12-09-15 上午12时40分00秒,16.439,,,NL1,39,8.5,25.5,66,34,0,,,,,,,
598,12-09-15 上午01时20分00秒,20.436,,,590,12-09-15 上午01时00分00秒,16.415,,,NL1,40,8,8,28,16,0,,,,,,,
599,12-09-15 上午01时40分00秒,20.341,,,591,12-09-15 上午01时20分00秒,14.457,,,NL1,41,7.5,20.5,64,28,0,,,,,,,
600,12-09-15 上午02时00分00秒,20.317,,,592,12-09-15 上午01时40分00秒,15.175,,,NL1,42,8,19,56,27,0,,,,,,,
601,12-09-15 上午02时20分00秒,19.888,,,593,12-09-15 上午02时00分00秒,14.553,,,NL1,43,7,27,50,34,0,,,,,,,
602,12-09-15 上午02时40分00秒,19.912,,,594,12-09-15 上午02时20分00秒,13.642,,,NL1,44,8,21,48,29,0,,,,,,,
603,12-09-15 上午03时00分00秒,20.007,,,595,12-09-15 上午02时40分00秒,13.257,,,NL1,45,8.5,16.5,42,25,0,,,,,,,
604,12-09-15 上午03时20分00秒,19.413,,,596,12-09-15 上午03时00分00秒,12.558,,,NL1,46,9,18,54,27,0,,,,,,,
605,12-09-15 上午03时40分00秒,19.246,,,597,12-09-15 上午03时20分00秒,11.589,,,NL1,47,8.5,30.5,67,39,0,,,,,,,
606,12-09-15 上午04时00分00秒,19.318,,,598,12-09-15 上午03时40分00秒,12.896,,,CK,1,9,26.5,19,35.5,0,,,,,,,
607,12-09-15 上午04时20分00秒,19.793,,,599,12-09-15 上午04时00分00秒,11.807,,,CK,2,7.5,22.5,48,30,0,,,,,,,
608,12-09-15 上午04时40分00秒,19.865,,,600,12-09-15 上午04时20分00秒,13.57,,,CK,3,8,14.5,36,22.5,0,,,,,,,
609,12-09-15 上午05时00分00秒,19.912,,,601,12-09-15 上午04时40分00秒,12.606,,,CK,4,8,23.5,56,31.5,0,,,,,,,
610,12-09-15 上午05时20分00秒,20.46,,,602,12-09-15 上午05时00分00秒,12.001,,,CK,5,8.5,12,22,20.5,0,,,,,,,
611,12-09-15 上午05时40分00秒,20.365,,,603,12-09-15 上午05时20分00秒,14.266,,,CK,6,8,35.5,54,43.5,0,,,,,,,
612,12-09-15 上午06时00分00秒,20.365,,,604,12-09-15 上午05时40分00秒,13.69,,,CK,7,7.5,6,20,13.5,0,,,,,,,
613,12-09-15 上午06时20分00秒,22.13,,,605,12-09-15 上午06时00分00秒,13.522,,,CK,8,9,23,52,32,0,,,,,,,
614,12-09-15 上午06时40分00秒,22.082,,,606,12-09-15 上午06时20分00秒,15.891,,,CK,9,8.5,14,34,22.5,0,,,,,,,
615,12-09-15 上午07时00分00秒,22.13,,,607,12-09-15 上午06时40分00秒,15.223,,,CK,10,8.5,24,57,32.5,0,,,,,,,
616,12-09-15 上午07时20分00秒,23.184,,,608,12-09-15 上午07时00分00秒,15.031,,,CK,11,8.5,11.5,21,20,0,,,,,,,
617,12-09-15 上午07时40分00秒,23.232,,,609,12-09-15 上午07时20分00秒,18.057,,,CK,12,8,17.5,30,25.5,0,,,,,,,
618,12-09-15 上午08时00分00秒,23.4,,,610,12-09-15 上午07时40分00秒,18.081,,,CK,13,7,12.5,48,19.5,0,,,,,,,
619,12-09-15 上午08时20分00秒,24.774,,,611,12-09-15 上午08时00分00秒,17.32,,,CK,14,7.5,21,55,28.5,0,,,,,,,
620,12-09-15 上午08时40分00秒,24.944,,,612,12-09-15 上午08时20分00秒,20.746,,,CK,15,8,20.5,49,28.5,0,,,,,,,
621,12-09-15 上午09时00分00秒,24.968,,,613,12-09-15 上午08时40分00秒,20.222,,,CK,16,8,30,76,38,0,,,,,,,
622,12-09-15 上午09时20分00秒,26.989,,,614,12-09-15 上午09时00分00秒,19.817,,,CK,17,7,22,31,29,0,,,,,,,
623,12-09-15 上午09时40分00秒,27.136,,,615,12-09-15 上午09时20分00秒,22.321,,,CK,18,7.5,17.5,38,25,0,,,,,,,
624,12-09-15 上午10时00分00秒,27.136,,,616,12-09-15 上午09时40分00秒,23.232,,,CK,19,8,19,56,27,0,,,,,,,
625,12-09-15 上午10时20分00秒,30.142,,,617,12-09-15 上午10时00分00秒,22.968,,,CK,20,8,35,67,43,0,,,,,,,
626,12-09-15 上午10时40分00秒,30.293,,,618,12-09-15 上午10时20分00秒,24.146,,,CK,21,7.5,17.5,48,25,0,,,,,,,
627,12-09-15 上午11时00分00秒,29.991,,,619,12-09-15 上午10时40分00秒,24.002,,,CK,22,9.5,12.5,17,22,0,,,,,,,
628,12-09-15 上午11时20分00秒,33.261,,,620,12-09-15 上午11时00分00秒,24.146,,,CK,23,6.5,8,24,14.5,0,,,,,,,
629,12-09-15 上午11时40分00秒,32.872,,,621,12-09-15 上午11时20分00秒,26.036,,,CK,24,7.5,14.5,30,22,0,,,,,,,
630,12-09-15 下午12时00分00秒,33.079,,,622,12-09-15 上午11时40分00秒,25.914,,,CK,25,8,26,54,34,0,,,,,,,
631,12-09-15 下午12时20分00秒,35.075,,,623,12-09-15 下午12时00分00秒,25.866,,,CK,26,8.5,10,25,18.5,0,,,,,,,
632,12-09-15 下午12时40分00秒,35.128,,,624,12-09-15 下午12时20分00秒,26.573,,,CK,27,8.5,14.5,35,23,0,,,,,,,
633,12-09-15 下午01时00分00秒,35.128,,,625,12-09-15 下午12时40分00秒,26.867,,,CK,28,8,26.5,62,34.5,0,,,,,,,
634,12-09-15 下午01时20分00秒,35.395,,,626,12-09-15 下午01时00分00秒,26.989,,,CK,29,8,17,48,25,0,,,,,,,
635,12-09-15 下午01时40分00秒,35.636,,,627,12-09-15 下午01时20分00秒,27.358,,,CK,30,7,26,63,33,0,,,,,,,
636,12-09-15 下午02时00分00秒,35.689,,,628,12-09-15 下午01时40分00秒,27.481,,,CK,31,7,31,62,37.5,0,,,,,,,
637,12-09-15 下午02时20分00秒,35.716,,,629,12-09-15 下午02时00分00秒,27.431,,,CK,32,8,35,59,42.5,0,,,,,,,
638,12-09-15 下午02时40分00秒,35.636,,,630,12-09-15 下午02时20分00秒,27.751,,,CK,33,7.5,11.5,29,19,0,,,,,,,
639,12-09-15 下午02时51分32秒,Logged,,,631,12-09-15 下午02时40分00秒,28.196,,,CK,34,7.5,29.5,56,37,0,,,,,,,
640,12-09-15 下午02时56分46秒,Logged,,,632,12-09-15 下午03时00分00秒,28.023,,,CK,35,8,18.5,38,26.5,0,,,,,,,
641,12-09-15 下午03时00分00秒,32.51,,,633,12-09-15 下午03时05分23秒,Logged,,,CK,36,7,8,20,15,0,,,,,,,
642,12-09-15 下午03时20分00秒,34.44,,,634,12-09-15 下午03时05分24秒,Logged,,,CK,37,8.5,11,21,19.5,0,,,,,,,
643,12-09-15 下午03时26分37秒,Logged,,,635,12-09-15 下午03时06分37秒,Logged,,,CK,38,8,19,42,27,0,,,,,,,
644,12-09-15 下午03时27分59秒,Logged,,,636,12-09-15 下午03时20分00秒,27.899,,,CK,39,7.5,19.5,46,27,0,,,,,,,
645,12-09-15 下午03时40分00秒,34.019,,,637,12-09-15 下午03时40分00秒,28.097,,,CK,40,7.5,37.5,77,45,0,,,,,,,
646,12-09-15 下午04时00分00秒,34.15,,,638,12-09-15 下午04时00分00秒,27.924,,,CK,41,7.5,32.5,72,40,0,,,,,,,
647,12-09-15 下午04时20分00秒,32.872,,,639,12-09-15 下午04时20分00秒,27.308,,,CK,42,8,35,75,43,0,,,,,,,
648,12-09-15 下午04时40分00秒,32.355,,,640,12-09-15 下午04时40分00秒,27.284,,,,,,,,,,,,,,,,
649,12-09-15 下午05时00分00秒,32.355,,,641,12-09-15 下午05时00分00秒,27.431,,,,,,,,,,,,,,,,
650,12-09-15 下午05时20分00秒,31.204,,,642,12-09-15 下午05时20分00秒,27.112,,,,,,,,,,,,,,,,
651,12-09-15 下午05时40分00秒,30.672,,,643,12-09-15 下午05时40分00秒,26.793,,,,,,,,,,,,,,,,
652,12-09-15 下午06时00分00秒,30.722,,,644,12-09-15 下午06时00分00秒,26.867,,,,,,,,,,,,,,,,
653,12-09-15 下午06时20分00秒,28.916,,,645,12-09-15 下午06时20分00秒,26.402,,,,,,,,,,,,,,,,
654,12-09-15 下午06时40分00秒,28.667,,,646,12-09-15 下午06时40分00秒,26.256,,,,,,,,,,,,,,,,
655,12-09-15 下午07时00分00秒,28.593,,,647,12-09-15 下午07时00分00秒,26.256,,,,,,,,,,,,,,,,
656,12-09-15 下午07时20分00秒,27.21,,,648,12-09-15 下午07时20分00秒,25.404,,,,,,,,,,,,,,,,
657,12-09-15 下午07时40分00秒,27.259,,,649,12-09-15 下午07时40分00秒,25.065,,,,,,,,,,,,,,,,
658,12-09-15 下午08时00分00秒,27.186,,,650,12-09-15 下午08时00分00秒,25.186,,,,,,,,,,,,,,,,
659,12-09-15 下午08时20分00秒,25.695,,,651,12-09-15 下午08时20分00秒,24.363,,,,,,,,,,,,,,,,
660,12-09-15 下午08时40分00秒,25.574,,,652,12-09-15 下午08时40分00秒,24.05,,,,,,,,,,,,,,,,
661,12-09-15 下午09时00分00秒,25.598,,,653,12-09-15 下午09时00分00秒,24.243,,,,,,,,,,,,,,,,
662,12-09-15 下午09时20分00秒,24.074,,,654,12-09-15 下午09时20分00秒,23.016,,,,,,,,,,,,,,,,
663,12-09-15 下午09时40分00秒,24.098,,,655,12-09-15 下午09时40分00秒,22.896,,,,,,,,,,,,,,,,
664,12-09-15 下午10时00分00秒,24.146,,,656,12-09-15 下午10时00分00秒,22.824,,,,,,,,,,,,,,,,
665,12-09-15 下午10时20分00秒,22.92,,,657,12-09-15 下午10时20分00秒,20.936,,,,,,,,,,,,,,,,
666,12-09-15 下午10时40分00秒,22.848,,,658,12-09-15 下午10时40分00秒,20.698,,,,,,,,,,,,,,,,
667,12-09-15 下午11时00分00秒,22.992,,,659,12-09-15 下午11时00分00秒,20.531,,,,,,,,,,,,,,,,
668,12-09-15 下午11时20分00秒,21.843,,,660,12-09-15 下午11时20分00秒,19.603,,,,,,,,,,,,,,,,
669,12-09-15 下午11时40分00秒,21.795,,,661,12-09-15 下午11时40分00秒,19.746,,,,,,,,,,,,,,,,
670,12-09-16 上午12时00分00秒,21.795,,,662,12-09-16 上午12时00分00秒,19.77,,,,,,,,,,,,,,,,
671,12-09-16 上午12时20分00秒,20.841,,,663,12-09-16 上午12时20分00秒,18.033,,,,,,,,,,,,,,,,
672,12-09-16 上午12时40分00秒,20.65,,,664,12-09-16 上午12时40分00秒,17.629,,,,,,,,,,,,,,,,
673,12-09-16 上午01时00分00秒,20.531,,,665,12-09-16 上午01时00分00秒,17.51,,,,,,,,,,,,,,,,
674,12-09-16 上午01时20分00秒,20.579,,,666,12-09-16 上午01时20分00秒,16.058,,,,,,,,,,,,,,,,
675,12-09-16 上午01时40分00秒,20.031,,,667,12-09-16 上午01时40分00秒,15.724,,,,,,,,,,,,,,,,
676,12-09-16 上午02时00分00秒,20.222,,,668,12-09-16 上午02时00分00秒,15.939,,,,,,,,,,,,,,,,
677,12-09-16 上午02时20分00秒,19.555,,,669,12-09-16 上午02时20分00秒,14.433,,,,,,,,,,,,,,,,
678,12-09-16 上午02时40分00秒,19.722,,,670,12-09-16 上午02时40分00秒,14.218,,,,,,,,,,,,,,,,
679,12-09-16 上午03时00分00秒,20.15,,,671,12-09-16 上午03时00分00秒,14.505,,,,,,,,,,,,,,,,
680,12-09-16 上午03时20分00秒,19.365,,,672,12-09-16 上午03时20分00秒,13.305,,,,,,,,,,,,,,,,
681,12-09-16 上午03时40分00秒,19.056,,,673,12-09-16 上午03时40分00秒,13.497,,,,,,,,,,,,,,,,
682,12-09-16 上午04时00分00秒,19.389,,,674,12-09-16 上午04时00分00秒,13.281,,,,,,,,,,,,,,,,
683,12-09-16 上午04时20分00秒,19.936,,,675,12-09-16 上午04时20分00秒,13.497,,,,,,,,,,,,,,,,
684,12-09-16 上午04时40分00秒,19.341,,,676,12-09-16 上午04时40分00秒,13.594,,,,,,,,,,,,,,,,
685,12-09-16 上午05时00分00秒,19.912,,,677,12-09-16 上午05时00分00秒,13.978,,,,,,,,,,,,,,,,
686,12-09-16 上午05时20分00秒,20.103,,,678,12-09-16 上午05时20分00秒,15.581,,,,,,,,,,,,,,,,
687,12-09-16 上午05时40分00秒,20.46,,,679,12-09-16 上午05时40分00秒,15.366,,,,,,,,,,,,,,,,
688,12-09-16 上午06时00分00秒,20.222,,,680,12-09-16 上午06时00分00秒,15.509,,,,,,,,,,,,,,,,
689,12-09-16 上午06时20分00秒,21.915,,,681,12-09-16 上午06时20分00秒,16.749,,,,,,,,,,,,,,,,
690,12-09-16 上午06时40分00秒,22.226,,,682,12-09-16 上午06时40分00秒,16.582,,,,,,,,,,,,,,,,
691,12-09-16 上午07时00分00秒,21.963,,,683,12-09-16 上午07时00分00秒,16.606,,,,,,,,,,,,,,,,
692,12-09-16 上午07时20分00秒,23.112,,,684,12-09-16 上午07时20分00秒,18.818,,,,,,,,,,,,,,,,
693,12-09-16 上午07时40分00秒,23.16,,,685,12-09-16 上午07时40分00秒,19.032,,,,,,,,,,,,,,,,
694,12-09-16 上午07时52分02秒,Logged,,,686,12-09-16 上午07时55分53秒,Logged,,,,,,,,,,,,,,,,
695,12-09-16 上午07时52分08秒,Logged,,,687,12-09-16 上午07时55分54秒,Logged,,,,,,,,,,,,,,,,
696,12-09-16 上午07时52分26秒,Logged,,,688,12-09-16 上午07时57分22秒,Logged,,,,,,,,,,,,,,,,
697,12-09-16 上午07时52分58秒,Logged,,,689,12-09-16 上午08时00分00秒,20.603,,,,,,,,,,,,,,,,
698,12-09-16 上午07时55分09秒,Logged,,,690,12-09-16 上午08时20分00秒,20.484,,,,,,,,,,,,,,,,
699,12-09-16 上午08时00分00秒,24.243,,,691,12-09-16 上午08时40分00秒,20.055,,,,,,,,,,,,,,,,
700,12-09-16 上午08时20分00秒,24.871,,,692,12-09-16 上午09时00分00秒,19.77,,,,,,,,,,,,,,,,
701,12-09-16 上午08时40分00秒,24.919,,,693,12-09-16 上午09时20分00秒,22.441,,,,,,,,,,,,,,,,
702,12-09-16 上午09时00分00秒,24.677,,,694,12-09-16 上午09时40分00秒,22.465,,,,,,,,,,,,,,,,
703,12-09-16 上午09时20分00秒,27.014,,,695,12-09-16 上午10时00分00秒,22.705,,,,,,,,,,,,,,,,
704,12-09-16 上午09时40分00秒,26.842,,,696,12-09-16 上午10时20分00秒,24.871,,,,,,,,,,,,,,,,
705,12-09-16 上午10时00分00秒,26.793,,,697,12-09-16 上午10时40分00秒,24.75,,,,,,,,,,,,,,,,
706,12-09-16 上午10时20分00秒,30.066,,,698,12-09-16 上午11时00分00秒,24.436,,,,,,,,,,,,,,,,
707,12-09-16 上午10时40分00秒,29.916,,,699,12-09-16 上午11时20分00秒,26.475,,,,,,,,,,,,,,,,
708,12-09-16 上午11时00分00秒,30.041,,,700,12-09-16 上午11时40分00秒,26.158,,,,,,,,,,,,,,,,
709,12-09-16 上午11时20分00秒,32.691,,,701,12-09-16 下午12时00分00秒,26.036,,,,,,,,,,,,,,,,
710,12-09-16 上午11时40分00秒,32.51,,,702,12-09-16 下午12时20分00秒,27.259,,,,,,,,,,,,,,,,
711,12-09-16 下午12时00分00秒,32.536,,,703,12-09-16 下午12时40分00秒,27.136,,,,,,,,,,,,,,,,
712,12-09-16 下午12时20分00秒,34.36,,,704,12-09-16 下午01时00分00秒,26.965,,,,,,,,,,,,,,,,
713,12-09-16 下午12时40分00秒,34.255,,,705,12-09-16 下午01时20分00秒,27.776,,,,,,,,,,,,,,,,
714,12-09-16 下午01时00分00秒,34.387,,,706,12-09-16 下午01时40分00秒,27.751,,,,,,,,,,,,,,,,
715,12-09-16 下午01时20分00秒,34.545,,,707,12-09-16 下午02时00分00秒,27.604,,,,,,,,,,,,,,,,
716,12-09-16 下午01时40分00秒,34.651,,,708,12-09-16 下午02时20分00秒,27.974,,,,,,,,,,,,,,,,
717,12-09-16 下午02时00分00秒,34.783,,,709,12-09-16 下午02时40分00秒,28.245,,,,,,,,,,,,,,,,
718,12-09-16 下午02时20分00秒,34.916,,,710,12-09-16 下午03时00分00秒,27.949,,,,,,,,,,,,,,,,
719,12-09-16 下午02时40分00秒,35.049,,,711,12-09-16 下午03时20分00秒,28.196,,,,,,,,,,,,,,,,
720,12-09-16 下午03时00分00秒,35.075,,,712,12-09-16 下午03时40分00秒,28.245,,,,,,,,,,,,,,,,
721,12-09-16 下午03时20分00秒,34.124,,,713,12-09-16 下午04时00分00秒,28.023,,,,,,,,,,,,,,,,
722,12-09-16 下午03时40分00秒,33.704,,,714,12-09-16 下午04时20分00秒,27.751,,,,,,,,,,,,,,,,
723,12-09-16 下午04时00分00秒,33.783,,,715,12-09-16 下午04时40分00秒,27.677,,,,,,,,,,,,,,,,
724,12-09-16 下午04时20分00秒,32.768,,,716,12-09-16 下午05时00分00秒,27.481,,,,,,,,,,,,,,,,
725,12-09-16 下午04时40分00秒,32.51,,,717,12-09-16 下午05时20分00秒,27.014,,,,,,,,,,,,,,,,
726,12-09-16 下午05时00分00秒,32.407,,,718,12-09-16 下午05时40分00秒,27.014,,,,,,,,,,,,,,,,
727,12-09-16 下午05时20分00秒,31.103,,,719,12-09-16 下午06时00分00秒,27.063,,,,,,,,,,,,,,,,
728,12-09-16 下午05时40分00秒,30.798,,,720,12-09-16 下午06时20分00秒,26.573,,,,,,,,,,,,,,,,
729,12-09-16 下午06时00分00秒,30.773,,,721,12-09-16 下午06时40分00秒,26.475,,,,,,,,,,,,,,,,
730,12-09-16 下午06时20分00秒,29.14,,,722,12-09-16 下午07时00分00秒,26.304,,,,,,,,,,,,,,,,
731,12-09-16 下午06时40分00秒,28.717,,,723,12-09-16 下午07时20分00秒,25.283,,,,,,,,,,,,,,,,
732,12-09-16 下午07时00分00秒,28.543,,,724,12-09-16 下午07时40分00秒,25.234,,,,,,,,,,,,,,,,
733,12-09-16 下午07时20分00秒,27.063,,,725,12-09-16 下午08时00分00秒,25.113,,,,,,,,,,,,,,,,
734,12-09-16 下午07时40分00秒,27.308,,,726,12-09-16 下午08时20分00秒,24.339,,,,,,,,,,,,,,,,
735,12-09-16 下午08时00分00秒,27.21,,,727,12-09-16 下午08时40分00秒,24.05,,,,,,,,,,,,,,,,
736,12-09-16 下午08时20分00秒,25.89,,,728,12-09-16 下午09时00分00秒,24.388,,,,,,,,,,,,,,,,
737,12-09-16 下午08时40分00秒,25.695,,,729,12-09-16 下午09时20分00秒,22.944,,,,,,,,,,,,,,,,
738,12-09-16 下午09时00分00秒,25.623,,,730,12-09-16 下午09时40分00秒,23.136,,,,,,,,,,,,,,,,
739,12-09-16 下午09时20分00秒,24.315,,,731,12-09-16 下午10时00分00秒,22.609,,,,,,,,,,,,,,,,
740,12-09-16 下午09时40分00秒,24.002,,,732,12-09-16 下午10时20分00秒,20.436,,,,,,,,,,,,,,,,
741,12-09-16 下午10时00分00秒,23.905,,,733,12-09-16 下午10时40分00秒,20.031,,,,,,,,,,,,,,,,
742,12-09-16 下午10时20分00秒,22.8,,,734,12-09-16 下午11时00分00秒,20.412,,,,,,,,,,,,,,,,
743,12-09-16 下午10时40分00秒,22.753,,,735,12-09-16 下午11时20分00秒,19.389,,,,,,,,,,,,,,,,
744,12-09-16 下午11时00分00秒,22.729,,,736,12-09-16 下午11时40分00秒,19.365,,,,,,,,,,,,,,,,
745,12-09-16 下午11时20分00秒,21.843,,,737,12-09-17 上午12时00分00秒,19.08,,,,,,,,,,,,,,,,
746,12-09-16 下午11时40分00秒,21.628,,,738,12-09-17 上午12时20分00秒,17.272,,,,,,,,,,,,,,,,
747,12-09-17 上午12时00分00秒,21.437,,,739,12-09-17 上午12时40分00秒,17.796,,,,,,,,,,,,,,,,
748,12-09-17 上午12时20分00秒,20.65,,,740,12-09-17 上午01时00分00秒,17.011,,,,,,,,,,,,,,,,
749,12-09-17 上午12时40分00秒,20.555,,,741,12-09-17 上午01时20分00秒,15.127,,,,,,,,,,,,,,,,
750,12-09-17 上午01时00分00秒,20.722,,,742,12-09-17 上午01时40分00秒,15.772,,,,,,,,,,,,,,,,
751,12-09-17 上午01时20分00秒,20.65,,,743,12-09-17 上午02时00分00秒,15.461,,,,,,,,,,,,,,,,
752,12-09-17 上午01时40分00秒,19.984,,,744,12-09-17 上午02时20分00秒,13.618,,,,,,,,,,,,,,,,
753,12-09-17 上午02时00分00秒,20.365,,,745,12-09-17 上午02时40分00秒,14.625,,,,,,,,,,,,,,,,
754,12-09-17 上午02时20分00秒,20.46,,,746,12-09-17 上午03时00分00秒,13.954,,,,,,,,,,,,,,,,
755,12-09-17 上午02时40分00秒,19.603,,,747,12-09-17 上午03时20分00秒,12.992,,,,,,,,,,,,,,,,
756,12-09-17 上午03时00分00秒,19.936,,,748,12-09-17 上午03时40分00秒,13.305,,,,,,,,,,,,,,,,
757,12-09-17 上午03时20分00秒,19.603,,,749,12-09-17 上午04时00分00秒,12.823,,,,,,,,,,,,,,,,
758,12-09-17 上午03时40分00秒,19.127,,,750,12-09-17 上午04时20分00秒,12.968,,,,,,,,,,,,,,,,
759,12-09-17 上午04时00分00秒,19.222,,,751,12-09-17 上午04时40分00秒,13.786,,,,,,,,,,,,,,,,
760,12-09-17 上午04时20分00秒,19.674,,,752,12-09-17 上午05时00分00秒,13.353,,,,,,,,,,,,,,,,
761,12-09-17 上午04时40分00秒,20.174,,,753,12-09-17 上午05时20分00秒,15.461,,,,,,,,,,,,,,,,
762,12-09-17 上午05时00分00秒,19.579,,,754,12-09-17 上午05时40分00秒,15.199,,,,,,,,,,,,,,,,
763,12-09-17 上午05时20分00秒,20.222,,,755,12-09-17 上午06时00分00秒,15.079,,,,,,,,,,,,,,,,
764,12-09-17 上午05时40分00秒,20.698,,,756,12-09-17 上午06时20分00秒,16.677,,,,,,,,,,,,,,,,
765,12-09-17 上午06时00分00秒,20.65,,,757,12-09-17 上午06时40分00秒,16.201,,,,,,,,,,,,,,,,
766,12-09-17 上午06时20分00秒,21.939,,,758,12-09-17 上午07时00分00秒,16.177,,,,,,,,,,,,,,,,
767,12-09-17 上午06时40分00秒,22.011,,,759,12-09-17 上午07时20分00秒,18.961,,,,,,,,,,,,,,,,
768,12-09-17 上午07时00分00秒,22.202,,,760,12-09-17 上午07时40分00秒,19.318,,,,,,,,,,,,,,,,
769,12-09-17 上午07时20分00秒,22.896,,,761,12-09-17 上午07时50分58秒,Logged,,,,,,,,,,,,,,,,
770,12-09-17 上午07时40分00秒,23.256,,,762,12-09-17 上午07时50分59秒,Logged,,,,,,,,,,,,,,,,
771,12-09-17 上午07时49分46秒,Logged,,,763,12-09-17 上午07时51分39秒,Logged,,,,,,,,,,,,,,,,
772,12-09-17 上午07时49分47秒,Logged,,,764,12-09-17 上午08时00分00秒,18.699,,,,,,,,,,,,,,,,
773,12-09-17 上午07时50分20秒,Logged,,,765,12-09-17 上午08时20分00秒,20.46,,,,,,,,,,,,,,,,
774,12-09-17 上午08时00分00秒,23.521,,,766,12-09-17 上午08时40分00秒,20.555,,,,,,,,,,,,,,,,
775,12-09-17 上午08时20分00秒,24.605,,,767,12-09-17 上午09时00分00秒,20.507,,,,,,,,,,,,,,,,
776,12-09-17 上午08时40分00秒,24.823,,,768,12-09-17 上午09时20分00秒,22.513,,,,,,,,,,,,,,,,
777,12-09-17 上午09时00分00秒,24.968,,,769,12-09-17 上午09时40分00秒,22.513,,,,,,,,,,,,,,,,
778,12-09-17 上午09时20分00秒,26.818,,,770,12-09-17 上午10时00分00秒,22.705,,,,,,,,,,,,,,,,
779,12-09-17 上午09时40分00秒,26.769,,,771,12-09-17 上午10时20分00秒,24.726,,,,,,,,,,,,,,,,
780,12-09-17 上午10时00分00秒,26.769,,,772,12-09-17 上午10时40分00秒,24.823,,,,,,,,,,,,,,,,
781,12-09-17 上午10时20分00秒,29.84,,,773,12-09-17 上午11时00分00秒,24.871,,,,,,,,,,,,,,,,
782,12-09-17 上午10时40分00秒,29.59,,,774,12-09-17 上午11时20分00秒,26.304,,,,,,,,,,,,,,,,
783,12-09-17 上午11时00分00秒,29.916,,,775,12-09-17 上午11时40分00秒,26.426,,,,,,,,,,,,,,,,
784,12-09-17 上午11时20分00秒,32.278,,,776,12-09-17 下午12时00分00秒,26.304,,,,,,,,,,,,,,,,
785,12-09-17 上午11时40分00秒,32.562,,,777,12-09-17 下午12时20分00秒,27.087,,,,,,,,,,,,,,,,
786,12-09-17 下午12时00分00秒,32.33,,,778,12-09-17 下午12时40分00秒,27.063,,,,,,,,,,,,,,,,
787,12-09-17 下午12时20分00秒,34.097,,,779,12-09-17 下午01时00分00秒,27.063,,,,,,,,,,,,,,,,
788,12-09-17 下午12时40分00秒,33.914,,,780,12-09-17 下午01时20分00秒,27.899,,,,,,,,,,,,,,,,
789,12-09-17 下午01时00分00秒,33.966,,,781,12-09-17 下午01时40分00秒,27.924,,,,,,,,,,,,,,,,
790,12-09-17 下午01时20分00秒,34.704,,,782,12-09-17 下午02时00分00秒,27.924,,,,,,,,,,,,,,,,
791,12-09-17 下午01时40分00秒,34.572,,,783,12-09-17 下午02时20分00秒,28.394,,,,,,,,,,,,,,,,
792,12-09-17 下午02时00分00秒,34.572,,,784,12-09-17 下午02时40分00秒,28.245,,,,,,,,,,,,,,,,
793,12-09-17 下午02时20分00秒,34.651,,,785,12-09-17 下午03时00分00秒,28.295,,,,,,,,,,,,,,,,
794,12-09-17 下午02时40分00秒,34.73,,,786,12-09-17 下午03时20分00秒,28.245,,,,,,,,,,,,,,,,
795,12-09-17 下午03时00分00秒,34.836,,,787,12-09-17 下午03时40分00秒,28.295,,,,,,,,,,,,,,,,
796,12-09-17 下午03时20分00秒,34.019,,,788,12-09-17 下午04时00分00秒,28.32,,,,,,,,,,,,,,,,
797,12-09-17 下午03时40分00秒,33.783,,,789,12-09-17 下午04时20分00秒,27.751,,,,,,,,,,,,,,,,
798,12-09-17 下午04时00分00秒,33.521,,,790,12-09-17 下午04时40分00秒,27.776,,,,,,,,,,,,,,,,
799,12-09-17 下午04时20分00秒,32.562,,,791,12-09-17 下午05时00分00秒,27.85,,,,,,,,,,,,,,,,
800,12-09-17 下午04时40分00秒,32.15,,,792,12-09-17 下午05时20分00秒,27.112,,,,,,,,,,,,,,,,
801,12-09-17 下午05时00分00秒,32.073,,,793,12-09-17 下午05时40分00秒,27.186,,,,,,,,,,,,,,,,
802,12-09-17 下午05时20分00秒,31.103,,,794,12-09-17 下午06时00分00秒,27.038,,,,,,,,,,,,,,,,
803,12-09-17 下午05时40分00秒,30.52,,,795,12-09-17 下午06时20分00秒,26.646,,,,,,,,,,,,,,,,
804,12-09-17 下午06时00分00秒,30.697,,,796,12-09-17 下午06时40分00秒,26.524,,,,,,,,,,,,,,,,
805,12-09-17 下午06时20分00秒,28.766,,,797,12-09-17 下午07时00分00秒,26.622,,,,,,,,,,,,,,,,
806,12-09-17 下午06时40分00秒,28.642,,,798,12-09-17 下午07时20分00秒,25.453,,,,,,,,,,,,,,,,
807,12-09-17 下午07时00分00秒,28.617,,,799,12-09-17 下午07时40分00秒,25.55,,,,,,,,,,,,,,,,
808,12-09-17 下午07时20分00秒,27.063,,,800,12-09-17 下午08时00分00秒,25.38,,,,,,,,,,,,,,,,
809,12-09-17 下午07时40分00秒,26.965,,,801,12-09-17 下午08时20分00秒,24.315,,,,,,,,,,,,,,,,
810,12-09-17 下午08时00分00秒,26.94,,,802,12-09-17 下午08时40分00秒,24.098,,,,,,,,,,,,,,,,
811,12-09-17 下午08时20分00秒,25.671,,,803,12-09-17 下午09时00分00秒,24.315,,,,,,,,,,,,,,,,
812,12-09-17 下午08时40分00秒,25.574,,,804,12-09-17 下午09时20分00秒,22.609,,,,,,,,,,,,,,,,
813,12-09-17 下午09时00分00秒,25.453,,,805,12-09-17 下午09时40分00秒,22.896,,,,,,,,,,,,,,,,
814,12-09-17 下午09时20分00秒,24.363,,,806,12-09-17 下午10时00分00秒,22.848,,,,,,,,,,,,,,,,
815,12-09-17 下午09时40分00秒,24.074,,,807,12-09-17 下午10时20分00秒,20.793,,,,,,,,,,,,,,,,
816,12-09-17 下午10时00分00秒,24.002,,,808,12-09-17 下午10时40分00秒,20.603,,,,,,,,,,,,,,,,
817,12-09-17 下午10时20分00秒,22.992,,,809,12-09-17 下午11时00分00秒,20.46,,,,,,,,,,,,,,,,
818,12-09-17 下午10时40分00秒,22.944,,,810,12-09-17 下午11时20分00秒,19.627,,,,,,,,,,,,,,,,
819,12-09-17 下午11时00分00秒,22.968,,,811,12-09-17 下午11时40分00秒,19.389,,,,,,,,,,,,,,,,
820,12-09-17 下午11时20分00秒,21.891,,,812,12-09-18 上午12时00分00秒,19.627,,,,,,,,,,,,,,,,
821,12-09-17 下午11时40分00秒,21.676,,,813,12-09-18 上午12时20分00秒,17.724,,,,,,,,,,,,,,,,
822,12-09-18 上午12时00分00秒,21.652,,,814,12-09-18 上午12时40分00秒,17.558,,,,,,,,,,,,,,,,
823,12-09-18 上午12时20分00秒,21.103,,,815,12-09-18 上午01时00分00秒,18.01,,,,,,,,,,,,,,,,
824,12-09-18 上午12时40分00秒,20.817,,,816,12-09-18 上午01时20分00秒,15.867,,,,,,,,,,,,,,,,
825,12-09-18 上午01时00分00秒,20.77,,,817,12-09-18 上午01时40分00秒,15.414,,,,,,,,,,,,,,,,
826,12-09-18 上午01时20分00秒,20.293,,,818,12-09-18 上午02时00分00秒,16.225,,,,,,,,,,,,,,,,
827,12-09-18 上午01时40分00秒,20.293,,,819,12-09-18 上午02时20分00秒,14.218,,,,,,,,,,,,,,,,
828,12-09-18 上午02时00分00秒,20.246,,,820,12-09-18 上午02时40分00秒,14.361,,,,,,,,,,,,,,,,
829,12-09-18 上午02时20分00秒,20.079,,,821,12-09-18 上午03时00分00秒,14.218,,,,,,,,,,,,,,,,
830,12-09-18 上午02时40分00秒,20.412,,,822,12-09-18 上午03时20分00秒,13.04,,,,,,,,,,,,,,,,
831,12-09-18 上午03时00分00秒,20.007,,,823,12-09-18 上午03时40分00秒,12.92,,,,,,,,,,,,,,,,
832,12-09-18 上午03时20分00秒,19.793,,,824,12-09-18 上午04时00分00秒,12.968,,,,,,,,,,,,,,,,
833,12-09-18 上午03时40分00秒,19.77,,,825,12-09-18 上午04时20分00秒,13.906,,,,,,,,,,,,,,,,
834,12-09-18 上午04时00分00秒,19.841,,,826,12-09-18 上午04时40分00秒,13.93,,,,,,,,,,,,,,,,
835,12-09-18 上午04时20分00秒,20.531,,,827,12-09-18 上午05时00分00秒,13.69,,,,,,,,,,,,,,,,
836,12-09-18 上午04时40分00秒,20.507,,,828,12-09-18 上午05时20分00秒,15.294,,,,,,,,,,,,,,,,
837,12-09-18 上午05时00分00秒,20.746,,,829,12-09-18 上午05时40分00秒,16.082,,,,,,,,,,,,,,,,
838,12-09-18 上午05时20分00秒,20.746,,,830,12-09-18 上午06时00分00秒,15.223,,,,,,,,,,,,,,,,
839,12-09-18 上午05时40分00秒,20.603,,,831,12-09-18 上午06时20分00秒,17.391,,,,,,,,,,,,,,,,
840,12-09-18 上午06时00分00秒,20.65,,,832,12-09-18 上午06时40分00秒,17.034,,,,,,,,,,,,,,,,
841,12-09-18 上午06时20分00秒,21.939,,,833,12-09-18 上午07时00分00秒,16.796,,,,,,,,,,,,,,,,
842,12-09-18 上午06时40分00秒,22.082,,,834,12-09-18 上午07时20分00秒,19.341,,,,,,,,,,,,,,,,
843,12-09-18 上午07时00分00秒,22.25,,,835,12-09-18 上午07时40分00秒,18.961,,,,,,,,,,,,,,,,
844,12-09-18 上午07时20分00秒,23.016,,,836,12-09-18 上午08时00分00秒,18.985,,,,,,,,,,,,,,,,
845,12-09-18 上午07时40分00秒,23.16,,,837,12-09-18 上午08时04分41秒,Logged,,,,,,,,,,,,,,,,
846,12-09-18 上午08时00分00秒,23.352,,,838,12-09-18 上午08时05分46秒,Logged,,,,,,,,,,,,,,,,
847,12-09-18 上午08时02分21秒,Logged,,,839,12-09-18 上午08时20分00秒,20.174,,,,,,,,,,,,,,,,
848,12-09-18 上午08时04分01秒,Logged,,,840,12-09-18 上午08时40分00秒,20.507,,,,,,,,,,,,,,,,
849,12-09-18 上午08时20分00秒,24.968,,,841,12-09-18 上午09时00分00秒,20.698,,,,,,,,,,,,,,,,
850,12-09-18 上午08时40分00秒,24.823,,,842,12-09-18 上午09时20分00秒,22.585,,,,,,,,,,,,,,,,
851,12-09-18 上午09时00分00秒,24.726,,,843,12-09-18 上午09时40分00秒,22.321,,,,,,,,,,,,,,,,
852,12-09-18 上午09时20分00秒,26.891,,,844,12-09-18 上午10时00分00秒,22.848,,,,,,,,,,,,,,,,
853,12-09-18 上午09时40分00秒,27.333,,,845,12-09-18 上午10时20分00秒,24.944,,,,,,,,,,,,,,,,
854,12-09-18 上午10时00分00秒,27.161,,,846,12-09-18 上午10时40分00秒,24.871,,,,,,,,,,,,,,,,
855,12-09-18 上午10时20分00秒,30.394,,,847,12-09-18 上午11时00分00秒,24.871,,,,,,,,,,,,,,,,
856,12-09-18 上午10时40分00秒,30.52,,,848,12-09-18 上午11时20分00秒,26.524,,,,,,,,,,,,,,,,
857,12-09-18 上午11时00分00秒,30.394,,,849,12-09-18 上午11时40分00秒,26.378,,,,,,,,,,,,,,,,
858,12-09-18 上午11时20分00秒,33.079,,,850,12-09-18 下午12时00分00秒,26.451,,,,,,,,,,,,,,,,
859,12-09-18 上午11时40分00秒,32.975,,,851,12-09-18 下午12时20分00秒,27.161,,,,,,,,,,,,,,,,
860,12-09-18 下午12时00分00秒,33.105,,,852,12-09-18 下午12时40分00秒,27.21,,,,,,,,,,,,,,,,
861,12-09-18 下午12时20分00秒,34.836,,,853,12-09-18 下午01时00分00秒,27.333,,,,,,,,,,,,,,,,
862,12-09-18 下午12时40分00秒,34.229,,,854,12-09-18 下午01时20分00秒,27.949,,,,,,,,,,,,,,,,
863,12-09-18 下午01时00分00秒,34.783,,,855,12-09-18 下午01时40分00秒,28.023,,,,,,,,,,,,,,,,
864,12-09-18 下午01时20分00秒,35.288,,,856,12-09-18 下午02时00分00秒,27.899,,,,,,,,,,,,,,,,
865,12-09-18 下午01时40分00秒,34.783,,,857,12-09-18 下午02时20分00秒,28.369,,,,,,,,,,,,,,,,
866,12-09-18 下午02时00分00秒,34.598,,,858,12-09-18 下午02时40分00秒,28.345,,,,,,,,,,,,,,,,
867,12-09-18 下午02时20分00秒,34.545,,,859,12-09-18 下午03时00分00秒,28.245,,,,,,,,,,,,,,,,
868,12-09-18 下午02时40分00秒,34.624,,,860,12-09-18 下午03时20分00秒,28.394,,,,,,,,,,,,,,,,
869,12-09-18 下午03时00分00秒,34.73,,,861,12-09-18 下午03时40分00秒,28.345,,,,,,,,,,,,,,,,
870,12-09-18 下午03时20分00秒,34.308,,,862,12-09-18 下午04时00分00秒,28.295,,,,,,,,,,,,,,,,
871,12-09-18 下午03时40分00秒,34.097,,,863,12-09-18 下午04时20分00秒,27.727,,,,,,,,,,,,,,,,
872,12-09-18 下午04时00分00秒,34.176,,,864,12-09-18 下午04时40分00秒,27.702,,,,,,,,,,,,,,,,
873,12-09-18 下午04时20分00秒,33.105,,,865,12-09-18 下午05时00分00秒,27.751,,,,,,,,,,,,,,,,
874,12-09-18 下午04时40分00秒,32.665,,,866,12-09-18 下午05时20分00秒,27.21,,,,,,,,,,,,,,,,
875,12-09-18 下午05时00分00秒,32.613,,,867,12-09-18 下午05时40分00秒,27.112,,,,,,,,,,,,,,,,
876,12-09-18 下午05时20分00秒,31.255,,,868,12-09-18 下午06时00分00秒,27.235,,,,,,,,,,,,,,,,
877,12-09-18 下午05时40分00秒,30.824,,,869,12-09-18 下午06时20分00秒,26.475,,,,,,,,,,,,,,,,
878,12-09-18 下午06时00分00秒,30.646,,,870,12-09-18 下午06时40分00秒,26.622,,,,,,,,,,,,,,,,
879,12-09-18 下午06时20分00秒,28.965,,,871,12-09-18 下午07时00分00秒,26.378,,,,,,,,,,,,,,,,
880,12-09-18 下午06时40分00秒,28.717,,,872,12-09-18 下午07时20分00秒,25.525,,,,,,,,,,,,,,,,
881,12-09-18 下午07时00分00秒,28.742,,,873,12-09-18 下午07时40分00秒,25.258,,,,,,,,,,,,,,,,
882,12-09-18 下午07时20分00秒,27.161,,,874,12-09-18 下午08时00分00秒,25.525,,,,,,,,,,,,,,,,
883,12-09-18 下午07时40分00秒,27.161,,,875,12-09-18 下午08时20分00秒,24.243,,,,,,,,,,,,,,,,
884,12-09-18 下午08时00分00秒,27.112,,,876,12-09-18 下午08时40分00秒,24.629,,,,,,,,,,,,,,,,
885,12-09-18 下午08时20分00秒,25.695,,,877,12-09-18 下午09时00分00秒,24.46,,,,,,,,,,,,,,,,
886,12-09-18 下午08时40分00秒,25.647,,,878,12-09-18 下午09时20分00秒,23.136,,,,,,,,,,,,,,,,
887,12-09-18 下午09时00分00秒,25.598,,,879,12-09-18 下午09时40分00秒,22.753,,,,,,,,,,,,,,,,
888,12-09-18 下午09时20分00秒,24.267,,,880,12-09-18 下午10时00分00秒,22.633,,,,,,,,,,,,,,,,
889,12-09-18 下午09时40分00秒,24.026,,,881,12-09-18 下午10时20分00秒,20.77,,,,,,,,,,,,,,,,
890,12-09-18 下午10时00分00秒,23.954,,,882,12-09-18 下午10时40分00秒,20.65,,,,,,,,,,,,,,,,
891,12-09-18 下午10时20分00秒,23.016,,,883,12-09-18 下午11时00分00秒,20.46,,,,,,,,,,,,,,,,
892,12-09-18 下午10时40分00秒,22.729,,,884,12-09-18 下午11时20分00秒,19.508,,,,,,,,,,,,,,,,
893,12-09-18 下午11时00分00秒,22.776,,,885,12-09-18 下午11时40分00秒,19.413,,,,,,,,,,,,,,,,
894,12-09-18 下午11时20分00秒,21.891,,,886,12-09-19 上午12时00分00秒,19.294,,,,,,,,,,,,,,,,
895,12-09-18 下午11时40分00秒,21.843,,,887,12-09-19 上午12时20分00秒,17.558,,,,,,,,,,,,,,,,
896,12-09-19 上午12时00分00秒,21.676,,,888,12-09-19 上午12时40分00秒,17.582,,,,,,,,,,,,,,,,
897,12-09-19 上午12时20分00秒,20.96,,,889,12-09-19 上午01时00分00秒,17.986,,,,,,,,,,,,,,,,
898,12-09-19 上午12时40分00秒,20.746,,,890,12-09-19 上午01时20分00秒,15.629,,,,,,,,,,,,,,,,
899,12-09-19 上午01时00分00秒,20.77,,,891,12-09-19 上午01时40分00秒,15.748,,,,,,,,,,,,,,,,
900,12-09-19 上午01时20分00秒,20.317,,,892,12-09-19 上午02时00分00秒,15.891,,,,,,,,,,,,,,,,
901,12-09-19 上午01时40分00秒,20.174,,,893,12-09-19 上午02时20分00秒,14.026,,,,,,,,,,,,,,,,
902,12-09-19 上午02时00分00秒,20.174,,,894,12-09-19 上午02时40分00秒,14.888,,,,,,,,,,,,,,,,
903,12-09-19 上午02时20分00秒,19.865,,,895,12-09-19 上午03时00分00秒,14.146,,,,,,,,,,,,,,,,
904,12-09-19 上午02时40分00秒,19.817,,,896,12-09-19 上午03时20分00秒,13.497,,,,,,,,,,,,,,,,
905,12-09-19 上午03时00分00秒,19.841,,,897,12-09-19 上午03时40分00秒,13.185,,,,,,,,,,,,,,,,
906,12-09-19 上午03时20分00秒,19.698,,,898,12-09-19 上午04时00分00秒,13.257,,,,,,,,,,,,,,,,
907,12-09-19 上午03时40分00秒,19.817,,,899,12-09-19 上午04时20分00秒,13.522,,,,,,,,,,,,,,,,
908,12-09-19 上午04时00分00秒,19.888,,,900,12-09-19 上午04时40分00秒,14.17,,,,,,,,,,,,,,,,
909,12-09-19 上午04时20分00秒,20.031,,,901,12-09-19 上午05时00分00秒,13.858,,,,,,,,,,,,,,,,
910,12-09-19 上午04时40分00秒,20.507,,,902,12-09-19 上午05时20分00秒,15.39,,,,,,,,,,,,,,,,
911,12-09-19 上午05时00分00秒,20.317,,,903,12-09-19 上午05时40分00秒,15.605,,,,,,,,,,,,,,,,
912,12-09-19 上午05时20分00秒,20.65,,,904,12-09-19 上午06时00分00秒,15.438,,,,,,,,,,,,,,,,
913,12-09-19 上午05时40分00秒,20.674,,,905,12-09-19 上午06时20分00秒,17.058,,,,,,,,,,,,,,,,
914,12-09-19 上午06时00分00秒,20.865,,,906,12-09-19 上午06时40分00秒,16.868,,,,,,,,,,,,,,,,
915,12-09-19 上午06时20分00秒,22.011,,,907,12-09-19 上午07时00分00秒,16.915,,,,,,,,,,,,,,,,
916,12-09-19 上午06时40分00秒,22.321,,,908,12-09-19 上午07时20分00秒,19.199,,,,,,,,,,,,,,,,
917,12-09-19 上午07时00分00秒,22.25,,,909,12-09-19 上午07时40分00秒,18.794,,,,,,,,,,,,,,,,
918,12-09-19 上午07时20分00秒,23.04,,,910,12-09-19 上午08时00分00秒,18.58,,,,,,,,,,,,,,,,
919,12-09-19 上午07时40分00秒,23.064,,,911,12-09-19 上午08时20分00秒,20.793,,,,,,,,,,,,,,,,
920,12-09-19 上午08时00分00秒,23.256,,,912,12-09-19 上午08时40分00秒,20.412,,,,,,,,,,,,,,,,
921,12-09-19 上午08时20分00秒,24.532,,,913,12-09-19 上午09时00分00秒,20.246,,,,,,,,,,,,,,,,
922,12-09-19 上午08时40分00秒,24.823,,,914,12-09-19 上午09时20分00秒,23.136,,,,,,,,,,,,,,,,
923,12-09-19 上午09时00分00秒,24.774,,,915,12-09-19 上午09时40分00秒,22.633,,,,,,,,,,,,,,,,
924,12-09-19 上午09时20分00秒,26.965,,,916,12-09-19 上午10时00分00秒,22.417,,,,,,,,,,,,,,,,
925,12-09-19 上午09时40分00秒,26.891,,,917,12-09-19 上午10时20分00秒,24.774,,,,,,,,,,,,,,,,
926,12-09-19 上午10时00分00秒,27.014,,,918,12-09-19 上午10时40分00秒,24.557,,,,,,,,,,,,,,,,
927,12-09-19 上午10时20分00秒,30.268,,,919,12-09-19 上午11时00分00秒,24.919,,,,,,,,,,,,,,,,
928,12-09-19 上午10时40分00秒,30.217,,,920,12-09-19 上午11时20分00秒,26.549,,,,,,,,,,,,,,,,
929,12-09-19 上午11时00分00秒,30.192,,,921,12-09-19 上午11时40分00秒,26.353,,,,,,,,,,,,,,,,
930,12-09-19 上午11时20分00秒,33.001,,,922,12-09-19 下午12时00分00秒,26.573,,,,,,,,,,,,,,,,
931,12-09-19 上午11时40分00秒,32.742,,,923,12-09-19 下午12时20分00秒,27.161,,,,,,,,,,,,,,,,
932,12-09-19 下午12时00分00秒,32.846,,,924,12-09-19 下午12时40分00秒,27.186,,,,,,,,,,,,,,,,
933,12-09-19 下午12时20分00秒,34.677,,,925,12-09-19 下午01时00分00秒,27.333,,,,,,,,,,,,,,,,
934,12-09-19 下午12时40分00秒,34.019,,,926,12-09-19 下午01时20分00秒,27.85,,,,,,,,,,,,,,,,
935,12-09-19 下午01时00分00秒,33.835,,,927,12-09-19 下午01时40分00秒,27.949,,,,,,,,,,,,,,,,
936,12-09-19 下午01时20分00秒,35.262,,,928,12-09-19 下午02时00分00秒,27.998,,,,,,,,,,,,,,,,
937,12-09-19 下午01时40分00秒,34.73,,,929,12-09-19 下午02时20分00秒,28.245,,,,,,,,,,,,,,,,
938,12-09-19 下午02时00分00秒,34.677,,,930,12-09-19 下午02时40分00秒,28.295,,,,,,,,,,,,,,,,
939,12-09-19 下午02时20分00秒,34.757,,,931,12-09-19 下午03时00分00秒,28.345,,,,,,,,,,,,,,,,
940,12-09-19 下午02时40分00秒,34.863,,,932,12-09-19 下午03时20分00秒,28.891,,,,,,,,,,,,,,,,
941,12-09-19 下午03时00分00秒,34.995,,,933,12-09-19 下午03时40分00秒,28.468,,,,,,,,,,,,,,,,
942,12-09-19 下午03时20分00秒,34.229,,,934,12-09-19 下午04时00分00秒,28.543,,,,,,,,,,,,,,,,
943,12-09-19 下午03时40分00秒,33.914,,,935,12-09-19 下午04时20分00秒,27.801,,,,,,,,,,,,,,,,
944,12-09-19 下午04时00分00秒,33.94,,,936,12-09-19 下午04时40分00秒,27.801,,,,,,,,,,,,,,,,
945,12-09-19 下午04时20分00秒,33.001,,,937,12-09-19 下午05时00分00秒,27.751,,,,,,,,,,,,,,,,
946,12-09-19 下午04时40分00秒,32.458,,,938,12-09-19 下午05时20分00秒,27.186,,,,,,,,,,,,,,,,
947,12-09-19 下午05时00分00秒,32.381,,,939,12-09-19 下午05时40分00秒,27.161,,,,,,,,,,,,,,,,
948,12-09-19 下午05时20分00秒,31.281,,,940,12-09-19 下午06时00分00秒,27.259,,,,,,,,,,,,,,,,
949,12-09-19 下午05时40分00秒,30.798,,,941,12-09-19 下午06时20分00秒,26.524,,,,,,,,,,,,,,,,
950,12-09-19 下午06时00分00秒,30.646,,,942,12-09-19 下午06时40分00秒,26.573,,,,,,,,,,,,,,,,
951,12-09-19 下午06时20分00秒,28.866,,,943,12-09-19 下午07时00分00秒,26.475,,,,,,,,,,,,,,,,
952,12-09-19 下午06时40分00秒,28.766,,,944,12-09-19 下午07时20分00秒,25.477,,,,,,,,,,,,,,,,
953,12-09-19 下午07时00分00秒,28.766,,,945,12-09-19 下午07时40分00秒,25.38,,,,,,,,,,,,,,,,
954,12-09-19 下午07时20分00秒,27.087,,,946,12-09-19 下午08时00分00秒,25.355,,,,,,,,,,,,,,,,
955,12-09-19 下午07时40分00秒,27.063,,,947,12-09-19 下午08时20分00秒,24.195,,,,,,,,,,,,,,,,
956,12-09-19 下午08时00分00秒,26.989,,,948,12-09-19 下午08时40分00秒,24.532,,,,,,,,,,,,,,,,
957,12-09-19 下午08时20分00秒,25.817,,,949,12-09-19 下午09时00分00秒,24.46,,,,,,,,,,,,,,,,
958,12-09-19 下午08时40分00秒,25.72,,,950,12-09-19 下午09时20分00秒,23.136,,,,,,,,,,,,,,,,
959,12-09-19 下午09时00分00秒,25.695,,,951,12-09-19 下午09时40分00秒,23.184,,,,,,,,,,,,,,,,
960,12-09-19 下午09时20分00秒,24.219,,,952,12-09-19 下午09时40分27秒,,,,,,,,,,,,,,,,,
961,12-09-19 下午09时40分00秒,23.905,,,953,12-09-19 下午09时41分33秒,,,,,,,,,,,,,,,,,
962,12-09-19 下午09时42分07秒,Logged,,,954,12-09-19 下午10时00分00秒,22.824,,,,,,,,,,,,,,,,
963,12-09-19 下午09时42分47秒,Logged,,,955,12-09-19 下午10时20分00秒,20.841,,,,,,,,,,,,,,,,
964,12-09-19 下午10时00分00秒,23.521,,,956,12-09-19 下午10时40分00秒,20.436,,,,,,,,,,,,,,,,
965,12-09-19 下午10时20分00秒,22.729,,,957,12-09-19 下午11时00分00秒,20.317,,,,,,,,,,,,,,,,
966,12-09-19 下午10时40分00秒,22.824,,,958,12-09-19 下午11时20分00秒,19.603,,,,,,,,,,,,,,,,
967,12-09-19 下午11时00分00秒,22.369,,,959,12-09-19 下午11时40分00秒,19.294,,,,,,,,,,,,,,,,
968,12-09-19 下午11时20分00秒,21.724,,,960,12-09-20 上午12时00分00秒,19.246,,,,,,,,,,,,,,,,
969,12-09-19 下午11时40分00秒,21.628,,,961,12-09-20 上午12时20分00秒,17.843,,,,,,,,,,,,,,,,
970,12-09-20 上午12时00分00秒,21.819,,,962,12-09-20 上午12时40分00秒,17.534,,,,,,,,,,,,,,,,
971,12-09-20 上午12时20分00秒,20.698,,,963,12-09-20 上午01时00分00秒,18.033,,,,,,,,,,,,,,,,
972,12-09-20 上午12时40分00秒,20.746,,,964,12-09-20 上午01时20分00秒,16.225,,,,,,,,,,,,,,,,
973,12-09-20 上午01时00分00秒,21.056,,,965,12-09-20 上午01时40分00秒,15.796,,,,,,,,,,,,,,,,
974,12-09-20 上午01时20分00秒,20.555,,,966,12-09-20 上午02时00分00秒,16.01,,,,,,,,,,,,,,,,
975,12-09-20 上午01时40分00秒,20.293,,,967,12-09-20 上午02时20分00秒,14.194,,,,,,,,,,,,,,,,
976,12-09-20 上午02时00分00秒,20.222,,,968,12-09-20 上午02时40分00秒,15.008,,,,,,,,,,,,,,,,
977,12-09-20 上午02时20分00秒,19.77,,,969,12-09-20 上午03时00分00秒,14.218,,,,,,,,,,,,,,,,
978,12-09-20 上午02时40分00秒,19.77,,,970,12-09-20 上午03时20分00秒,13.112,,,,,,,,,,,,,,,,
979,12-09-20 上午03时00分00秒,19.841,,,971,12-09-20 上午03时40分00秒,13.978,,,,,,,,,,,,,,,,
980,12-09-20 上午03时20分00秒,19.508,,,972,12-09-20 上午04时00分00秒,13.329,,,,,,,,,,,,,,,,
981,12-09-20 上午03时40分00秒,19.318,,,973,12-09-20 上午04时20分00秒,13.497,,,,,,,,,,,,,,,,
982,12-09-20 上午04时00分00秒,19.27,,,974,12-09-20 上午04时40分00秒,14.026,,,,,,,,,,,,,,,,
983,12-09-20 上午04时20分00秒,19.888,,,975,12-09-20 上午05时00分00秒,13.546,,,,,,,,,,,,,,,,
984,12-09-20 上午04时40分00秒,20.174,,,976,12-09-20 上午05时20分00秒,15.533,,,,,,,,,,,,,,,,
985,12-09-20 上午05时00分00秒,20.555,,,977,12-09-20 上午05时40分00秒,15.366,,,,,,,,,,,,,,,,
986,12-09-20 上午05时20分00秒,20.341,,,978,12-09-20 上午06时00分00秒,15.557,,,,,,,,,,,,,,,,
987,12-09-20 上午05时40分00秒,20.317,,,979,12-09-20 上午06时20分00秒,16.939,,,,,,,,,,,,,,,,
988,12-09-20 上午06时00分00秒,20.269,,,980,12-09-20 上午06时40分00秒,16.463,,,,,,,,,,,,,,,,
989,12-09-20 上午06时20分00秒,22.011,,,981,12-09-20 上午07时00分00秒,16.987,,,,,,,,,,,,,,,,
990,12-09-20 上午06时40分00秒,22.034,,,982,12-09-20 上午07时20分00秒,18.366,,,,,,,,,,,,,,,,
991,12-09-20 上午07时00分00秒,21.772,,,983,12-09-20 上午07时40分00秒,18.985,,,,,,,,,,,,,,,,
992,12-09-20 上午07时20分00秒,22.848,,,984,12-09-20 上午08时00分00秒,18.58,,,,,,,,,,,,,,,,
993,12-09-20 上午07时40分00秒,22.968,,,985,12-09-20 上午08时20分00秒,20.269,,,,,,,,,,,,,,,,
994,12-09-20 上午08时00分00秒,22.968,,,986,12-09-20 上午08时40分00秒,20.126,,,,,,,,,,,,,,,,
995,12-09-20 上午08时20分00秒,24.774,,,987,12-09-20 上午09时00分00秒,20.031,,,,,,,,,,,,,,,,
996,12-09-20 上午08时40分00秒,24.581,,,988,12-09-20 上午09时20分00秒,22.992,,,,,,,,,,,,,,,,
997,12-09-20 上午09时00分00秒,24.605,,,989,12-09-20 上午09时40分00秒,22.633,,,,,,,,,,,,,,,,
998,12-09-20 上午09时20分00秒,26.769,,,990,12-09-20 上午10时00分00秒,22.609,,,,,,,,,,,,,,,,
999,12-09-20 上午09时40分00秒,26.769,,,991,12-09-20 上午10时20分00秒,24.992,,,,,,,,,,,,,,,,
1000,12-09-20 上午10时00分00秒,26.646,,,992,12-09-20 上午10时40分00秒,24.823,,,,,,,,,,,,,,,,
1001,12-09-20 上午10时20分00秒,29.79,,,993,12-09-20 上午11时00分00秒,24.629,,,,,,,,,,,,,,,,
1002,12-09-20 上午10时40分00秒,29.69,,,994,12-09-20 上午11时20分00秒,26.5,,,,,,,,,,,,,,,,
1003,12-09-20 上午11时00分00秒,29.69,,,995,12-09-20 上午11时40分00秒,26.182,,,,,,,,,,,,,,,,
1004,12-09-20 上午11时20分00秒,32.433,,,996,12-09-20 下午12时00分00秒,26.256,,,,,,,,,,,,,,,,
1005,12-09-20 上午11时40分00秒,32.458,,,997,12-09-20 下午12时20分00秒,26.916,,,,,,,,,,,,,,,,
1006,12-09-20 下午12时00分00秒,32.51,,,998,12-09-20 下午12时40分00秒,27.014,,,,,,,,,,,,,,,,
1007,12-09-20 下午12时20分00秒,34.176,,,999,12-09-20 下午01时00分00秒,26.916,,,,,,,,,,,,,,,,
1008,12-09-20 下午12时40分00秒,33.809,,,1000,12-09-20 下午01时20分00秒,27.456,,,,,,,,,,,,,,,,
1009,12-09-20 下午01时00分00秒,33.783,,,1001,12-09-20 下午01时40分00秒,27.628,,,,,,,,,,,,,,,,
1010,12-09-20 下午01时20分00秒,34.836,,,1002,12-09-20 下午02时00分00秒,27.358,,,,,,,,,,,,,,,,
1011,12-09-20 下午01时40分00秒,34.545,,,1003,12-09-20 下午02时20分00秒,28.295,,,,,,,,,,,,,,,,
1012,12-09-20 下午02时00分00秒,34.492,,,1004,12-09-20 下午02时40分00秒,28.221,,,,,,,,,,,,,,,,
1013,12-09-20 下午02时20分00秒,34.545,,,1005,12-09-20 下午03时00分00秒,28.147,,,,,,,,,,,,,,,,
1014,12-09-20 下午02时40分00秒,34.651,,,1006,12-09-20 下午03时20分00秒,28.147,,,,,,,,,,,,,,,,
1015,12-09-20 下午03时00分00秒,34.783,,,1007,12-09-20 下午03时40分00秒,28.023,,,,,,,,,,,,,,,,
1016,12-09-20 下午03时20分00秒,33.992,,,1008,12-09-20 下午04时00分00秒,28.048,,,,,,,,,,,,,,,,
1017,12-09-20 下午03时40分00秒,33.678,,,1009,12-09-20 下午04时20分00秒,27.604,,,,,,,,,,,,,,,,
1018,12-09-20 下午04时00分00秒,33.6,,,1010,12-09-20 下午04时40分00秒,27.677,,,,,,,,,,,,,,,,
1019,12-09-20 下午04时20分00秒,32.407,,,1011,12-09-20 下午05时00分00秒,27.481,,,,,,,,,,,,,,,,
1020,12-09-20 下午04时40分00秒,32.33,,,1012,12-09-20 下午05时20分00秒,27.112,,,,,,,,,,,,,,,,
1021,12-09-20 下午05时00分00秒,32.33,,,1013,12-09-20 下午05时40分00秒,26.965,,,,,,,,,,,,,,,,
1022,12-09-20 下午05时20分00秒,31.128,,,1014,12-09-20 下午06时00分00秒,26.989,,,,,,,,,,,,,,,,
1023,12-09-20 下午05时40分00秒,30.773,,,1015,12-09-20 下午06时20分00秒,26.256,,,,,,,,,,,,,,,,
1024,12-09-20 下午06时00分00秒,30.621,,,1016,12-09-20 下午06时40分00秒,26.085,,,,,,,,,,,,,,,,
1025,12-09-20 下午06时20分00秒,28.791,,,1017,12-09-20 下午07时00分00秒,26.524,,,,,,,,,,,,,,,,
1026,12-09-20 下午06时40分00秒,28.543,,,1018,12-09-20 下午07时20分00秒,25.258,,,,,,,,,,,,,,,,
1027,12-09-20 下午07时00分00秒,28.593,,,1019,12-09-20 下午07时40分00秒,25.162,,,,,,,,,,,,,,,,
1028,12-09-20 下午07时20分00秒,27.186,,,1020,12-09-20 下午08时00分00秒,25.331,,,,,,,,,,,,,,,,
1029,12-09-20 下午07时40分00秒,26.891,,,1021,12-09-20 下午08时20分00秒,24.195,,,,,,,,,,,,,,,,
1030,12-09-20 下午08时00分00秒,27.063,,,1022,12-09-20 下午08时40分00秒,24.339,,,,,,,,,,,,,,,,
1031,12-09-20 下午08时20分00秒,25.72,,,1023,12-09-20 下午09时00分00秒,24.508,,,,,,,,,,,,,,,,
1032,12-09-20 下午08时40分00秒,25.501,,,1024,12-09-20 下午09时20分00秒,23.064,,,,,,,,,,,,,,,,
1033,12-09-20 下午09时00分00秒,25.404,,,1025,12-09-20 下午09时40分00秒,22.92,,,,,,,,,,,,,,,,
1034,12-09-20 下午09时20分00秒,24.098,,,1026,12-09-20 下午10时00分00秒,22.872,,,,,,,,,,,,,,,,
1035,12-09-20 下午09时40分00秒,23.857,,,1027,12-09-20 下午10时20分00秒,20.936,,,,,,,,,,,,,,,,
1036,12-09-20 下午10时00分00秒,23.737,,,1028,12-09-20 下午10时40分00秒,20.77,,,,,,,,,,,,,,,,
1037,12-09-20 下午10时20分00秒,22.896,,,1029,12-09-20 下午11时00分00秒,20.412,,,,,,,,,,,,,,,,
1038,12-09-20 下午10时40分00秒,22.513,,,1030,12-09-20 下午11时20分00秒,19.651,,,,,,,,,,,,,,,,
1039,12-09-20 下午11时00分00秒,22.753,,,1031,12-09-20 下午11时40分00秒,19.46,,,,,,,,,,,,,,,,
1040,12-09-20 下午11时20分00秒,21.843,,,1032,12-09-21 上午12时00分00秒,19.746,,,,,,,,,,,,,,,,
1041,12-09-20 下午11时40分00秒,22.13,,,1033,12-09-21 上午12时20分00秒,17.819,,,,,,,,,,,,,,,,
1042,12-09-21 上午12时00分00秒,21.724,,,1034,12-09-21 上午12时40分00秒,17.582,,,,,,,,,,,,,,,,
1043,12-09-21 上午12时20分00秒,20.674,,,1035,12-09-21 上午01时00分00秒,17.534,,,,,,,,,,,,,,,,
1044,12-09-21 上午12时40分00秒,20.507,,,1036,12-09-21 上午01时20分00秒,15.939,,,,,,,,,,,,,,,,
1045,12-09-21 上午01时00分00秒,20.46,,,1037,12-09-21 上午01时40分00秒,16.177,,,,,,,,,,,,,,,,
1046,12-09-21 上午01时20分00秒,20.079,,,1038,12-09-21 上午02时00分00秒,15.629,,,,,,,,,,,,,,,,
1047,12-09-21 上午01时40分00秒,20.079,,,1039,12-09-21 上午02时20分00秒,15.055,,,,,,,,,,,,,,,,
1048,12-09-21 上午02时00分00秒,20.222,,,1040,12-09-21 上午02时40分00秒,14.242,,,,,,,,,,,,,,,,
1049,12-09-21 上午02时20分00秒,19.746,,,1041,12-09-21 上午03时00分00秒,14.17,,,,,,,,,,,,,,,,
1050,12-09-21 上午02时40分00秒,19.698,,,1042,12-09-21 上午03时20分00秒,13.594,,,,,,,,,,,,,,,,
1051,12-09-21 上午03时00分00秒,19.651,,,1043,12-09-21 上午03时40分00秒,13.473,,,,,,,,,,,,,,,,
1052,12-09-21 上午03时20分00秒,19.436,,,1044,12-09-21 上午04时00分00秒,13.088,,,,,,,,,,,,,,,,
1053,12-09-21 上午03时40分00秒,19.603,,,1045,12-09-21 上午04时20分00秒,14.266,,,,,,,,,,,,,,,,
1054,12-09-21 上午04时00分00秒,19.746,,,1046,12-09-21 上午04时40分00秒,13.738,,,,,,,,,,,,,,,,
1055,12-09-21 上午04时20分00秒,20.15,,,1047,12-09-21 上午05时00分00秒,13.762,,,,,,,,,,,,,,,,
1056,12-09-21 上午04时40分00秒,20.246,,,1048,12-09-21 上午05时20分00秒,15.438,,,,,,,,,,,,,,,,
1057,12-09-21 上午05时00分00秒,20.15,,,1049,12-09-21 上午05时40分00秒,15.127,,,,,,,,,,,,,,,,
1058,12-09-21 上午05时20分00秒,20.269,,,1050,12-09-21 上午06时00分00秒,15.103,,,,,,,,,,,,,,,,
1059,12-09-21 上午05时40分00秒,20.15,,,1051,12-09-21 上午06时20分00秒,16.844,,,,,,,,,,,,,,,,
1060,12-09-21 上午06时00分00秒,20.103,,,1052,12-09-21 上午06时40分00秒,16.654,,,,,,,,,,,,,,,,
1061,12-09-21 上午06时20分00秒,22.321,,,1053,12-09-21 上午07时00分00秒,17.486,,,,,,,,,,,,,,,,
1062,12-09-21 上午06时40分00秒,21.843,,,1054,12-09-21 上午07时20分00秒,18.747,,,,,,,,,,,,,,,,
1063,12-09-21 上午07时00分00秒,21.485,,,1055,12-09-21 上午07时40分00秒,18.699,,,,,,,,,,,,,,,,
1064,12-09-21 上午07时20分00秒,22.848,,,1056,12-09-21 上午08时00分00秒,18.794,,,,,,,,,,,,,,,,
1065,12-09-21 上午07时40分00秒,22.729,,,1057,12-09-21 上午08时20分00秒,21.079,,,,,,,,,,,,,,,,
1066,12-09-21 上午08时00分00秒,22.657,,,1058,12-09-21 上午08时40分00秒,20.507,,,,,,,,,,,,,,,,
1067,12-09-21 上午08时20分00秒,24.726,,,1059,12-09-21 上午09时00分00秒,20.126,,,,,,,,,,,,,,,,
1068,12-09-21 上午08时40分00秒,24.726,,,1060,12-09-21 上午09时20分00秒,23.232,,,,,,,,,,,,,,,,
1069,12-09-21 上午09时00分00秒,24.823,,,1061,12-09-21 上午09时40分00秒,22.657,,,,,,,,,,,,,,,,
1070,12-09-21 上午09时20分00秒,26.769,,,1062,12-09-21 上午10时00分00秒,22.321,,,,,,,,,,,,,,,,
1071,12-09-21 上午09时40分00秒,26.72,,,1063,12-09-21 上午10时04分17秒,Logged,,,,,,,,,,,,,,,,
1072,12-09-21 上午10时00分00秒,26.671,,,1064,12-09-21 上午10时04分18秒,Logged,,,,,,,,,,,,,,,,
1073,12-09-21 上午10时02分55秒,Logged,,,1065,12-09-21 上午10时04分40秒,Logged,,,,,,,,,,,,,,,,
1074,12-09-21 上午10时02分56秒,Logged,,,1066,12-09-21 上午10时20分00秒,24.436,,,,,,,,,,,,,,,,
1075,12-09-21 上午10时03分45秒,Logged,,,1067,12-09-21 上午10时40分00秒,24.605,,,,,,,,,,,,,,,,
1076,12-09-21 上午10时20分00秒,30.142,,,1068,12-09-21 上午11时00分00秒,24.05,,,,,,,,,,,,,,,,
1077,12-09-21 上午10时40分00秒,29.765,,,1069,12-09-21 上午11时20分00秒,25.914,,,,,,,,,,,,,,,,
1078,12-09-21 上午11时00分00秒,29.89,,,1070,12-09-21 上午11时40分00秒,25.963,,,,,,,,,,,,,,,,
1079,12-09-21 上午11时20分00秒,32.846,,,1071,12-09-21 下午12时00分00秒,25.647,,,,,,,,,,,,,,,,
1080,12-09-21 上午11时40分00秒,32.794,,,1072,12-09-21 下午12时20分00秒,26.28,,,,,,,,,,,,,,,,
1081,12-09-21 下午12时00分00秒,32.691,,,1073,12-09-21 下午12时40分00秒,26.646,,,,,,,,,,,,,,,,
1082,12-09-21 下午12时20分00秒,34.73,,,1074,12-09-21 下午01时00分00秒,26.622,,,,,,,,,,,,,,,,
1083,12-09-21 下午12时40分00秒,34.308,,,1075,12-09-21 下午01时20分00秒,26.256,,,,,,,,,,,,,,,,
1084,12-09-21 下午01时00分00秒,34.334,,,1076,12-09-21 下午01时40分00秒,28.394,,,,,,,,,,,,,,,,
1085,12-09-21 下午01时20分00秒,34.466,,,1077,12-09-21 下午02时00分00秒,27.112,,,,,,,,,,,,,,,,
1086,12-09-21 下午01时40分00秒,34.598,,,1078,12-09-21 下午02时20分00秒,28.32,,,,,,,,,,,,,,,,
1087,12-09-21 下午02时00分00秒,34.73,,,1079,12-09-21 下午02时40分00秒,28.122,,,,,,,,,,,,,,,,
1088,12-09-21 下午02时20分00秒,34.889,,,1080,12-09-21 下午03时00分00秒,28.023,,,,,,,,,,,,,,,,
1089,12-09-21 下午02时40分00秒,35.022,,,1081,12-09-21 下午03时20分00秒,28.171,,,,,,,,,,,,,,,,
1090,12-09-21 下午03时00分00秒,35.022,,,1082,12-09-21 下午03时40分00秒,28.097,,,,,,,,,,,,,,,,
1091,12-09-21 下午03时20分00秒,33.992,,,1083,12-09-21 下午04时00分00秒,27.998,,,,,,,,,,,,,,,,
1092,12-09-21 下午03时40分00秒,33.809,,,1084,12-09-21 下午04时20分00秒,27.284,,,,,,,,,,,,,,,,
1093,12-09-21 下午04时00分00秒,33.757,,,1085,12-09-21 下午04时40分00秒,27.358,,,,,,,,,,,,,,,,
1094,12-09-21 下午04时20分00秒,32.484,,,1086,12-09-21 下午05时00分00秒,27.431,,,,,,,,,,,,,,,,
1095,12-09-21 下午04时40分00秒,32.433,,,1087,12-09-21 下午05时20分00秒,26.5,,,,,,,,,,,,,,,,
1096,12-09-21 下午05时00分00秒,32.458,,,1088,12-09-21 下午05时40分00秒,26.695,,,,,,,,,,,,,,,,
1097,12-09-21 下午05时20分00秒,31.357,,,1089,12-09-21 下午06时00分00秒,26.916,,,,,,,,,,,,,,,,
1098,12-09-21 下午05时40分00秒,30.773,,,1090,12-09-21 下午06时20分00秒,26.451,,,,,,,,,,,,,,,,
1099,12-09-21 下午06时00分00秒,30.646,,,1091,12-09-21 下午06时40分00秒,25.939,,,,,,,,,,,,,,,,
1100,12-09-21 下午06时20分00秒,28.99,,,1092,12-09-21 下午07时00分00秒,25.866,,,,,,,,,,,,,,,,
1101,12-09-21 下午06时40分00秒,28.593,,,1093,12-09-21 下午07时20分00秒,25.089,,,,,,,,,,,,,,,,
1102,12-09-21 下午07时00分00秒,28.891,,,1094,12-09-21 下午07时40分00秒,24.847,,,,,,,,,,,,,,,,
1103,12-09-21 下午07时20分00秒,26.867,,,1095,12-09-21 下午08时00分00秒,26.207,,,,,,,,,,,,,,,,
1104,12-09-21 下午07时40分00秒,27.112,,,1096,12-09-21 下午08时20分00秒,24.412,,,,,,,,,,,,,,,,
1105,12-09-21 下午08时00分00秒,26.965,,,1097,12-09-21 下午08时40分00秒,24.291,,,,,,,,,,,,,,,,
1106,12-09-21 下午08时20分00秒,25.793,,,1098,12-09-21 下午09时00分00秒,24.363,,,,,,,,,,,,,,,,
1107,12-09-21 下午08时40分00秒,25.623,,,1099,12-09-21 下午09时20分00秒,22.681,,,,,,,,,,,,,,,,
1108,12-09-21 下午09时00分00秒,25.744,,,1100,12-09-21 下午09时40分00秒,22.274,,,,,,,,,,,,,,,,
1109,12-09-21 下午09时20分00秒,24.002,,,1101,12-09-21 下午10时00分00秒,22.8,,,,,,,,,,,,,,,,
1110,12-09-21 下午09时40分00秒,24.074,,,1102,12-09-21 下午10时20分00秒,20.46,,,,,,,,,,,,,,,,
1111,12-09-21 下午10时00分00秒,24.098,,,1103,12-09-21 下午10时40分00秒,20.817,,,,,,,,,,,,,,,,
1112,12-09-21 下午10时20分00秒,23.208,,,1104,12-09-21 下午11时00分00秒,20.889,,,,,,,,,,,,,,,,
1113,12-09-21 下午10时40分00秒,23.088,,,1105,12-09-21 下午11时20分00秒,19.008,,,,,,,,,,,,,,,,
1114,12-09-21 下午11时00分00秒,22.753,,,1106,12-09-21 下午11时40分00秒,19.318,,,,,,,,,,,,,,,,
1115,12-09-21 下午11时20分00秒,21.891,,,1107,12-09-22 上午12时00分00秒,19.436,,,,,,,,,,,,,,,,
1116,12-09-21 下午11时40分00秒,21.748,,,1108,12-09-22 上午12时20分00秒,17.225,,,,,,,,,,,,,,,,
1117,12-09-22 上午12时00分00秒,21.7,,,1109,12-09-22 上午12时40分00秒,17.272,,,,,,,,,,,,,,,,
1118,12-09-22 上午12时20分00秒,20.984,,,1110,12-09-22 上午01时00分00秒,17.938,,,,,,,,,,,,,,,,
1119,12-09-22 上午12时40分00秒,20.889,,,1111,12-09-22 上午01时20分00秒,15.772,,,,,,,,,,,,,,,,
1120,12-09-22 上午01时00分00秒,20.913,,,1112,12-09-22 上午01时40分00秒,15.151,,,,,,,,,,,,,,,,
1121,12-09-22 上午01时20分00秒,20.365,,,1113,12-09-22 上午02时00分00秒,16.034,,,,,,,,,,,,,,,,
1122,12-09-22 上午01时40分00秒,20.269,,,1114,12-09-22 上午02时20分00秒,13.546,,,,,,,,,,,,,,,,
1123,12-09-22 上午02时00分00秒,20.269,,,1115,12-09-22 上午02时40分00秒,13.93,,,,,,,,,,,,,,,,
1124,12-09-22 上午02时20分00秒,20.126,,,1116,12-09-22 上午03时00分00秒,14.122,,,,,,,,,,,,,,,,
1125,12-09-22 上午02时40分00秒,20.126,,,1117,12-09-22 上午03时20分00秒,13.064,,,,,,,,,,,,,,,,
1126,12-09-22 上午03时00分00秒,20.103,,,1118,12-09-22 上午03时40分00秒,13.185,,,,,,,,,,,,,,,,
1127,12-09-22 上午03时20分00秒,19.746,,,1119,12-09-22 上午04时00分00秒,12.992,,,,,,,,,,,,,,,,
1128,12-09-22 上午03时40分00秒,19.651,,,1120,12-09-22 上午04时20分00秒,13.858,,,,,,,,,,,,,,,,
1129,12-09-22 上午04时00分00秒,19.555,,,1121,12-09-22 上午04时40分00秒,13.401,,,,,,,,,,,,,,,,
1130,12-09-22 上午04时20分00秒,20.15,,,1122,12-09-22 上午05时00分00秒,13.642,,,,,,,,,,,,,,,,
1131,12-09-22 上午04时40分00秒,20.222,,,1123,12-09-22 上午05时20分00秒,15.127,,,,,,,,,,,,,,,,
1132,12-09-22 上午05时00分00秒,20.269,,,1124,12-09-22 上午05时40分00秒,14.721,,,,,,,,,,,,,,,,
1133,12-09-22 上午05时20分00秒,20.436,,,1125,12-09-22 上午06时00分00秒,14.649,,,,,,,,,,,,,,,,
1134,12-09-22 上午05时40分00秒,20.484,,,1126,12-09-22 上午06时20分00秒,16.701,,,,,,,,,,,,,,,,
1135,12-09-22 上午06时00分00秒,21.056,,,1127,12-09-22 上午06时40分00秒,16.606,,,,,,,,,,,,,,,,
1136,12-09-22 上午06时20分00秒,22.681,,,1128,12-09-22 上午07时00分00秒,17.011,,,,,,,,,,,,,,,,
1137,12-09-22 上午06时40分00秒,22.561,,,1129,12-09-22 上午07时20分00秒,18.604,,,,,,,,,,,,,,,,
1138,12-09-22 上午07时00分00秒,22.226,,,1130,12-09-22 上午07时40分00秒,18.39,,,,,,,,,,,,,,,,
1139,12-09-22 上午07时20分00秒,22.705,,,1131,12-09-22 上午08时00分00秒,18.295,,,,,,,,,,,,,,,,
1140,12-09-22 上午07时40分00秒,22.8,,,1132,12-09-22 上午08时20分00秒,20.793,,,,,,,,,,,,,,,,
1141,12-09-22 上午08时00分00秒,22.8,,,1133,12-09-22 上午08时40分00秒,20.293,,,,,,,,,,,,,,,,
1142,12-09-22 上午08时20分00秒,24.702,,,1134,12-09-22 上午09时00分00秒,20.531,,,,,,,,,,,,,,,,
1143,12-09-22 上午08时40分00秒,24.412,,,1135,12-09-22 上午09时20分00秒,22.082,,,,,,,,,,,,,,,,
1144,12-09-22 上午09时00分00秒,24.629,,,1136,12-09-22 上午09时40分00秒,22.417,,,,,,,,,,,,,,,,
1145,12-09-22 上午09时20分00秒,26.842,,,1137,12-09-22 上午10时00分00秒,22.298,,,,,,,,,,,,,,,,
1146,12-09-22 上午09时40分00秒,26.769,,,1138,12-09-22 上午10时20分00秒,25.162,,,,,,,,,,,,,,,,
1147,12-09-22 上午10时00分00秒,26.72,,,1139,12-09-22 上午10时40分00秒,24.726,,,,,,,,,,,,,,,,
1148,12-09-22 上午10时20分00秒,29.916,,,1140,12-09-22 上午11时00分00秒,24.823,,,,,,,,,,,,,,,,
1149,12-09-22 上午10时40分00秒,29.916,,,1141,12-09-22 上午11时20分00秒,26.475,,,,,,,,,,,,,,,,
1150,12-09-22 上午11时00分00秒,29.79,,,1142,12-09-22 上午11时40分00秒,26.622,,,,,,,,,,,,,,,,
1151,12-09-22 上午11时20分00秒,32.227,,,1143,12-09-22 下午12时00分00秒,26.28,,,,,,,,,,,,,,,,
1152,12-09-22 上午11时40分00秒,32.33,,,1144,12-09-22 下午12时20分00秒,27.235,,,,,,,,,,,,,,,,
1153,12-09-22 下午12时00分00秒,32.278,,,1145,12-09-22 下午12时40分00秒,27.259,,,,,,,,,,,,,,,,
1154,12-09-22 下午12时20分00秒,34.097,,,1146,12-09-22 下午01时00分00秒,27.308,,,,,,,,,,,,,,,,
1155,12-09-22 下午12时40分00秒,33.992,,,1147,12-09-22 下午01时20分00秒,27.382,,,,,,,,,,,,,,,,
1156,12-09-22 下午01时00分00秒,34.097,,,1148,12-09-22 下午01时40分00秒,27.702,,,,,,,,,,,,,,,,
1157,12-09-22 下午01时20分00秒,34.73,,,1149,12-09-22 下午02时00分00秒,27.949,,,,,,,,,,,,,,,,
1158,12-09-22 下午01时40分00秒,34.598,,,1150,12-09-22 下午02时20分00秒,28.518,,,,,,,,,,,,,,,,
1159,12-09-22 下午02时00分00秒,34.651,,,1151,12-09-22 下午02时40分00秒,28.27,,,,,,,,,,,,,,,,
1160,12-09-22 下午02时20分00秒,34.757,,,1152,12-09-22 下午03时00分00秒,28.593,,,,,,,,,,,,,,,,
1161,12-09-22 下午02时40分00秒,34.704,,,1153,12-09-22 下午03时20分00秒,28.468,,,,,,,,,,,,,,,,
1162,12-09-22 下午03时00分00秒,34.783,,,1154,12-09-22 下午03时40分00秒,28.468,,,,,,,,,,,,,,,,
1163,12-09-22 下午03时20分00秒,33.678,,,1155,12-09-22 下午04时00分00秒,28.394,,,,,,,,,,,,,,,,
1164,12-09-22 下午03时40分00秒,33.73,,,1156,12-09-22 下午04时20分00秒,27.85,,,,,,,,,,,,,,,,
1165,12-09-22 下午04时00分00秒,33.6,,,1157,12-09-22 下午04时40分00秒,27.751,,,,,,,,,,,,,,,,
1166,12-09-22 下午04时20分00秒,32.639,,,1158,12-09-22 下午05时00分00秒,27.825,,,,,,,,,,,,,,,,
1167,12-09-22 下午04时40分00秒,32.381,,,1159,12-09-22 下午05时20分00秒,27.308,,,,,,,,,,,,,,,,
1168,12-09-22 下午05时00分00秒,32.433,,,1160,12-09-22 下午05时40分00秒,27.014,,,,,,,,,,,,,,,,
1169,12-09-22 下午05时20分00秒,31.001,,,1161,12-09-22 下午06时00分00秒,27.112,,,,,,,,,,,,,,,,
1170,12-09-22 下午05时40分00秒,30.722,,,1162,12-09-22 下午06时20分00秒,26.671,,,,,,,,,,,,,,,,
1171,12-09-22 下午06时00分00秒,30.748,,,1163,12-09-22 下午06时40分00秒,26.5,,,,,,,,,,,,,,,,
1172,12-09-22 下午06时20分00秒,29.115,,,1164,12-09-22 下午07时00分00秒,26.378,,,,,,,,,,,,,,,,
1173,12-09-22 下午06时40分00秒,28.394,,,1165,12-09-22 下午07时20分00秒,25.501,,,,,,,,,,,,,,,,
1174,12-09-22 下午07时00分00秒,28.841,,,1166,12-09-22 下午07时40分00秒,25.428,,,,,,,,,,,,,,,,
1175,12-09-22 下午07时20分00秒,27.235,,,1167,12-09-22 下午08时00分00秒,25.283,,,,,,,,,,,,,,,,
1176,12-09-22 下午07时40分00秒,27.333,,,1168,12-09-22 下午08时20分00秒,24.581,,,,,,,,,,,,,,,,
1177,12-09-22 下午08时00分00秒,27.136,,,1169,12-09-22 下午08时40分00秒,24.098,,,,,,,,,,,,,,,,
1178,12-09-22 下午08时20分00秒,25.72,,,1170,12-09-22 下午09时00分00秒,24.195,,,,,,,,,,,,,,,,
1179,12-09-22 下午08时40分00秒,25.525,,,1171,12-09-22 下午09时04分39秒,,,,,,,,,,,,,,,,,
1180,12-09-22 下午09时00分00秒,25.501,,,1172,12-09-22 下午09时06分38秒,,,,,,,,,,,,,,,,,
1181,12-09-22 下午09时20分00秒,24.098,,,1173,12-09-22 下午09时07分02秒,,,,,,,,,,,,,,,,,
1182,12-09-22 下午09时40分00秒,24.195,,,1174,12-09-22 下午09时20分00秒,22.968,,,,,,,,,,,,,,,,
1183,12-09-22 下午10时00分00秒,24.074,,,1175,12-09-22 下午09时40分00秒,22.776,,,,,,,,,,,,,,,,
1184,12-09-22 下午10时20分00秒,23.28,,,1176,12-09-22 下午10时00分00秒,22.633,,,,,,,,,,,,,,,,
1185,12-09-22 下午10时40分00秒,23.088,,,1177,12-09-22 下午10时20分00秒,20.269,,,,,,,,,,,,,,,,
1186,12-09-22 下午11时00分00秒,22.896,,,1178,12-09-22 下午10时40分00秒,20.222,,,,,,,,,,,,,,,,
1187,12-09-22 下午11时20分00秒,22.13,,,1179,12-09-22 下午11时00分00秒,20.317,,,,,,,,,,,,,,,,
1188,12-09-22 下午11时40分00秒,22.058,,,1180,12-09-22 下午11时20分00秒,19.151,,,,,,,,,,,,,,,,
1189,12-09-23 上午12时00分00秒,21.939,,,1181,12-09-22 下午11时40分00秒,19.222,,,,,,,,,,,,,,,,
1190,12-09-23 上午12时20分00秒,21.175,,,1182,12-09-23 上午12时00分00秒,19.508,,,,,,,,,,,,,,,,
1191,12-09-23 上午12时40分00秒,21.27,,,1183,12-09-23 上午12时20分00秒,17.225,,,,,,,,,,,,,,,,
1192,12-09-23 上午01时00分00秒,21.151,,,1184,12-09-23 上午12时40分00秒,17.653,,,,,,,,,,,,,,,,
1193,12-09-23 上午01时20分00秒,20.603,,,1185,12-09-23 上午01时00分00秒,17.843,,,,,,,,,,,,,,,,
1194,12-09-23 上午01时40分00秒,20.365,,,1186,12-09-23 上午01时20分00秒,15.175,,,,,,,,,,,,,,,,
1195,12-09-23 上午02时00分00秒,20.293,,,1187,12-09-23 上午01时40分00秒,16.106,,,,,,,,,,,,,,,,
1196,12-09-23 上午02时20分00秒,20.079,,,1188,12-09-23 上午02时00分00秒,15.509,,,,,,,,,,,,,,,,
1197,12-09-23 上午02时40分00秒,20.126,,,1189,12-09-23 上午02时20分00秒,14.002,,,,,,,,,,,,,,,,
1198,12-09-23 上午03时00分00秒,20.174,,,1190,12-09-23 上午02时40分00秒,13.594,,,,,,,,,,,,,,,,
1199,12-09-23 上午03时20分00秒,19.746,,,1191,12-09-23 上午03时00分00秒,13.425,,,,,,,,,,,,,,,,
1200,12-09-23 上午03时40分00秒,19.627,,,1192,12-09-23 上午03时20分00秒,12.606,,,,,,,,,,,,,,,,
1201,12-09-23 上午04时00分00秒,19.532,,,1193,12-09-23 上午03时40分00秒,12.437,,,,,,,,,,,,,,,,
1202,12-09-23 上午04时20分00秒,20.222,,,1194,12-09-23 上午04时00分00秒,12.437,,,,,,,,,,,,,,,,
1203,12-09-23 上午04时40分00秒,20.174,,,1195,12-09-23 上午04时20分00秒,14.146,,,,,,,,,,,,,,,,
1204,12-09-23 上午05时00分00秒,20.222,,,1196,12-09-23 上午04时40分00秒,13.449,,,,,,,,,,,,,,,,
1205,12-09-23 上午05时20分00秒,20.293,,,1197,12-09-23 上午05时00分00秒,13.088,,,,,,,,,,,,,,,,
1206,12-09-23 上午05时40分00秒,20.579,,,1198,12-09-23 上午05时20分00秒,15.366,,,,,,,,,,,,,,,,
1207,12-09-23 上午06时00分00秒,21.27,,,1199,12-09-23 上午05时40分00秒,15.27,,,,,,,,,,,,,,,,
1208,12-09-23 上午06时20分00秒,22.848,,,1200,12-09-23 上午06时00分00秒,15.127,,,,,,,,,,,,,,,,
1209,12-09-23 上午06时40分00秒,22.274,,,1201,12-09-23 上午06时20分00秒,16.725,,,,,,,,,,,,,,,,
1210,12-09-23 上午07时00分00秒,22.034,,,1202,12-09-23 上午06时40分00秒,16.177,,,,,,,,,,,,,,,,
1211,12-09-23 上午07时20分00秒,22.968,,,1203,12-09-23 上午07时00分00秒,16.677,,,,,,,,,,,,,,,,
1212,12-09-23 上午07时40分00秒,23.184,,,1204,12-09-23 上午07时20分00秒,18.842,,,,,,,,,,,,,,,,
1213,12-09-23 上午08时00分00秒,23.376,,,1205,12-09-23 上午07时40分00秒,18.509,,,,,,,,,,,,,,,,
1214,12-09-23 上午08时20分00秒,25.283,,,1206,12-09-23 上午08时00分00秒,18.224,,,,,,,,,,,,,,,,
1215,12-09-23 上午08时40分00秒,24.871,,,1207,12-09-23 上午08时20分00秒,20.412,,,,,,,,,,,,,,,,
1216,12-09-23 上午09时00分00秒,24.75,,,1208,12-09-23 上午08时40分00秒,20.055,,,,,,,,,,,,,,,,
1217,12-09-23 上午09时20分00秒,26.867,,,1209,12-09-23 上午09时00分00秒,19.936,,,,,,,,,,,,,,,,
1218,12-09-23 上午09时40分00秒,26.989,,,1210,12-09-23 上午09时20分00秒,22.705,,,,,,,,,,,,,,,,
1219,12-09-23 上午10时00分00秒,26.94,,,1211,12-09-23 上午09时40分00秒,22.513,,,,,,,,,,,,,,,,
1220,12-09-23 上午10时20分00秒,29.84,,,1212,12-09-23 上午10时00分00秒,22.345,,,,,,,,,,,,,,,,
1221,12-09-23 上午10时40分00秒,30.016,,,1213,12-09-23 上午10时20分00秒,24.581,,,,,,,,,,,,,,,,
1222,12-09-23 上午11时00分00秒,29.79,,,1214,12-09-23 上午10时40分00秒,24.702,,,,,,,,,,,,,,,,
1223,12-09-23 上午11时20分00秒,32.253,,,1215,12-09-23 上午11时00分00秒,24.605,,,,,,,,,,,,,,,,
1224,12-09-23 上午11时40分00秒,32.201,,,1216,12-09-23 上午11时20分00秒,26.256,,,,,,,,,,,,,,,,
1225,12-09-23 下午12时00分00秒,32.355,,,1217,12-09-23 上午11时40分00秒,26.085,,,,,,,,,,,,,,,,
1226,12-09-23 下午12时20分00秒,34.097,,,1218,12-09-23 下午12时00分00秒,26.134,,,,,,,,,,,,,,,,
1227,12-09-23 下午12时40分00秒,34.15,,,1219,12-09-23 下午12时20分00秒,27.136,,,,,,,,,,,,,,,,
1228,12-09-23 下午01时00分00秒,33.548,,,1220,12-09-23 下午12时40分00秒,27.038,,,,,,,,,,,,,,,,
1229,12-09-23 下午01时20分00秒,34.466,,,1221,12-09-23 下午01时00分00秒,26.818,,,,,,,,,,,,,,,,
1230,12-09-23 下午01时40分00秒,34.176,,,1222,12-09-23 下午01时20分00秒,27.727,,,,,,,,,,,,,,,,
1231,12-09-23 下午02时00分00秒,34.36,,,1223,12-09-23 下午01时40分00秒,27.727,,,,,,,,,,,,,,,,
1232,12-09-23 下午02时20分00秒,34.598,,,1224,12-09-23 下午02时00分00秒,27.85,,,,,,,,,,,,,,,,
1233,12-09-23 下午02时40分00秒,34.757,,,1225,12-09-23 下午02时20分00秒,28.097,,,,,,,,,,,,,,,,
1234,12-09-23 下午03时00分00秒,34.81,,,1226,12-09-23 下午02时40分00秒,28.196,,,,,,,,,,,,,,,,
1235,12-09-23 下午03时20分00秒,33.835,,,1227,12-09-23 下午03时00分00秒,28.221,,,,,,,,,,,,,,,,
1236,12-09-23 下午03时40分00秒,33.574,,,1228,12-09-23 下午03时20分00秒,28.122,,,,,,,,,,,,,,,,
1237,12-09-23 下午04时00分00秒,33.652,,,1229,12-09-23 下午03时40分00秒,28.369,,,,,,,,,,,,,,,,
1238,12-09-23 下午04时20分00秒,32.742,,,1230,12-09-23 下午04时00分00秒,28.221,,,,,,,,,,,,,,,,
1239,12-09-23 下午04时40分00秒,32.51,,,1231,12-09-23 下午04时20分00秒,27.702,,,,,,,,,,,,,,,,
1240,12-09-23 下午05时00分00秒,32.33,,,1232,12-09-23 下午04时40分00秒,27.554,,,,,,,,,,,,,,,,
1241,12-09-23 下午05时20分00秒,31.128,,,1233,12-09-23 下午05时00分00秒,27.751,,,,,,,,,,,,,,,,
1242,12-09-23 下午05时40分00秒,31.001,,,1234,12-09-23 下午05时20分00秒,27.014,,,,,,,,,,,,,,,,
1243,12-09-23 下午06时00分00秒,30.697,,,1235,12-09-23 下午05时40分00秒,27.014,,,,,,,,,,,,,,,,
1244,12-09-23 下午06时20分00秒,29.065,,,1236,12-09-23 下午06时00分00秒,27.136,,,,,,,,,,,,,,,,
1245,12-09-23 下午06时40分00秒,28.667,,,1237,12-09-23 下午06时20分00秒,26.304,,,,,,,,,,,,,,,,
1246,12-09-23 下午07时00分00秒,28.345,,,1238,12-09-23 下午06时40分00秒,26.378,,,,,,,,,,,,,,,,
1247,12-09-23 下午07时20分00秒,27.21,,,1239,12-09-23 下午07时00分00秒,26.5,,,,,,,,,,,,,,,,
1248,12-09-23 下午07时40分00秒,26.867,,,1240,12-09-23 下午07时20分00秒,25.355,,,,,,,,,,,,,,,,
1249,12-09-23 下午08时00分00秒,26.989,,,1241,12-09-23 下午07时40分00秒,25.21,,,,,,,,,,,,,,,,
1250,12-09-23 下午08时20分00秒,25.744,,,1242,12-09-23 下午08时00分00秒,25.234,,,,,,,,,,,,,,,,
1251,12-09-23 下午08时40分00秒,26.036,,,1243,12-09-23 下午08时20分00秒,24.146,,,,,,,,,,,,,,,,
1252,12-09-23 下午09时00分00秒,25.307,,,1244,12-09-23 下午08时40分00秒,24.243,,,,,,,,,,,,,,,,
1253,12-09-23 下午09时20分00秒,24.171,,,1245,12-09-23 下午09时00分00秒,23.954,,,,,,,,,,,,,,,,
1254,12-09-23 下午09时40分00秒,24.05,,,1246,12-09-23 下午09时20分00秒,22.489,,,,,,,,,,,,,,,,
1255,12-09-23 下午10时00分00秒,24.026,,,1247,12-09-23 下午09时40分00秒,22.465,,,,,,,,,,,,,,,,
1256,12-09-23 下午10时20分00秒,23.136,,,1248,12-09-23 下午10时00分00秒,22.657,,,,,,,,,,,,,,,,
1257,12-09-23 下午10时40分00秒,22.968,,,1249,12-09-23 下午10时20分00秒,20.246,,,,,,,,,,,,,,,,
1258,12-09-23 下午11时00分00秒,22.944,,,1250,12-09-23 下午10时40分00秒,20.007,,,,,,,,,,,,,,,,
1259,12-09-23 下午11时20分00秒,21.939,,,1251,12-09-23 下午11时00分00秒,20.079,,,,,,,,,,,,,,,,
1260,12-09-23 下午11时40分00秒,21.795,,,1252,12-09-23 下午11时20分00秒,19.413,,,,,,,,,,,,,,,,
1261,12-09-24 上午12时00分00秒,21.724,,,1253,12-09-23 下午11时40分00秒,18.937,,,,,,,,,,,,,,,,
1262,12-09-24 上午12时20分00秒,20.936,,,1254,12-09-24 上午12时00分00秒,19.365,,,,,,,,,,,,,,,,
1263,12-09-24 上午12时40分00秒,20.936,,,1255,12-09-24 上午12时20分00秒,17.272,,,,,,,,,,,,,,,,
1264,12-09-24 上午01时00分00秒,20.913,,,1256,12-09-24 上午12时40分00秒,17.177,,,,,,,,,,,,,,,,
1265,12-09-24 上午01时20分00秒,20.46,,,1257,12-09-24 上午01时00分00秒,17.867,,,,,,,,,,,,,,,,
1266,12-09-24 上午01时40分00秒,20.198,,,1258,12-09-24 上午01时20分00秒,15.509,,,,,,,,,,,,,,,,
1267,12-09-24 上午02时00分00秒,20.222,,,1259,12-09-24 上午01时40分00秒,15.485,,,,,,,,,,,,,,,,
1268,12-09-24 上午02时20分00秒,20.341,,,1260,12-09-24 上午02时00分00秒,15.891,,,,,,,,,,,,,,,,
1269,12-09-24 上午02时40分00秒,20.103,,,1261,12-09-24 上午02时20分00秒,13.473,,,,,,,,,,,,,,,,
1270,12-09-24 上午03时00分00秒,20.007,,,1262,12-09-24 上午02时40分00秒,13.425,,,,,,,,,,,,,,,,
1271,12-09-24 上午03时20分00秒,19.698,,,1263,12-09-24 上午03时00分00秒,13.738,,,,,,,,,,,,,,,,
1272,12-09-24 上午03时40分00秒,19.698,,,1264,12-09-24 上午03时20分00秒,12.437,,,,,,,,,,,,,,,,
1273,12-09-24 上午04时00分00秒,19.793,,,1265,12-09-24 上午03时40分00秒,12.63,,,,,,,,,,,,,,,,
1274,12-09-24 上午04时20分00秒,20.246,,,1266,12-09-24 上午04时00分00秒,12.775,,,,,,,,,,,,,,,,
1275,12-09-24 上午04时40分00秒,20.174,,,1267,12-09-24 上午04时20分00秒,13.473,,,,,,,,,,,,,,,,
1276,12-09-24 上午05时00分00秒,20.174,,,1268,12-09-24 上午04时40分00秒,13.642,,,,,,,,,,,,,,,,
1277,12-09-24 上午05时20分00秒,20.793,,,1269,12-09-24 上午05时00分00秒,13.161,,,,,,,,,,,,,,,,
1278,12-09-24 上午05时40分00秒,21.223,,,1270,12-09-24 上午05时20分00秒,15.031,,,,,,,,,,,,,,,,
1279,12-09-24 上午06时00分00秒,20.96,,,1271,12-09-24 上午05时40分00秒,14.649,,,,,,,,,,,,,,,,
1280,12-09-24 上午06时20分00秒,22.034,,,1272,12-09-24 上午06时00分00秒,14.768,,,,,,,,,,,,,,,,
1281,12-09-24 上午06时40分00秒,21.939,,,1273,12-09-24 上午06时20分00秒,16.582,,,,,,,,,,,,,,,,
1282,12-09-24 上午07时00分00秒,21.987,,,1274,12-09-24 上午06时40分00秒,16.439,,,,,,,,,,,,,,,,
1283,12-09-24 上午07时20分00秒,23.064,,,1275,12-09-24 上午07时00分00秒,16.225,,,,,,,,,,,,,,,,
1284,12-09-24 上午07时40分00秒,23.232,,,1276,12-09-24 上午07时20分00秒,18.747,,,,,,,,,,,,,,,,
1285,12-09-24 上午08时00分00秒,23.328,,,1277,12-09-24 上午07时40分00秒,18.533,,,,,,,,,,,,,,,,
1286,12-09-24 上午08时20分00秒,25.186,,,1278,12-09-24 上午08时00分00秒,18.2,,,,,,,,,,,,,,,,
1287,12-09-24 上午08时22分48秒,Logged,,,1279,12-09-24 上午08时20分00秒,20.841,,,,,,,,,,,,,,,,
1288,12-09-24 上午08时23分38秒,Logged,,,1280,12-09-24 上午08时20分59秒,,,,,,,,,,,,,,,,,
1289,12-09-24 上午08时40分00秒,24.726,,,1281,12-09-24 上午08时21分18秒,,,,,,,,,,,,,,,,,
1290,12-09-24 上午09时00分00秒,24.581,,,1282,12-09-24 上午08时22分05秒,,,,,,,,,,,,,,,,,
1291,12-09-24 上午09时20分00秒,26.573,,,1283,12-09-24 上午08时40分00秒,20.65,,,,,,,,,,,,,,,,
1292,12-09-24 上午09时40分00秒,26.842,,,1284,12-09-24 上午09时00分00秒,20.007,,,,,,,,,,,,,,,,
1293,12-09-24 上午10时00分00秒,26.891,,,1285,12-09-24 上午09时20分00秒,22.705,,,,,,,,,,,,,,,,
1294,12-09-24 上午10时20分00秒,29.515,,,1286,12-09-24 上午09时40分00秒,21.891,,,,,,,,,,,,,,,,
1295,12-09-24 上午10时40分00秒,29.69,,,1287,12-09-24 上午10时00分00秒,21.939,,,,,,,,,,,,,,,,
1296,12-09-24 上午11时00分00秒,29.74,,,1288,12-09-24 上午10时20分00秒,24.895,,,,,,,,,,,,,,,,
1297,12-09-24 上午11时20分00秒,31.97,,,1289,12-09-24 上午10时40分00秒,24.629,,,,,,,,,,,,,,,,
1298,12-09-24 上午11时40分00秒,32.021,,,1290,12-09-24 上午11时00分00秒,24.629,,,,,,,,,,,,,,,,
1299,12-09-24 下午12时00分00秒,32.15,,,1291,12-09-24 上午11时20分00秒,26.5,,,,,,,,,,,,,,,,
1300,12-09-24 下午12时20分00秒,34.124,,,1292,12-09-24 上午11时40分00秒,26.402,,,,,,,,,,,,,,,,
1301,12-09-24 下午12时40分00秒,34.124,,,1293,12-09-24 下午12时00分00秒,26.182,,,,,,,,,,,,,,,,
1302,12-09-24 下午01时00分00秒,33.887,,,1294,12-09-24 下午12时20分00秒,27.014,,,,,,,,,,,,,,,,
1303,12-09-24 下午01时20分00秒,34.308,,,1295,12-09-24 下午12时40分00秒,27.087,,,,,,,,,,,,,,,,
1304,12-09-24 下午01时40分00秒,34.36,,,1296,12-09-24 下午01时00分00秒,27.014,,,,,,,,,,,,,,,,
1305,12-09-24 下午02时00分00秒,34.44,,,1297,12-09-24 下午01时20分00秒,27.653,,,,,,,,,,,,,,,,
1306,12-09-24 下午02时20分00秒,34.598,,,1298,12-09-24 下午01时40分00秒,27.727,,,,,,,,,,,,,,,,
1307,12-09-24 下午02时40分00秒,34.73,,,1299,12-09-24 下午02时00分00秒,27.653,,,,,,,,,,,,,,,,
1308,12-09-24 下午03时00分00秒,34.73,,,1300,12-09-24 下午02时20分00秒,28.221,,,,,,,,,,,,,,,,
1309,12-09-24 下午03时20分00秒,33.73,,,1301,12-09-24 下午02时40分00秒,28.147,,,,,,,,,,,,,,,,
1310,12-09-24 下午03时40分00秒,33.6,,,1302,12-09-24 下午03时00分00秒,28.147,,,,,,,,,,,,,,,,
1311,12-09-24 下午04时00分00秒,33.417,,,1303,12-09-24 下午03时20分00秒,28.122,,,,,,,,,,,,,,,,
1312,12-09-24 下午04时20分00秒,32.484,,,1304,12-09-24 下午03时40分00秒,28.122,,,,,,,,,,,,,,,,
1313,12-09-24 下午04时40分00秒,32.253,,,1305,12-09-24 下午04时00分00秒,28.295,,,,,,,,,,,,,,,,
1314,12-09-24 下午05时00分00秒,32.253,,,1306,12-09-24 下午04时20分00秒,27.677,,,,,,,,,,,,,,,,
1315,12-09-24 下午05时20分00秒,31.153,,,1307,12-09-24 下午04时40分00秒,27.505,,,,,,,,,,,,,,,,
1316,12-09-24 下午05时40分00秒,30.722,,,1308,12-09-24 下午05时00分00秒,27.751,,,,,,,,,,,,,,,,
1317,12-09-24 下午06时00分00秒,30.849,,,1309,12-09-24 下午05时20分00秒,26.94,,,,,,,,,,,,,,,,
1318,12-09-24 下午06时20分00秒,29.24,,,1310,12-09-24 下午05时40分00秒,27.014,,,,,,,,,,,,,,,,
1319,12-09-24 下午06时40分00秒,28.692,,,1311,12-09-24 下午06时00分00秒,27.063,,,,,,,,,,,,,,,,
1320,12-09-24 下午07时00分00秒,28.642,,,1312,12-09-24 下午06时20分00秒,26.329,,,,,,,,,,,,,,,,
1321,12-09-24 下午07时20分00秒,27.308,,,1313,12-09-24 下午06时40分00秒,26.5,,,,,,,,,,,,,,,,
1322,12-09-24 下午07时40分00秒,26.965,,,1314,12-09-24 下午07时00分00秒,26.475,,,,,,,,,,,,,,,,
1323,12-09-24 下午08时00分00秒,27.284,,,1315,12-09-24 下午07时20分00秒,25.113,,,,,,,,,,,,,,,,
1324,12-09-24 下午08时20分00秒,25.841,,,1316,12-09-24 下午07时40分00秒,25.258,,,,,,,,,,,,,,,,
1325,12-09-24 下午08时40分00秒,25.404,,,1317,12-09-24 下午08时00分00秒,25.307,,,,,,,,,,,,,,,,
1326,12-09-24 下午09时00分00秒,25.55,,,1318,12-09-24 下午08时20分00秒,24.171,,,,,,,,,,,,,,,,
1327,12-09-24 下午09时20分00秒,24.339,,,1319,12-09-24 下午08时40分00秒,24.339,,,,,,,,,,,,,,,,
1328,12-09-24 下午09时40分00秒,24.002,,,1320,12-09-24 下午09时00分00秒,24.122,,,,,,,,,,,,,,,,
1329,12-09-24 下午10时00分00秒,23.809,,,1321,12-09-24 下午09时20分00秒,22.896,,,,,,,,,,,,,,,,
1330,12-09-24 下午10时20分00秒,22.8,,,1322,12-09-24 下午09时40分00秒,22.226,,,,,,,,,,,,,,,,
1331,12-09-24 下午10时40分00秒,22.8,,,1323,12-09-24 下午10时00分00秒,22.561,,,,,,,,,,,,,,,,
1332,12-09-24 下午11时00分00秒,22.896,,,1324,12-09-24 下午10时20分00秒,20.317,,,,,,,,,,,,,,,,
1333,12-09-24 下午11时20分00秒,21.724,,,1325,12-09-24 下午10时40分00秒,19.936,,,,,,,,,,,,,,,,
1334,12-09-24 下午11时40分00秒,21.7,,,1326,12-09-24 下午11时00分00秒,20.174,,,,,,,,,,,,,,,,
1335,12-09-25 上午12时00分00秒,21.748,,,1327,12-09-24 下午11时20分00秒,19.532,,,,,,,,,,,,,,,,
1336,12-09-25 上午12时20分00秒,20.865,,,1328,12-09-24 下午11时40分00秒,19.08,,,,,,,,,,,,,,,,
1337,12-09-25 上午12时40分00秒,20.722,,,1329,12-09-25 上午12时00分00秒,19.508,,,,,,,,,,,,,,,,
1338,12-09-25 上午01时00分00秒,20.746,,,1330,12-09-25 上午12时20分00秒,17.558,,,,,,,,,,,,,,,,
1339,12-09-25 上午01时20分00秒,20.341,,,1331,12-09-25 上午12时40分00秒,17.034,,,,,,,,,,,,,,,,
1340,12-09-25 上午01时40分00秒,20.317,,,1332,12-09-25 上午01时00分00秒,17.629,,,,,,,,,,,,,,,,
1341,12-09-25 上午02时00分00秒,20.317,,,1333,12-09-25 上午01时20分00秒,15.915,,,,,,,,,,,,,,,,
1342,12-09-25 上午02时20分00秒,20.079,,,1334,12-09-25 上午01时40分00秒,15.867,,,,,,,,,,,,,,,,
1343,12-09-25 上午02时40分00秒,19.984,,,1335,12-09-25 上午02时00分00秒,15.629,,,,,,,,,,,,,,,,
1344,12-09-25 上午03时00分00秒,19.984,,,1336,12-09-25 上午02时20分00秒,14.409,,,,,,,,,,,,,,,,
1345,12-09-25 上午03时20分00秒,19.555,,,1337,12-09-25 上午02时40分00秒,14.146,,,,,,,,,,,,,,,,
1346,12-09-25 上午03时40分00秒,19.508,,,1338,12-09-25 上午03时00分00秒,13.738,,,,,,,,,,,,,,,,
1347,12-09-25 上午04时00分00秒,19.484,,,1339,12-09-25 上午03时20分00秒,13.088,,,,,,,,,,,,,,,,
1348,12-09-25 上午04时20分00秒,20.126,,,1340,12-09-25 上午03时40分00秒,12.823,,,,,,,,,,,,,,,,
1349,12-09-25 上午04时40分00秒,20.388,,,1341,12-09-25 上午04时00分00秒,12.534,,,,,,,,,,,,,,,,
1350,12-09-25 上午05时00分00秒,20.365,,,1342,12-09-25 上午04时20分00秒,14.17,,,,,,,,,,,,,,,,
1351,12-09-25 上午05时20分00秒,20.674,,,1343,12-09-25 上午04时40分00秒,13.642,,,,,,,,,,,,,,,,
1352,12-09-25 上午05时40分00秒,20.603,,,1344,12-09-25 上午05时00分00秒,13.161,,,,,,,,,,,,,,,,
1353,12-09-25 上午06时00分00秒,20.674,,,1345,12-09-25 上午05时20分00秒,15.318,,,,,,,,,,,,,,,,
1354,12-09-25 上午06时20分00秒,21.724,,,1346,12-09-25 上午05时40分00秒,15.199,,,,,,,,,,,,,,,,
1355,12-09-25 上午06时40分00秒,21.748,,,1347,12-09-25 上午06时00分00秒,15.127,,,,,,,,,,,,,,,,
1356,12-09-25 上午07时00分00秒,21.676,,,1348,12-09-25 上午06时20分00秒,16.034,,,,,,,,,,,,,,,,
1357,12-09-25 上午07时20分00秒,22.561,,,1349,12-09-25 上午06时40分00秒,15.867,,,,,,,,,,,,,,,,
1358,12-09-25 上午07时40分00秒,22.705,,,1350,12-09-25 上午07时00分00秒,15.867,,,,,,,,,,,,,,,,
1359,12-09-25 上午08时00分00秒,22.753,,,1351,12-09-25 上午07时20分00秒,18.889,,,,,,,,,,,,,,,,
1360,12-09-25 上午08时20分00秒,24.532,,,1352,12-09-25 上午07时40分00秒,18.176,,,,,,,,,,,,,,,,
1361,12-09-25 上午08时40分00秒,24.677,,,1353,12-09-25 上午08时00分00秒,19.222,,,,,,,,,,,,,,,,
1362,12-09-25 上午09时00分00秒,24.605,,,1354,12-09-25 上午08时20分00秒,19.674,,,,,,,,,,,,,,,,
1363,12-09-25 上午09时20分00秒,26.329,,,1355,12-09-25 上午08时40分00秒,19.698,,,,,,,,,,,,,,,,
1364,12-09-25 上午09时40分00秒,26.622,,,1356,12-09-25 上午09时00分00秒,20.269,,,,,,,,,,,,,,,,
1365,12-09-25 上午10时00分00秒,26.769,,,1357,12-09-25 上午09时20分00秒,23.184,,,,,,,,,,,,,,,,
1366,12-09-25 上午10时20分00秒,29.54,,,1358,12-09-25 上午09时40分00秒,22.13,,,,,,,,,,,,,,,,
1367,12-09-25 上午10时40分00秒,29.69,,,1359,12-09-25 上午10时00分00秒,21.867,,,,,,,,,,,,,,,,
1368,12-09-25 上午11时00分00秒,29.865,,,1360,12-09-25 上午10时20分00秒,25.21,,,,,,,,,,,,,,,,
1369,12-09-25 上午11时20分00秒,32.021,,,1361,12-09-25 上午10时40分00秒,24.339,,,,,,,,,,,,,,,,
1370,12-09-25 上午11时40分00秒,32.433,,,1362,12-09-25 上午11时00分00秒,24.605,,,,,,,,,,,,,,,,
1371,12-09-25 下午12时00分00秒,32.433,,,1363,12-09-25 上午11时20分00秒,25.404,,,,,,,,,,,,,,,,
1372,12-09-25 下午12时20分00秒,33.94,,,1364,12-09-25 上午11时40分00秒,26.378,,,,,,,,,,,,,,,,
1373,12-09-25 下午12时40分00秒,33.73,,,1365,12-09-25 下午12时00分00秒,25.914,,,,,,,,,,,,,,,,
1374,12-09-25 下午01时00分00秒,33.704,,,1366,12-09-25 下午12时20分00秒,26.402,,,,,,,,,,,,,,,,
1375,12-09-25 下午01时20分00秒,34.413,,,1367,12-09-25 下午12时40分00秒,26.28,,,,,,,,,,,,,,,,
1376,12-09-25 下午01时40分00秒,34.202,,,1368,12-09-25 下午01时00分00秒,26.451,,,,,,,,,,,,,,,,
1377,12-09-25 下午02时00分00秒,34.202,,,1369,12-09-25 下午01时20分00秒,28.048,,,,,,,,,,,,,,,,
1378,12-09-25 下午02时20分00秒,34.202,,,1370,12-09-25 下午01时40分00秒,29.34,,,,,,,,,,,,,,,,
1379,12-09-25 下午02时40分00秒,34.255,,,1371,12-09-25 下午02时00分00秒,26.989,,,,,,,,,,,,,,,,
1380,12-09-25 下午03时00分00秒,34.281,,,1372,12-09-25 下午02时20分00秒,28.965,,,,,,,,,,,,,,,,
1381,12-09-25 下午03时20分00秒,33.626,,,1373,12-09-25 下午02时40分00秒,27.825,,,,,,,,,,,,,,,,
1382,12-09-25 下午03时40分00秒,33.521,,,1374,12-09-25 下午03时00分00秒,27.604,,,,,,,,,,,,,,,,
1383,12-09-25 下午04时00分00秒,33.626,,,1375,12-09-25 下午03时20分00秒,27.382,,,,,,,,,,,,,,,,
1384,12-09-25 下午04时20分00秒,32.51,,,1376,12-09-25 下午03时40分00秒,28.543,,,,,,,,,,,,,,,,
1385,12-09-25 下午04时40分00秒,32.304,,,1377,12-09-25 下午04时00分00秒,28.097,,,,,,,,,,,,,,,,
1386,12-09-25 下午05时00分00秒,32.201,,,1378,12-09-25 下午04时20分00秒,27.702,,,,,,,,,,,,,,,,
1387,12-09-25 下午05时20分00秒,30.925,,,1379,12-09-25 下午04时40分00秒,27.53,,,,,,,,,,,,,,,,
1388,12-09-25 下午05时40分00秒,30.798,,,1380,12-09-25 下午05时00分00秒,27.456,,,,,,,,,,,,,,,,
1389,12-09-25 下午06时00分00秒,30.621,,,1381,12-09-25 下午05时20分00秒,27.21,,,,,,,,,,,,,,,,
1390,12-09-25 下午06时20分00秒,28.617,,,1382,12-09-25 下午05时40分00秒,26.842,,,,,,,,,,,,,,,,
1391,12-09-25 下午06时40分00秒,28.791,,,1383,12-09-25 下午06时00分00秒,26.965,,,,,,,,,,,,,,,,
1392,12-09-25 下午07时00分00秒,28.468,,,1384,12-09-25 下午06时20分00秒,26.451,,,,,,,,,,,,,,,,
1393,12-09-25 下午07时20分00秒,27.235,,,1385,12-09-25 下午06时40分00秒,25.914,,,,,,,,,,,,,,,,
1394,12-09-25 下午07时40分00秒,27.112,,,1386,12-09-25 下午07时00分00秒,27.505,,,,,,,,,,,,,,,,
1395,12-09-25 下午08时00分00秒,27.161,,,1387,12-09-25 下午07时20分00秒,25.21,,,,,,,,,,,,,,,,
1396,12-09-25 下午08时20分00秒,25.914,,,1388,12-09-25 下午07时40分00秒,25.404,,,,,,,,,,,,,,,,
1397,12-09-25 下午08时40分00秒,25.695,,,1389,12-09-25 下午08时00分00秒,25.404,,,,,,,,,,,,,,,,
1398,12-09-25 下午09时00分00秒,25.671,,,1390,12-09-25 下午08时20分00秒,24.339,,,,,,,,,,,,,,,,
1399,12-09-25 下午09时20分00秒,24.171,,,1391,12-09-25 下午08时40分00秒,24.146,,,,,,,,,,,,,,,,
1400,12-09-25 下午09时40分00秒,24.074,,,1392,12-09-25 下午09时00分00秒,24.532,,,,,,,,,,,,,,,,
1401,12-09-25 下午10时00分00秒,23.641,,,1393,12-09-25 下午09时20分00秒,22.705,,,,,,,,,,,,,,,,
1402,12-09-25 下午10时20分00秒,22.776,,,1394,12-09-25 下午09时40分00秒,22.441,,,,,,,,,,,,,,,,
1403,12-09-25 下午10时40分00秒,22.537,,,1395,12-09-25 下午10时00分00秒,23.881,,,,,,,,,,,,,,,,
1404,12-09-25 下午11时00分00秒,22.417,,,1396,12-09-25 下午10时20分00秒,20.841,,,,,,,,,,,,,,,,
1405,12-09-25 下午11时20分00秒,21.939,,,1397,12-09-25 下午10时40分00秒,20.341,,,,,,,,,,,,,,,,
1406,12-09-25 下午11时40分00秒,21.795,,,1398,12-09-25 下午11时00分00秒,20.722,,,,,,,,,,,,,,,,
1407,12-09-26 上午12时00分00秒,21.748,,,1399,12-09-25 下午11时20分00秒,19.484,,,,,,,,,,,,,,,,
1408,12-09-26 上午12时20分00秒,21.079,,,1400,12-09-25 下午11时40分00秒,19.579,,,,,,,,,,,,,,,,
1409,12-09-26 上午12时40分00秒,21.103,,,1401,12-09-26 上午12时00分00秒,19.318,,,,,,,,,,,,,,,,
1410,12-09-26 上午01时00分00秒,20.936,,,1402,12-09-26 上午12时20分00秒,17.391,,,,,,,,,,,,,,,,
1411,12-09-26 上午01时20分00秒,20.531,,,1403,12-09-26 上午12时40分00秒,17.296,,,,,,,,,,,,,,,,
1412,12-09-26 上午01时40分00秒,20.388,,,1404,12-09-26 上午01时00分00秒,17.867,,,,,,,,,,,,,,,,
1413,12-09-26 上午02时00分00秒,20.341,,,1405,12-09-26 上午01时20分00秒,15.796,,,,,,,,,,,,,,,,
1414,12-09-26 上午02时20分00秒,20.079,,,1406,12-09-26 上午01时40分00秒,15.199,,,,,,,,,,,,,,,,
1415,12-09-26 上午02时40分00秒,20.031,,,1407,12-09-26 上午02时00分00秒,15.963,,,,,,,,,,,,,,,,
1416,12-09-26 上午03时00分00秒,19.984,,,1408,12-09-26 上午02时20分00秒,14.337,,,,,,,,,,,,,,,,
1417,12-09-26 上午03时20分00秒,19.793,,,1409,12-09-26 上午02时40分00秒,14.026,,,,,,,,,,,,,,,,
1418,12-09-26 上午03时40分00秒,19.651,,,1410,12-09-26 上午03时00分00秒,14.505,,,,,,,,,,,,,,,,
1419,12-09-26 上午04时00分00秒,19.674,,,1411,12-09-26 上午03时20分00秒,12.823,,,,,,,,,,,,,,,,
1420,12-09-26 上午04时20分00秒,19.888,,,1412,12-09-26 上午03时40分00秒,13.329,,,,,,,,,,,,,,,,
1421,12-09-26 上午04时40分00秒,19.96,,,1413,12-09-26 上午04时00分00秒,13.209,,,,,,,,,,,,,,,,
1422,12-09-26 上午05时00分00秒,20.079,,,1414,12-09-26 上午04时20分00秒,13.666,,,,,,,,,,,,,,,,
1423,12-09-26 上午05时20分00秒,20.913,,,1415,12-09-26 上午04时40分00秒,13.546,,,,,,,,,,,,,,,,
1424,12-09-26 上午05时40分00秒,20.841,,,1416,12-09-26 上午05时00分00秒,13.497,,,,,,,,,,,,,,,,
1425,12-09-26 上午06时00分00秒,20.746,,,1417,12-09-26 上午05时20分00秒,15.772,,,,,,,,,,,,,,,,
1426,12-09-26 上午06时20分00秒,21.7,,,1418,12-09-26 上午05时40分00秒,14.912,,,,,,,,,,,,,,,,
1427,12-09-26 上午06时40分00秒,21.795,,,1419,12-09-26 上午06时00分00秒,14.768,,,,,,,,,,,,,,,,
1428,12-09-26 上午07时00分00秒,21.915,,,1420,12-09-26 上午06时20分00秒,16.487,,,,,,,,,,,,,,,,
1429,12-09-26 上午07时20分00秒,22.776,,,1421,12-09-26 上午06时40分00秒,16.368,,,,,,,,,,,,,,,,
1430,12-09-26 上午07时40分00秒,22.824,,,1422,12-09-26 上午07时00分00秒,17.486,,,,,,,,,,,,,,,,
1431,12-09-26 上午08时00分00秒,23.208,,,1423,12-09-26 上午07时20分00秒,18.224,,,,,,,,,,,,,,,,
1432,12-09-26 上午08时20分00秒,24.146,,,1424,12-09-26 上午07时40分00秒,18.675,,,,,,,,,,,,,,,,
1433,12-09-26 上午08时40分00秒,24.774,,,1425,12-09-26 上午08时00分00秒,19.199,,,,,,,,,,,,,,,,
1434,12-09-26 上午09时00分00秒,24.968,,,1426,12-09-26 上午08时20分00秒,20.174,,,,,,,,,,,,,,,,
1435,12-09-26 上午09时20分00秒,26.842,,,1427,12-09-26 上午08时40分00秒,20.055,,,,,,,,,,,,,,,,
1436,12-09-26 上午09时40分00秒,26.72,,,1428,12-09-26 上午09时00分00秒,20.055,,,,,,,,,,,,,,,,
1437,12-09-26 上午10时00分00秒,26.94,,,1429,12-09-26 上午09时20分00秒,23.016,,,,,,,,,,,,,,,,
1438,12-09-26 上午10时20分00秒,29.49,,,1430,12-09-26 上午09时40分00秒,22.417,,,,,,,,,,,,,,,,
1439,12-09-26 上午10时40分00秒,29.89,,,1431,12-09-26 上午10时00分00秒,22.633,,,,,,,,,,,,,,,,
1440,12-09-26 上午11时00分00秒,29.941,,,1432,12-09-26 上午10时20分00秒,24.919,,,,,,,,,,,,,,,,
1441,12-09-26 上午11时20分00秒,31.996,,,1433,12-09-26 上午10时40分00秒,24.919,,,,,,,,,,,,,,,,
1442,12-09-26 上午11时40分00秒,32.407,,,1434,12-09-26 上午11时00分00秒,24.726,,,,,,,,,,,,,,,,
1443,12-09-26 下午12时00分00秒,32.355,,,1435,12-09-26 上午11时20分00秒,26.573,,,,,,,,,,,,,,,,
1444,12-09-26 下午12时20分00秒,33.835,,,1436,12-09-26 上午11时40分00秒,26.402,,,,,,,,,,,,,,,,
1445,12-09-26 下午12时40分00秒,33.704,,,1437,12-09-26 下午12时00分00秒,26.085,,,,,,,,,,,,,,,,
1446,12-09-26 下午01时00分00秒,33.783,,,1438,12-09-26 下午12时20分00秒,27.21,,,,,,,,,,,,,,,,
1447,12-09-26 下午01时20分00秒,34.519,,,1439,12-09-26 下午12时40分00秒,26.965,,,,,,,,,,,,,,,,
1448,12-09-26 下午01时40分00秒,34.36,,,1440,12-09-26 下午01时00分00秒,26.769,,,,,,,,,,,,,,,,
1449,12-09-26 下午02时00分00秒,34.334,,,1441,12-09-26 下午01时20分00秒,27.751,,,,,,,,,,,,,,,,
1450,12-09-26 下午02时20分00秒,34.413,,,1442,12-09-26 下午01时40分00秒,27.554,,,,,,,,,,,,,,,,
1451,12-09-26 下午02时40分00秒,34.519,,,1443,12-09-26 下午02时00分00秒,27.481,,,,,,,,,,,,,,,,
1452,12-09-26 下午03时00分00秒,34.624,,,1444,12-09-26 下午02时20分00秒,28.221,,,,,,,,,,,,,,,,
1453,12-09-26 下午03时20分00秒,33.626,,,1445,12-09-26 下午02时40分00秒,27.949,,,,,,,,,,,,,,,,
1454,12-09-26 下午03时40分00秒,33.521,,,1446,12-09-26 下午03时00分00秒,28.097,,,,,,,,,,,,,,,,
1455,12-09-26 下午04时00分00秒,33.365,,,1447,12-09-26 下午03时20分00秒,28.048,,,,,,,,,,,,,,,,
1456,12-09-26 下午04时20分00秒,32.433,,,1448,12-09-26 下午03时40分00秒,27.949,,,,,,,,,,,,,,,,
1457,12-09-26 下午04时40分00秒,32.227,,,1449,12-09-26 下午04时00分00秒,28.245,,,,,,,,,,,,,,,,
1458,12-09-26 下午05时00分00秒,32.175,,,1450,12-09-26 下午04时20分00秒,27.382,,,,,,,,,,,,,,,,
1459,12-09-26 下午05时20分00秒,30.976,,,1451,12-09-26 下午04时40分00秒,27.702,,,,,,,,,,,,,,,,
1460,12-09-26 下午05时40分00秒,30.571,,,1452,12-09-26 下午05时00分00秒,27.407,,,,,,,,,,,,,,,,
1461,12-09-26 下午06时00分00秒,30.697,,,1453,12-09-26 下午05时20分00秒,26.989,,,,,,,,,,,,,,,,
1462,12-09-26 下午06时20分00秒,29.015,,,1454,12-09-26 下午05时40分00秒,26.867,,,,,,,,,,,,,,,,
1463,12-09-26 下午06时40分00秒,28.617,,,1455,12-09-26 下午06时00分00秒,26.891,,,,,,,,,,,,,,,,
1464,12-09-26 下午07时00分00秒,28.742,,,1456,12-09-26 下午06时20分00秒,26.671,,,,,,,,,,,,,,,,
1465,12-09-26 下午07时20分00秒,27.554,,,1457,12-09-26 下午06时40分00秒,26.671,,,,,,,,,,,,,,,,
1466,12-09-26 下午07时40分00秒,26.965,,,1458,12-09-26 下午07时00分00秒,26.329,,,,,,,,,,,,,,,,
1467,12-09-26 下午08时00分00秒,27.063,,,1459,12-09-26 下午07时20分00秒,25.453,,,,,,,,,,,,,,,,
1468,12-09-26 下午08时20分00秒,25.841,,,1460,12-09-26 下午07时40分00秒,25.38,,,,,,,,,,,,,,,,
1469,12-09-26 下午08时40分00秒,25.623,,,1461,12-09-26 下午08时00分00秒,25.162,,,,,,,,,,,,,,,,
1470,12-09-26 下午09时00分00秒,25.574,,,1462,12-09-26 下午08时20分00秒,24.484,,,,,,,,,,,,,,,,
1471,12-09-26 下午09时07分03秒,Logged,,,1463,12-09-26 下午08时40分00秒,24.146,,,,,,,,,,,,,,,,
1472,12-09-26 下午09时08分05秒,Logged,,,1464,12-09-26 下午09时00分00秒,24.074,,,,,,,,,,,,,,,,
1473,12-09-26 下午09时08分07秒,Logged,,,1465,12-09-26 下午09时09分42秒,,,,,,,,,,,,,,,,,
1474,12-09-26 下午09时08分50秒,Logged,,,1466,12-09-26 下午09时10分27秒,,,,,,,,,,,,,,,,,
1475,12-09-26 下午09时08分57秒,Logged,,,1467,12-09-26 下午09时20分00秒,23.857,,,,,,,,,,,,,,,,
1476,12-09-26 下午09时09分40秒,Logged,,,1468,12-09-26 下午09时40分00秒,22.824,,,,,,,,,,,,,,,,
1477,12-09-26 下午09时20分00秒,25.113,,,1469,12-09-26 下午10时00分00秒,22.944,,,,,,,,,,,,,,,,
1478,12-09-26 下午09时40分00秒,24.098,,,1470,12-09-26 下午10时20分00秒,20.841,,,,,,,,,,,,,,,,
1479,12-09-26 下午10时00分00秒,23.761,,,1471,12-09-26 下午10时40分00秒,20.46,,,,,,,,,,,,,,,,
1480,12-09-26 下午10时20分00秒,22.896,,,1472,12-09-26 下午11时00分00秒,20.46,,,,,,,,,,,,,,,,
1481,12-09-26 下午10时40分00秒,22.657,,,1473,12-09-26 下午11时20分00秒,19.603,,,,,,,,,,,,,,,,
1482,12-09-26 下午11时00分00秒,22.872,,,1474,12-09-26 下午11时40分00秒,19.793,,,,,,,,,,,,,,,,
1483,12-09-26 下午11时20分00秒,21.963,,,1475,12-09-27 上午12时00分00秒,19.294,,,,,,,,,,,,,,,,
1484,12-09-26 下午11时40分00秒,21.939,,,1476,12-09-27 上午12时20分00秒,17.891,,,,,,,,,,,,,,,,
1485,12-09-27 上午12时00分00秒,21.987,,,1477,12-09-27 上午12时40分00秒,17.486,,,,,,,,,,,,,,,,
1486,12-09-27 上午12时20分00秒,21.199,,,1478,12-09-27 上午01时00分00秒,17.796,,,,,,,,,,,,,,,,
1487,12-09-27 上午12时40分00秒,20.936,,,1479,12-09-27 上午01时20分00秒,15.939,,,,,,,,,,,,,,,,
1488,12-09-27 上午01时00分00秒,20.865,,,1480,12-09-27 上午01时40分00秒,16.272,,,,,,,,,,,,,,,,
1489,12-09-27 上午01时20分00秒,20.579,,,1481,12-09-27 上午02时00分00秒,15.605,,,,,,,,,,,,,,,,
1490,12-09-27 上午01时40分00秒,20.365,,,1482,12-09-27 上午02时20分00秒,14.337,,,,,,,,,,,,,,,,
1491,12-09-27 上午02时00分00秒,20.317,,,1483,12-09-27 上午02时40分00秒,13.858,,,,,,,,,,,,,,,,
1492,12-09-27 上午02时20分00秒,19.841,,,1484,12-09-27 上午03时00分00秒,14.002,,,,,,,,,,,,,,,,
1493,12-09-27 上午02时40分00秒,19.984,,,1485,12-09-27 上午03时20分00秒,13.04,,,,,,,,,,,,,,,,
1494,12-09-27 上午03时00分00秒,20.198,,,1486,12-09-27 上午03时40分00秒,13.257,,,,,,,,,,,,,,,,
1495,12-09-27 上午03时20分00秒,19.532,,,1487,12-09-27 上午04时00分00秒,13.137,,,,,,,,,,,,,,,,
1496,12-09-27 上午03时40分00秒,19.674,,,1488,12-09-27 上午04时20分00秒,13.786,,,,,,,,,,,,,,,,
1497,12-09-27 上午04时00分00秒,19.888,,,1489,12-09-27 上午04时40分00秒,13.642,,,,,,,,,,,,,,,,
1498,12-09-27 上午04时20分00秒,19.984,,,1490,12-09-27 上午05时00分00秒,13.473,,,,,,,,,,,,,,,,
1499,12-09-27 上午04时40分00秒,20.174,,,1491,12-09-27 上午05时20分00秒,15.509,,,,,,,,,,,,,,,,
1500,12-09-27 上午05时00分00秒,20.365,,,1492,12-09-27 上午05时40分00秒,15.533,,,,,,,,,,,,,,,,
1501,12-09-27 上午05时20分00秒,20.722,,,1493,12-09-27 上午06时00分00秒,15.342,,,,,,,,,,,,,,,,
1502,12-09-27 上午05时40分00秒,20.984,,,1494,12-09-27 上午06时20分00秒,16.844,,,,,,,,,,,,,,,,
1503,12-09-27 上午06时00分00秒,20.841,,,1495,12-09-27 上午06时40分00秒,16.725,,,,,,,,,,,,,,,,
1504,12-09-27 上午06时20分00秒,22.034,,,1496,12-09-27 上午07时00分00秒,16.725,,,,,,,,,,,,,,,,
1505,12-09-27 上午06时40分00秒,22.082,,,1497,12-09-27 上午07时20分00秒,18.699,,,,,,,,,,,,,,,,
1506,12-09-27 上午07时00分00秒,21.987,,,1498,12-09-27 上午07时40分00秒,18.604,,,,,,,,,,,,,,,,
1507,12-09-27 上午07时20分00秒,22.8,,,1499,12-09-27 上午08时00分00秒,18.438,,,,,,,,,,,,,,,,
1508,12-09-27 上午07时40分00秒,22.92,,,1500,12-09-27 上午08时20分00秒,20.65,,,,,,,,,,,,,,,,
1509,12-09-27 上午08时00分00秒,22.968,,,1501,12-09-27 上午08时40分00秒,20.174,,,,,,,,,,,,,,,,
1510,12-09-27 上午08时20分00秒,24.774,,,1502,12-09-27 上午09时00分00秒,19.984,,,,,,,,,,,,,,,,
1511,12-09-27 上午08时40分00秒,24.75,,,1503,12-09-27 上午09时20分00秒,23.088,,,,,,,,,,,,,,,,
1512,12-09-27 上午09时00分00秒,24.702,,,1504,12-09-27 上午09时40分00秒,22.561,,,,,,,,,,,,,,,,
1513,12-09-27 上午09时20分00秒,26.695,,,1505,12-09-27 上午10时00分00秒,22.705,,,,,,,,,,,,,,,,
1514,12-09-27 上午09时40分00秒,26.695,,,1506,12-09-27 上午10时20分00秒,24.726,,,,,,,,,,,,,,,,
1515,12-09-27 上午10时00分00秒,26.72,,,1507,12-09-27 上午10时40分00秒,24.653,,,,,,,,,,,,,,,,
1516,12-09-27 上午10时20分00秒,29.74,,,1508,12-09-27 上午11时00分00秒,24.75,,,,,,,,,,,,,,,,
1517,12-09-27 上午10时40分00秒,30.066,,,1509,12-09-27 上午11时20分00秒,26.402,,,,,,,,,,,,,,,,
1518,12-09-27 上午11时00分00秒,30.041,,,1510,12-09-27 上午11时40分00秒,26.353,,,,,,,,,,,,,,,,
1519,12-09-27 上午11时20分00秒,32.304,,,1511,12-09-27 下午12时00分00秒,26.353,,,,,,,,,,,,,,,,
1520,12-09-27 上午11时40分00秒,32.484,,,1512,12-09-27 下午12时20分00秒,27.087,,,,,,,,,,,,,,,,
1521,12-09-27 下午12时00分00秒,32.717,,,1513,12-09-27 下午12时40分00秒,27.112,,,,,,,,,,,,,,,,
1522,12-09-27 下午12时20分00秒,34.124,,,1514,12-09-27 下午01时00分00秒,27.186,,,,,,,,,,,,,,,,
1523,12-09-27 下午12时40分00秒,34.202,,,1515,12-09-27 下午01时20分00秒,27.875,,,,,,,,,,,,,,,,
1524,12-09-27 下午01时00分00秒,33.887,,,1516,12-09-27 下午01时40分00秒,27.727,,,,,,,,,,,,,,,,
1525,12-09-27 下午01时20分00秒,34.704,,,1517,12-09-27 下午02时00分00秒,27.825,,,,,,,,,,,,,,,,
1526,12-09-27 下午01时40分00秒,35.049,,,1518,12-09-27 下午02时20分00秒,28.245,,,,,,,,,,,,,,,,
1527,12-09-27 下午02时00分00秒,34.81,,,1519,12-09-27 下午02时40分00秒,28.345,,,,,,,,,,,,,,,,
1528,12-09-27 下午02时20分00秒,34.81,,,1520,12-09-27 下午03时00分00秒,28.468,,,,,,,,,,,,,,,,
1529,12-09-27 下午02时40分00秒,34.81,,,1521,12-09-27 下午03时20分00秒,28.419,,,,,,,,,,,,,,,,
1530,12-09-27 下午03时00分00秒,34.783,,,1522,12-09-27 下午03时40分00秒,28.295,,,,,,,,,,,,,,,,
1531,12-09-27 下午03时20分00秒,33.757,,,1523,12-09-27 下午04时00分00秒,28.32,,,,,,,,,,,,,,,,
1532,12-09-27 下午03时40分00秒,33.678,,,1524,12-09-27 下午04时20分00秒,27.998,,,,,,,,,,,,,,,,
1533,12-09-27 下午04时00分00秒,33.626,,,1525,12-09-27 下午04时40分00秒,27.751,,,,,,,,,,,,,,,,
1534,12-09-27 下午04时20分00秒,32.562,,,1526,12-09-27 下午05时00分00秒,27.677,,,,,,,,,,,,,,,,
1535,12-09-27 下午04时40分00秒,32.381,,,1527,12-09-27 下午05时20分00秒,27.21,,,,,,,,,,,,,,,,
1536,12-09-27 下午05时00分00秒,32.51,,,1528,12-09-27 下午05时40分00秒,27.235,,,,,,,,,,,,,,,,
1537,12-09-27 下午05时20分00秒,31.204,,,1529,12-09-27 下午06时00分00秒,27.186,,,,,,,,,,,,,,,,
1538,12-09-27 下午05时40分00秒,30.748,,,1530,12-09-27 下午06时20分00秒,26.622,,,,,,,,,,,,,,,,
1539,12-09-27 下午06时00分00秒,30.722,,,1531,12-09-27 下午06时40分00秒,26.646,,,,,,,,,,,,,,,,
1540,12-09-27 下午06时20分00秒,29.14,,,1532,12-09-27 下午07时00分00秒,26.549,,,,,,,,,,,,,,,,
1541,12-09-27 下午06时40分00秒,28.841,,,1533,12-09-27 下午07时20分00秒,25.744,,,,,,,,,,,,,,,,
1542,12-09-27 下午07时00分00秒,28.717,,,1534,12-09-27 下午07时40分00秒,25.501,,,,,,,,,,,,,,,,
1543,12-09-27 下午07时20分00秒,27.382,,,1535,12-09-27 下午08时00分00秒,25.404,,,,,,,,,,,,,,,,
1544,12-09-27 下午07时40分00秒,27.161,,,1536,12-09-27 下午08时20分00秒,24.605,,,,,,,,,,,,,,,,
1545,12-09-27 下午08时00分00秒,27.063,,,1537,12-09-27 下午08时40分00秒,24.605,,,,,,,,,,,,,,,,
1546,12-09-27 下午08时20分00秒,25.671,,,1538,12-09-27 下午09时00分00秒,24.532,,,,,,,,,,,,,,,,
1547,12-09-27 下午08时40分00秒,25.574,,,1539,12-09-27 下午09时20分00秒,23.184,,,,,,,,,,,,,,,,
1548,12-09-27 下午09时00分00秒,25.574,,,1540,12-09-27 下午09时40分00秒,22.8,,,,,,,,,,,,,,,,
1549,12-09-27 下午09时20分00秒,24.436,,,1541,12-09-27 下午10时00分00秒,22.729,,,,,,,,,,,,,,,,
1550,12-09-27 下午09时40分00秒,24.05,,,1542,12-09-27 下午10时20分00秒,20.817,,,,,,,,,,,,,,,,
1551,12-09-27 下午10时00分00秒,23.857,,,1543,12-09-27 下午10时40分00秒,20.365,,,,,,,,,,,,,,,,
1552,12-09-27 下午10时20分00秒,22.944,,,1544,12-09-27 下午11时00分00秒,20.46,,,,,,,,,,,,,,,,
1553,12-09-27 下午10时40分00秒,22.848,,,1545,12-09-27 下午11时20分00秒,19.817,,,,,,,,,,,,,,,,
1554,12-09-27 下午11时00分00秒,22.872,,,1546,12-09-27 下午11时40分00秒,19.508,,,,,,,,,,,,,,,,
1555,12-09-27 下午11时20分00秒,21.867,,,1547,12-09-28 上午12时00分00秒,19.46,,,,,,,,,,,,,,,,
1556,12-09-27 下午11时40分00秒,21.7,,,1548,12-09-28 上午12时20分00秒,17.796,,,,,,,,,,,,,,,,
1557,12-09-28 上午12时00分00秒,22.321,,,1549,12-09-28 上午12时40分00秒,17.582,,,,,,,,,,,,,,,,
1558,12-09-28 上午12时20分00秒,20.913,,,1550,12-09-28 上午01时00分00秒,17.534,,,,,,,,,,,,,,,,
1559,12-09-28 上午12时40分00秒,20.603,,,1551,12-09-28 上午01时20分00秒,15.986,,,,,,,,,,,,,,,,
1560,12-09-28 上午01时00分00秒,20.746,,,1552,12-09-28 上午01时40分00秒,16.082,,,,,,,,,,,,,,,,
1561,12-09-28 上午01时20分00秒,20.65,,,1553,12-09-28 上午02时00分00秒,15.652,,,,,,,,,,,,,,,,
1562,12-09-28 上午01时40分00秒,20.126,,,1554,12-09-28 上午02时20分00秒,14.266,,,,,,,,,,,,,,,,
1563,12-09-28 上午02时00分00秒,21.175,,,1555,12-09-28 上午02时40分00秒,14.505,,,,,,,,,,,,,,,,
1564,12-09-28 上午02时20分00秒,20.507,,,1556,12-09-28 上午03时00分00秒,14.361,,,,,,,,,,,,,,,,
1565,12-09-28 上午02时40分00秒,19.984,,,1557,12-09-28 上午03时20分00秒,13.281,,,,,,,,,,,,,,,,
1566,12-09-28 上午03时00分00秒,20.079,,,1558,12-09-28 上午03时40分00秒,13.522,,,,,,,,,,,,,,,,
1567,12-09-28 上午03时20分00秒,19.984,,,1559,12-09-28 上午04时00分00秒,13.353,,,,,,,,,,,,,,,,
1568,12-09-28 上午03时40分00秒,19.96,,,1560,12-09-28 上午04时20分00秒,13.618,,,,,,,,,,,,,,,,
1569,12-09-28 上午04时00分00秒,19.841,,,1561,12-09-28 上午04时40分00秒,13.473,,,,,,,,,,,,,,,,
1570,12-09-28 上午04时20分00秒,20.317,,,1562,12-09-28 上午05时00分00秒,13.834,,,,,,,,,,,,,,,,
1571,12-09-28 上午04时40分00秒,20.531,,,1563,12-09-28 上午05时20分00秒,15.485,,,,,,,,,,,,,,,,
1572,12-09-28 上午05时00分00秒,20.341,,,1564,12-09-28 上午05时40分00秒,15.557,,,,,,,,,,,,,,,,
1573,12-09-28 上午05时20分00秒,20.746,,,1565,12-09-28 上午06时00分00秒,15.223,,,,,,,,,,,,,,,,
1574,12-09-28 上午05时40分00秒,20.865,,,1566,12-09-28 上午06时20分00秒,16.987,,,,,,,,,,,,,,,,
1575,12-09-28 上午06时00分00秒,20.865,,,1567,12-09-28 上午06时40分00秒,16.749,,,,,,,,,,,,,,,,
1576,12-09-28 上午06时20分00秒,22.011,,,1568,12-09-28 上午07时00分00秒,16.701,,,,,,,,,,,,,,,,
1577,12-09-28 上午06时40分00秒,21.987,,,1569,12-09-28 上午07时20分00秒,19.413,,,,,,,,,,,,,,,,
1578,12-09-28 上午07时00分00秒,22.178,,,1570,12-09-28 上午07时40分00秒,18.866,,,,,,,,,,,,,,,,
1579,12-09-28 上午07时20分00秒,23.064,,,1571,12-09-28 上午08时00分00秒,19.008,,,,,,,,,,,,,,,,
1580,12-09-28 上午07时40分00秒,23.352,,,1572,12-09-28 上午08时20分00秒,20.65,,,,,,,,,,,,,,,,
1581,12-09-28 上午08时00分00秒,23.256,,,1573,12-09-28 上午08时40分00秒,20.603,,,,,,,,,,,,,,,,
1582,12-09-28 上午08时20分00秒,24.774,,,1574,12-09-28 上午09时00分00秒,20.484,,,,,,,,,,,,,,,,
1583,12-09-28 上午08时40分00秒,24.726,,,1575,12-09-28 上午09时20分00秒,22.681,,,,,,,,,,,,,,,,
1584,12-09-28 上午09时00分00秒,24.823,,,1576,12-09-28 上午09时40分00秒,22.729,,,,,,,,,,,,,,,,
1585,12-09-28 上午09时20分00秒,26.549,,,1577,12-09-28 上午10时00分00秒,22.633,,,,,,,,,,,,,,,,
1586,12-09-28 上午09时40分00秒,26.671,,,1578,12-09-28 上午10时20分00秒,25.04,,,,,,,,,,,,,,,,
1587,12-09-28 上午10时00分00秒,26.818,,,1579,12-09-28 上午10时40分00秒,24.726,,,,,,,,,,,,,,,,
1588,12-09-28 上午10时20分00秒,29.615,,,1580,12-09-28 上午11时00分00秒,24.702,,,,,,,,,,,,,,,,
1589,12-09-28 上午10时40分00秒,29.715,,,1581,12-09-28 上午11时11分26秒,,,,,,,,,,,,,,,,,
1590,12-09-28 上午11时00分00秒,29.84,,,1582,12-09-28 上午11时12分14秒,,,,,,,,,,,,,,,,,
1591,12-09-28 上午11时12分56秒,Logged,,,1583,12-09-28 上午11时20分00秒,26.304,,,,,,,,,,,,,,,,
1592,12-09-28 上午11时13分19秒,Logged,,,1584,12-09-28 上午11时40分00秒,26.256,,,,,,,,,,,,,,,,
1593,12-09-28 上午11时20分00秒,31.612,,,1585,12-09-28 下午12时00分00秒,26.182,,,,,,,,,,,,,,,,
1594,12-09-28 上午11时40分00秒,31.868,,,1586,12-09-28 下午12时20分00秒,27.235,,,,,,,,,,,,,,,,
1595,12-09-28 下午12时00分00秒,31.97,,,1587,12-09-28 下午12时40分00秒,27.014,,,,,,,,,,,,,,,,
1596,12-09-28 下午12时20分00秒,33.992,,,1588,12-09-28 下午01时00分00秒,27.014,,,,,,,,,,,,,,,,
1597,12-09-28 下午12时40分00秒,34.124,,,1589,12-09-28 下午01时20分00秒,27.949,,,,,,,,,,,,,,,,
1598,12-09-28 下午01时00分00秒,34.413,,,1590,12-09-28 下午01时40分00秒,27.677,,,,,,,,,,,,,,,,
1599,12-09-28 下午01时20分00秒,34.519,,,1591,12-09-28 下午02时00分00秒,27.727,,,,,,,,,,,,,,,,
1600,12-09-28 下午01时40分00秒,34.677,,,1592,12-09-28 下午02时20分00秒,28.196,,,,,,,,,,,,,,,,
1601,12-09-28 下午02时00分00秒,34.942,,,1593,12-09-28 下午02时40分00秒,28.147,,,,,,,,,,,,,,,,
1602,12-09-28 下午02时20分00秒,34.281,,,1594,12-09-28 下午03时00分00秒,28.345,,,,,,,,,,,,,,,,
1603,12-09-28 下午02时40分00秒,34.783,,,1595,12-09-28 下午03时20分00秒,28.245,,,,,,,,,,,,,,,,
1604,12-09-28 下午03时00分00秒,34.229,,,1596,12-09-28 下午03时40分00秒,28.642,,,,,,,,,,,,,,,,
1605,12-09-28 下午03时20分00秒,33.73,,,1597,12-09-28 下午04时00分00秒,28.27,,,,,,,,,,,,,,,,
1606,12-09-28 下午03时40分00秒,33.704,,,1598,12-09-28 下午04时20分00秒,27.702,,,,,,,,,,,,,,,,
1607,12-09-28 下午04时00分00秒,33.704,,,1599,12-09-28 下午04时40分00秒,27.53,,,,,,,,,,,,,,,,
1608,12-09-28 下午04时20分00秒,32.691,,,1600,12-09-28 下午05时00分00秒,27.382,,,,,,,,,,,,,,,,
1609,12-09-28 下午04时40分00秒,32.484,,,1601,12-09-28 下午05时20分00秒,27.038,,,,,,,,,,,,,,,,
1610,12-09-28 下午05时00分00秒,32.433,,,1602,12-09-28 下午05时40分00秒,27.014,,,,,,,,,,,,,,,,
1611,12-09-28 下午05时20分00秒,31.103,,,1603,12-09-28 下午06时00分00秒,27.014,,,,,,,,,,,,,,,,
1612,12-09-28 下午05时40分00秒,30.748,,,1604,12-09-28 下午06时20分00秒,26.475,,,,,,,,,,,,,,,,
1613,12-09-28 下午06时00分00秒,30.773,,,1605,12-09-28 下午06时40分00秒,26.5,,,,,,,,,,,,,,,,
1614,12-09-28 下午06时20分00秒,29.19,,,1606,12-09-28 下午07时00分00秒,26.524,,,,,,,,,,,,,,,,
1615,12-09-28 下午06时40分00秒,28.742,,,1607,12-09-28 下午07时20分00秒,25.331,,,,,,,,,,,,,,,,
1616,12-09-28 下午07时00分00秒,28.642,,,1608,12-09-28 下午07时40分00秒,25.307,,,,,,,,,,,,,,,,
1617,12-09-28 下午07时20分00秒,27.382,,,1609,12-09-28 下午08时00分00秒,25.598,,,,,,,,,,,,,,,,
1618,12-09-28 下午07时40分00秒,27.358,,,1610,12-09-28 下午08时20分00秒,24.484,,,,,,,,,,,,,,,,
1619,12-09-28 下午08时00分00秒,27.186,,,1611,12-09-28 下午08时40分00秒,24.629,,,,,,,,,,,,,,,,
1620,12-09-28 下午08时20分00秒,25.841,,,1612,12-09-28 下午09时00分00秒,24.436,,,,,,,,,,,,,,,,
1621,12-09-28 下午08时40分00秒,25.55,,,1613,12-09-28 下午09时20分00秒,22.968,,,,,,,,,,,,,,,,
1622,12-09-28 下午09时00分00秒,25.598,,,1614,12-09-28 下午09时40分00秒,22.8,,,,,,,,,,,,,,,,
1623,12-09-28 下午09时20分00秒,24.315,,,1615,12-09-28 下午10时00分00秒,22.872,,,,,,,,,,,,,,,,
1624,12-09-28 下午09时40分00秒,24.171,,,1616,12-09-28 下午10时20分00秒,20.746,,,,,,,,,,,,,,,,
1625,12-09-28 下午10时00分00秒,24.026,,,1617,12-09-28 下午10时40分00秒,20.436,,,,,,,,,,,,,,,,
1626,12-09-28 下午10时20分00秒,23.064,,,1618,12-09-28 下午11时00分00秒,20.174,,,,,,,,,,,,,,,,
1627,12-09-28 下午10时40分00秒,23.016,,,1619,12-09-28 下午11时20分00秒,19.318,,,,,,,,,,,,,,,,
1628,12-09-28 下午11时00分00秒,23.088,,,1620,12-09-28 下午11时40分00秒,19.603,,,,,,,,,,,,,,,,
1629,12-09-28 下午11时20分00秒,21.891,,,1621,12-09-29 上午12时00分00秒,19.413,,,,,,,,,,,,,,,,
1630,12-09-28 下午11时40分00秒,21.843,,,1622,12-09-29 上午12时20分00秒,17.486,,,,,,,,,,,,,,,,
1631,12-09-29 上午12时00分00秒,21.819,,,1623,12-09-29 上午12时40分00秒,17.796,,,,,,,,,,,,,,,,
1632,12-09-29 上午12时20分00秒,20.913,,,1624,12-09-29 上午01时00分00秒,17.439,,,,,,,,,,,,,,,,
1633,12-09-29 上午12时40分00秒,20.96,,,1625,12-09-29 上午01时20分00秒,15.533,,,,,,,,,,,,,,,,
1634,12-09-29 上午01时00分00秒,20.913,,,1626,12-09-29 上午01时40分00秒,15.772,,,,,,,,,,,,,,,,
1635,12-09-29 上午01时20分00秒,20.365,,,1627,12-09-29 上午02时00分00秒,15.438,,,,,,,,,,,,,,,,
1636,12-09-29 上午01时40分00秒,20.269,,,1628,12-09-29 上午02时20分00秒,13.81,,,,,,,,,,,,,,,,
1637,12-09-29 上午02时00分00秒,20.269,,,1629,12-09-29 上午02时40分00秒,14.242,,,,,,,,,,,,,,,,
1638,12-09-29 上午02时20分00秒,20.007,,,1630,12-09-29 上午03时00分00秒,13.978,,,,,,,,,,,,,,,,
1639,12-09-29 上午02时40分00秒,19.984,,,1631,12-09-29 上午03时20分00秒,12.799,,,,,,,,,,,,,,,,
1640,12-09-29 上午03时00分00秒,19.936,,,1632,12-09-29 上午03时40分00秒,13.353,,,,,,,,,,,,,,,,
1641,12-09-29 上午03时20分00秒,19.674,,,1633,12-09-29 上午04时00分00秒,12.92,,,,,,,,,,,,,,,,
1642,12-09-29 上午03时40分00秒,19.674,,,1634,12-09-29 上午04时20分00秒,13.377,,,,,,,,,,,,,,,,
1643,12-09-29 上午04时00分00秒,19.651,,,1635,12-09-29 上午04时40分00秒,13.185,,,,,,,,,,,,,,,,
1644,12-09-29 上午04时20分00秒,20.126,,,1636,12-09-29 上午05时00分00秒,13.738,,,,,,,,,,,,,,,,
1645,12-09-29 上午04时40分00秒,20.126,,,1637,12-09-29 上午05时20分00秒,15.963,,,,,,,,,,,,,,,,
1646,12-09-29 上午05时00分00秒,20.15,,,1638,12-09-29 上午05时40分00秒,15.175,,,,,,,,,,,,,,,,
1647,12-09-29 上午05时20分00秒,20.46,,,1639,12-09-29 上午06时00分00秒,15.079,,,,,,,,,,,,,,,,
1648,12-09-29 上午05时40分00秒,20.46,,,1640,12-09-29 上午06时20分00秒,16.677,,,,,,,,,,,,,,,,
1649,12-09-29 上午06时00分00秒,20.555,,,1641,12-09-29 上午06时40分00秒,16.63,,,,,,,,,,,,,,,,
1650,12-09-29 上午06时20分00秒,21.724,,,1642,12-09-29 上午07时00分00秒,16.677,,,,,,,,,,,,,,,,
1651,12-09-29 上午06时40分00秒,21.748,,,1643,12-09-29 上午07时20分00秒,19.318,,,,,,,,,,,,,,,,
1652,12-09-29 上午07时00分00秒,21.795,,,1644,12-09-29 上午07时40分00秒,18.913,,,,,,,,,,,,,,,,
1653,12-09-29 上午07时20分00秒,23.04,,,1645,12-09-29 上午08时00分00秒,19.032,,,,,,,,,,,,,,,,
1654,12-09-29 上午07时40分00秒,22.944,,,1646,12-09-29 上午08时20分00秒,20.746,,,,,,,,,,,,,,,,
1655,12-09-29 上午08时00分00秒,22.992,,,1647,12-09-29 上午08时40分00秒,20.65,,,,,,,,,,,,,,,,
1656,12-09-29 上午08时20分00秒,24.557,,,1648,12-09-29 上午09时00分00秒,20.317,,,,,,,,,,,,,,,,
1657,12-09-29 上午08时40分00秒,24.774,,,1649,12-09-29 上午09时20分00秒,22.729,,,,,,,,,,,,,,,,
1658,12-09-29 上午09时00分00秒,24.629,,,1650,12-09-29 上午09时40分00秒,22.657,,,,,,,,,,,,,,,,
1659,12-09-29 上午09时20分00秒,26.451,,,1651,12-09-29 上午10时00分00秒,22.561,,,,,,,,,,,,,,,,
1660,12-09-29 上午09时40分00秒,26.72,,,1652,12-09-29 上午10时20分00秒,24.919,,,,,,,,,,,,,,,,
1661,12-09-29 上午10时00分00秒,26.549,,,1653,12-09-29 上午10时40分00秒,24.726,,,,,,,,,,,,,,,,
1662,12-09-29 上午10时20分00秒,29.54,,,1654,12-09-29 上午11时00分00秒,24.605,,,,,,,,,,,,,,,,
1663,12-09-29 上午10时40分00秒,29.615,,,1655,12-09-29 上午11时20分00秒,26.744,,,,,,,,,,,,,,,,
1664,12-09-29 上午11时00分00秒,29.84,,,1656,12-09-29 上午11时40分00秒,26.426,,,,,,,,,,,,,,,,
1665,12-09-29 上午11时20分00秒,32.021,,,1657,12-09-29 下午12时00分00秒,26.426,,,,,,,,,,,,,,,,
1666,12-09-29 上午11时40分00秒,31.893,,,1658,12-09-29 下午12时20分00秒,27.063,,,,,,,,,,,,,,,,
1667,12-09-29 下午12时00分00秒,31.944,,,1659,12-09-29 下午12时40分00秒,27.161,,,,,,,,,,,,,,,,
1668,12-09-29 下午12时20分00秒,33.783,,,1660,12-09-29 下午01时00分00秒,27.161,,,,,,,,,,,,,,,,
1669,12-09-29 下午12时40分00秒,34.019,,,1661,12-09-29 下午01时20分00秒,27.949,,,,,,,,,,,,,,,,
1670,12-09-29 下午01时00分00秒,33.94,,,1662,12-09-29 下午01时40分00秒,27.751,,,,,,,,,,,,,,,,
1671,12-09-29 下午01时20分00秒,34.387,,,1663,12-09-29 下午02时00分00秒,27.949,,,,,,,,,,,,,,,,
1672,12-09-29 下午01时40分00秒,34.624,,,1664,12-09-29 下午02时20分00秒,28.295,,,,,,,,,,,,,,,,
1673,12-09-29 下午02时00分00秒,34.045,,,1665,12-09-29 下午02时40分00秒,28.394,,,,,,,,,,,,,,,,
1674,12-09-29 下午02时20分00秒,34.308,,,1666,12-09-29 下午03时00分00秒,28.419,,,,,,,,,,,,,,,,
1675,12-09-29 下午02时40分00秒,33.992,,,1667,12-09-29 下午03时20分00秒,28.345,,,,,,,,,,,,,,,,
1676,12-09-29 下午03时00分00秒,34.519,,,1668,12-09-29 下午03时40分00秒,28.345,,,,,,,,,,,,,,,,
1677,12-09-29 下午03时20分00秒,33.757,,,1669,12-09-29 下午04时00分00秒,28.419,,,,,,,,,,,,,,,,
1678,12-09-29 下午03时40分00秒,33.678,,,1670,12-09-29 下午04时20分00秒,27.776,,,,,,,,,,,,,,,,
1679,12-09-29 下午04时00分00秒,33.574,,,1671,12-09-29 下午04时40分00秒,27.653,,,,,,,,,,,,,,,,
1680,12-09-29 下午04时20分00秒,32.51,,,1672,12-09-29 下午05时00分00秒,27.677,,,,,,,,,,,,,,,,
1681,12-09-29 下午04时40分00秒,32.124,,,1673,12-09-29 下午05时20分00秒,27.136,,,,,,,,,,,,,,,,
1682,12-09-29 下午05时00分00秒,32.098,,,1674,12-09-29 下午05时40分00秒,27.063,,,,,,,,,,,,,,,,
1683,12-09-29 下午05时20分00秒,31.077,,,1675,12-09-29 下午06时00分00秒,27.136,,,,,,,,,,,,,,,,
1684,12-09-29 下午05时40分00秒,30.697,,,1676,12-09-29 下午06时20分00秒,26.671,,,,,,,,,,,,,,,,
1685,12-09-29 下午06时00分00秒,30.495,,,1677,12-09-29 下午06时40分00秒,26.475,,,,,,,,,,,,,,,,
1686,12-09-29 下午06时20分00秒,28.916,,,1678,12-09-29 下午07时00分00秒,26.622,,,,,,,,,,,,,,,,
1687,12-09-29 下午06时40分00秒,28.593,,,1679,12-09-29 下午07时20分00秒,25.501,,,,,,,,,,,,,,,,
1688,12-09-29 下午07时00分00秒,28.543,,,1680,12-09-29 下午07时40分00秒,25.477,,,,,,,,,,,,,,,,
1689,12-09-29 下午07时20分00秒,27.308,,,1681,12-09-29 下午08时00分00秒,25.453,,,,,,,,,,,,,,,,
1690,12-09-29 下午07时40分00秒,27.112,,,1682,12-09-29 下午08时20分00秒,24.339,,,,,,,,,,,,,,,,
1691,12-09-29 下午08时00分00秒,27.063,,,1683,12-09-29 下午08时40分00秒,24.363,,,,,,,,,,,,,,,,
1692,12-09-29 下午08时20分00秒,25.744,,,1684,12-09-29 下午09时00分00秒,24.267,,,,,,,,,,,,,,,,
1693,12-09-29 下午08时40分00秒,25.574,,,1685,12-09-29 下午09时20分00秒,22.872,,,,,,,,,,,,,,,,
1694,12-09-29 下午09时00分00秒,25.55,,,1686,12-09-29 下午09时40分00秒,22.753,,,,,,,,,,,,,,,,
1695,12-09-29 下午09时20分00秒,24.484,,,1687,12-09-29 下午10时00分00秒,22.705,,,,,,,,,,,,,,,,
1696,12-09-29 下午09时40分00秒,24.05,,,1688,12-09-29 下午10时20分00秒,20.793,,,,,,,,,,,,,,,,
1697,12-09-29 下午10时00分00秒,23.93,,,1689,12-09-29 下午10时40分00秒,20.507,,,,,,,,,,,,,,,,
1698,12-09-29 下午10时20分00秒,22.992,,,1690,12-09-29 下午11时00分00秒,20.365,,,,,,,,,,,,,,,,
1699,12-09-29 下午10时40分00秒,22.776,,,1691,12-09-29 下午11时20分00秒,19.77,,,,,,,,,,,,,,,,
1700,12-09-29 下午11时00分00秒,22.872,,,1692,12-09-29 下午11时40分00秒,19.603,,,,,,,,,,,,,,,,
1701,12-09-29 下午11时20分00秒,21.915,,,1693,12-09-30 上午12时00分00秒,19.579,,,,,,,,,,,,,,,,
1702,12-09-29 下午11时40分00秒,21.724,,,1694,12-09-30 上午12时20分00秒,17.51,,,,,,,,,,,,,,,,
1703,12-09-30 上午12时00分00秒,21.748,,,1695,12-09-30 上午12时40分00秒,17.701,,,,,,,,,,,,,,,,
1704,12-09-30 上午12时20分00秒,20.936,,,1696,12-09-30 上午01时00分00秒,17.843,,,,,,,,,,,,,,,,
1705,12-09-30 上午12时40分00秒,20.793,,,1697,12-09-30 上午01时20分00秒,15.652,,,,,,,,,,,,,,,,
1706,12-09-30 上午01时00分00秒,20.793,,,1698,12-09-30 上午01时40分00秒,15.175,,,,,,,,,,,,,,,,
1707,12-09-30 上午01时20分00秒,20.555,,,1699,12-09-30 上午02时00分00秒,15.605,,,,,,,,,,,,,,,,
1708,12-09-30 上午01时40分00秒,20.365,,,1700,12-09-30 上午02时20分00秒,14.17,,,,,,,,,,,,,,,,
1709,12-09-30 上午02时00分00秒,20.365,,,1701,12-09-30 上午02时40分00秒,14.29,,,,,,,,,,,,,,,,
1710,12-09-30 上午02时20分00秒,20.222,,,1702,12-09-30 上午03时00分00秒,13.882,,,,,,,,,,,,,,,,
1711,12-09-30 上午02时40分00秒,20.222,,,1703,12-09-30 上午03时20分00秒,13.016,,,,,,,,,,,,,,,,
1712,12-09-30 上午03时00分00秒,20.222,,,1704,12-09-30 上午03时40分00秒,13.353,,,,,,,,,,,,,,,,
1713,12-09-30 上午03时20分00秒,19.912,,,1705,12-09-30 上午04时00分00秒,12.992,,,,,,,,,,,,,,,,
1714,12-09-30 上午03时40分00秒,19.841,,,1706,12-09-30 上午04时20分00秒,13.161,,,,,,,,,,,,,,,,
1715,12-09-30 上午04时00分00秒,19.841,,,1707,12-09-30 上午04时40分00秒,13.546,,,,,,,,,,,,,,,,
1716,12-09-30 上午04时20分00秒,20.246,,,1708,12-09-30 上午05时00分00秒,13.714,,,,,,,,,,,,,,,,
1717,12-09-30 上午04时40分00秒,20.293,,,1709,12-09-30 上午05时20分00秒,14.577,,,,,,,,,,,,,,,,
1718,12-09-30 上午05时00分00秒,20.317,,,1710,12-09-30 上午05时40分00秒,15.509,,,,,,,,,,,,,,,,
1719,12-09-30 上午05时20分00秒,20.698,,,1711,12-09-30 上午06时00分00秒,15.39,,,,,,,,,,,,,,,,
1720,12-09-30 上午05时40分00秒,20.793,,,1712,12-09-30 上午06时20分00秒,16.654,,,,,,,,,,,,,,,,
1721,12-09-30 上午06时00分00秒,20.698,,,1713,12-09-30 上午06时40分00秒,16.773,,,,,,,,,,,,,,,,
1722,12-09-30 上午06时20分00秒,21.939,,,1714,12-09-30 上午07时00分00秒,16.463,,,,,,,,,,,,,,,,
1723,12-09-30 上午06时40分00秒,22.082,,,1715,12-09-30 上午07时20分00秒,19.555,,,,,,,,,,,,,,,,
1724,12-09-30 上午07时00分00秒,22.202,,,1716,12-09-30 上午07时40分00秒,19.056,,,,,,,,,,,,,,,,
1725,12-09-30 上午07时20分00秒,23.04,,,1717,12-09-30 上午08时00分00秒,18.652,,,,,,,,,,,,,,,,
1726,12-09-30 上午07时40分00秒,23.232,,,1718,12-09-30 上午08时20分00秒,20.174,,,,,,,,,,,,,,,,
1727,12-09-30 上午08时00分00秒,23.28,,,1719,12-09-30 上午08时40分00秒,20.365,,,,,,,,,,,,,,,,
1728,12-09-30 上午08时20分00秒,24.653,,,1720,12-09-30 上午09时00分00秒,20.317,,,,,,,,,,,,,,,,
1729,12-09-30 上午08时40分00秒,24.871,,,1721,12-09-30 上午09时20分00秒,22.585,,,,,,,,,,,,,,,,
1730,12-09-30 上午09时00分00秒,24.871,,,1722,12-09-30 上午09时40分00秒,22.489,,,,,,,,,,,,,,,,
1731,12-09-30 上午09时20分00秒,26.573,,,1723,12-09-30 上午10时00分00秒,22.657,,,,,,,,,,,,,,,,
1732,12-09-30 上午09时40分00秒,26.622,,,1724,12-09-30 上午10时20分00秒,24.895,,,,,,,,,,,,,,,,
1733,12-09-30 上午10时00分00秒,26.646,,,1725,12-09-30 上午10时40分00秒,24.532,,,,,,,,,,,,,,,,
1734,12-09-30 上午10时20分00秒,29.54,,,1726,12-09-30 上午11时00分00秒,24.243,,,,,,,,,,,,,,,,
1735,12-09-30 上午10时40分00秒,29.54,,,1727,12-09-30 上午11时20分00秒,26.475,,,,,,,,,,,,,,,,
1736,12-09-30 上午11时00分00秒,29.565,,,1728,12-09-30 上午11时40分00秒,26.28,,,,,,,,,,,,,,,,
1737,12-09-30 上午11时20分00秒,31.944,,,1729,12-09-30 下午12时00分00秒,26.329,,,,,,,,,,,,,,,,
1738,12-09-30 上午11时40分00秒,32.278,,,1730,12-09-30 下午12时20分00秒,27.063,,,,,,,,,,,,,,,,
1739,12-09-30 下午12时00分00秒,32.355,,,1731,12-09-30 下午12时40分00秒,27.161,,,,,,,,,,,,,,,,
1740,12-09-30 下午12时20分00秒,33.94,,,1732,12-09-30 下午01时00分00秒,27.235,,,,,,,,,,,,,,,,
1741,12-09-30 下午12时40分00秒,33.783,,,1733,12-09-30 下午01时20分00秒,27.949,,,,,,,,,,,,,,,,
1742,12-09-30 下午01时00分00秒,33.809,,,1734,12-09-30 下午01时40分00秒,27.776,,,,,,,,,,,,,,,,
1743,12-09-30 下午01时20分00秒,33.887,,,1735,12-09-30 下午02时00分00秒,27.776,,,,,,,,,,,,,,,,
1744,12-09-30 下午01时40分00秒,33.992,,,1736,12-09-30 下午02时20分00秒,28.221,,,,,,,,,,,,,,,,
1745,12-09-30 下午02时00分00秒,34.124,,,1737,12-09-30 下午02时40分00秒,28.245,,,,,,,,,,,,,,,,
1746,12-09-30 下午02时20分00秒,34.281,,,1738,12-09-30 下午03时00分00秒,28.147,,,,,,,,,,,,,,,,
1747,12-09-30 下午02时40分00秒,34.387,,,1739,12-09-30 下午03时20分00秒,28.692,,,,,,,,,,,,,,,,
1748,12-09-30 下午03时00分00秒,34.466,,,1740,12-09-30 下午03时40分00秒,28.369,,,,,,,,,,,,,,,,
1749,12-09-30 下午03时20分00秒,33.704,,,1741,12-09-30 下午04时00分00秒,28.27,,,,,,,,,,,,,,,,
1750,12-09-30 下午03时40分00秒,33.574,,,1742,12-09-30 下午04时20分00秒,27.751,,,,,,,,,,,,,,,,
1751,12-09-30 下午04时00分00秒,33.443,,,1743,12-09-30 下午04时40分00秒,27.776,,,,,,,,,,,,,,,,
1752,12-09-30 下午04时20分00秒,32.253,,,1744,12-09-30 下午05时00分00秒,28.023,,,,,,,,,,,,,,,,
1753,12-09-30 下午04时40分00秒,32.15,,,1745,12-09-30 下午05时20分00秒,27.087,,,,,,,,,,,,,,,,
1754,12-09-30 下午05时00分00秒,32.124,,,1746,12-09-30 下午05时40分00秒,27.161,,,,,,,,,,,,,,,,
1755,12-09-30 下午05时20分00秒,31.026,,,1747,12-09-30 下午06时00分00秒,27.087,,,,,,,,,,,,,,,,
1756,12-09-30 下午05时40分00秒,30.495,,,1748,12-09-30 下午06时20分00秒,26.72,,,,,,,,,,,,,,,,
1757,12-09-30 下午06时00分00秒,30.495,,,1749,12-09-30 下午06时40分00秒,26.549,,,,,,,,,,,,,,,,
1758,12-09-30 下午06时20分00秒,28.891,,,1750,12-09-30 下午07时00分00秒,26.646,,,,,,,,,,,,,,,,
1759,12-09-30 下午06时40分00秒,28.593,,,1751,12-09-30 下午07时20分00秒,25.574,,,,,,,,,,,,,,,,
1760,12-09-30 下午07时00分00秒,28.543,,,1752,12-09-30 下午07时40分00秒,25.598,,,,,,,,,,,,,,,,
1761,12-09-30 下午07时20分00秒,27.308,,,1753,12-09-30 下午08时00分00秒,25.428,,,,,,,,,,,,,,,,
1762,12-09-30 下午07时40分00秒,27.112,,,1754,12-09-30 下午08时20分00秒,24.508,,,,,,,,,,,,,,,,
1763,12-09-30 下午08时00分00秒,27.087,,,1755,12-09-30 下午08时40分00秒,24.243,,,,,,,,,,,,,,,,
1764,12-09-30 下午08时20分00秒,25.598,,,1756,12-09-30 下午09时00分00秒,24.243,,,,,,,,,,,,,,,,
1765,12-09-30 下午08时40分00秒,25.428,,,1757,12-09-30 下午09时20分00秒,22.992,,,,,,,,,,,,,,,,
1766,12-09-30 下午09时00分00秒,25.453,,,1758,12-09-30 下午09时40分00秒,22.776,,,,,,,,,,,,,,,,
1767,12-09-30 下午09时20分00秒,24.219,,,1759,12-09-30 下午10时00分00秒,22.657,,,,,,,,,,,,,,,,
1768,12-09-30 下午09时40分00秒,23.954,,,1760,12-09-30 下午10时20分00秒,20.531,,,,,,,,,,,,,,,,
1769,12-09-30 下午10时00分00秒,24.002,,,1761,12-09-30 下午10时40分00秒,20.412,,,,,,,,,,,,,,,,
1770,12-09-30 下午10时20分00秒,23.04,,,1762,12-09-30 下午11时00分00秒,20.174,,,,,,,,,,,,,,,,
1771,12-09-30 下午10时40分00秒,22.8,,,1763,12-09-30 下午11时20分00秒,19.318,,,,,,,,,,,,,,,,
1772,12-09-30 下午11时00分00秒,22.944,,,1764,12-09-30 下午11时40分00秒,19.103,,,,,,,,,,,,,,,,
1773,12-09-30 下午11时20分00秒,22.13,,,1765,12-10-01 上午12时00分00秒,19.08,,,,,,,,,,,,,,,,
1774,12-09-30 下午11时40分00秒,22.154,,,1766,12-10-01 上午12时20分00秒,17.391,,,,,,,,,,,,,,,,
1775,12-10-01 上午12时00分00秒,21.939,,,1767,12-10-01 上午12时40分00秒,17.177,,,,,,,,,,,,,,,,
1776,12-10-01 上午12时20分00秒,21.079,,,1768,12-10-01 上午01时00分00秒,17.724,,,,,,,,,,,,,,,,
1777,12-10-01 上午12时40分00秒,20.698,,,1769,12-10-01 上午01时20分00秒,15.294,,,,,,,,,,,,,,,,
1778,12-10-01 上午01时00分00秒,20.984,,,1770,12-10-01 上午01时40分00秒,15.748,,,,,,,,,,,,,,,,
1779,12-10-01 上午01时20分00秒,20.365,,,1771,12-10-01 上午02时00分00秒,15.652,,,,,,,,,,,,,,,,
1780,12-10-01 上午01时40分00秒,20.412,,,1772,12-10-01 上午02时20分00秒,13.642,,,,,,,,,,,,,,,,
1781,12-10-01 上午02时00分00秒,20.365,,,1773,12-10-01 上午02时40分00秒,14.218,,,,,,,,,,,,,,,,
1782,12-10-01 上午02时20分00秒,20.484,,,1774,12-10-01 上午03时00分00秒,13.906,,,,,,,,,,,,,,,,
1783,12-10-01 上午02时40分00秒,20.031,,,1775,12-10-01 上午03时20分00秒,12.582,,,,,,,,,,,,,,,,
1784,12-10-01 上午03时00分00秒,19.984,,,1776,12-10-01 上午03时40分00秒,13.425,,,,,,,,,,,,,,,,
1785,12-10-01 上午03时20分00秒,19.651,,,1777,12-10-01 上午04时00分00秒,12.751,,,,,,,,,,,,,,,,
1786,12-10-01 上午03时40分00秒,19.627,,,1778,12-10-01 上午04时20分00秒,13.112,,,,,,,,,,,,,,,,
1787,12-10-01 上午04时00分00秒,19.627,,,1779,12-10-01 上午04时40分00秒,13.161,,,,,,,,,,,,,,,,
1788,12-10-01 上午04时20分00秒,20.269,,,1780,12-10-01 上午05时00分00秒,13.858,,,,,,,,,,,,,,,,
1789,12-10-01 上午04时40分00秒,20.555,,,1781,12-10-01 上午05时20分00秒,15.127,,,,,,,,,,,,,,,,
1790,12-10-01 上午05时00分00秒,20.484,,,1782,12-10-01 上午05时40分00秒,14.888,,,,,,,,,,,,,,,,
1791,12-10-01 上午05时20分00秒,20.865,,,1783,12-10-01 上午06时00分00秒,15.605,,,,,,,,,,,,,,,,
1792,12-10-01 上午05时40分00秒,20.936,,,1784,12-10-01 上午06时20分00秒,17.439,,,,,,,,,,,,,,,,
1793,12-10-01 上午06时00分00秒,20.889,,,1785,12-10-01 上午06时40分00秒,16.463,,,,,,,,,,,,,,,,
1794,12-10-01 上午06时20分00秒,22.058,,,1786,12-10-01 上午07时00分00秒,16.368,,,,,,,,,,,,,,,,
1795,12-10-01 上午06时40分00秒,22.082,,,1787,12-10-01 上午07时20分00秒,18.937,,,,,,,,,,,,,,,,
1796,12-10-01 上午07时00分00秒,22.13,,,1788,12-10-01 上午07时40分00秒,18.557,,,,,,,,,,,,,,,,
1797,12-10-01 上午07时20分00秒,23.04,,,1789,12-10-01 上午08时00分00秒,18.985,,,,,,,,,,,,,,,,
1798,12-10-01 上午07时40分00秒,23.112,,,1790,12-10-01 上午08时20分00秒,21.318,,,,,,,,,,,,,,,,
1799,12-10-01 上午08时00分00秒,23.184,,,1791,12-10-01 上午08时40分00秒,20.507,,,,,,,,,,,,,,,,
1800,12-10-01 上午08时20分00秒,24.677,,,1792,12-10-01 上午09时00分00秒,20.198,,,,,,,,,,,,,,,,
1801,12-10-01 上午08时40分00秒,24.871,,,1793,12-10-01 上午09时20分00秒,23.04,,,,,,,,,,,,,,,,
1802,12-10-01 上午09时00分00秒,24.919,,,1794,12-10-01 上午09时40分00秒,22.776,,,,,,,,,,,,,,,,
1803,12-10-01 上午09时20分00秒,26.549,,,1795,12-10-01 上午10时00分00秒,22.465,,,,,,,,,,,,,,,,
1804,12-10-01 上午09时40分00秒,26.646,,,1796,12-10-01 上午10时20分00秒,24.702,,,,,,,,,,,,,,,,
1805,12-10-01 上午10时00分00秒,26.646,,,1797,12-10-01 上午10时40分00秒,24.532,,,,,,,,,,,,,,,,
1806,12-10-01 上午10时20分00秒,29.64,,,1798,12-10-01 上午11时00分00秒,24.653,,,,,,,,,,,,,,,,
1807,12-10-01 上午10时40分00秒,29.64,,,1799,12-10-01 上午11时20分00秒,26.573,,,,,,,,,,,,,,,,
1808,12-10-01 上午11时00分00秒,29.69,,,1800,12-10-01 上午11时40分00秒,26.451,,,,,,,,,,,,,,,,
1809,12-10-01 上午11时20分00秒,32.175,,,1801,12-10-01 下午12时00分00秒,26.256,,,,,,,,,,,,,,,,
1810,12-10-01 上午11时40分00秒,32.433,,,1802,12-10-01 下午12时20分00秒,27.014,,,,,,,,,,,,,,,,
1811,12-10-01 下午12时00分00秒,32.407,,,1803,12-10-01 下午12时40分00秒,27.112,,,,,,,,,,,,,,,,
1812,12-10-01 下午12时20分00秒,33.861,,,1804,12-10-01 下午01时00分00秒,26.989,,,,,,,,,,,,,,,,
1813,12-10-01 下午12时40分00秒,33.783,,,1805,12-10-01 下午01时20分00秒,27.751,,,,,,,,,,,,,,,,
1814,12-10-01 下午01时00分00秒,33.914,,,1806,12-10-01 下午01时40分00秒,27.628,,,,,,,,,,,,,,,,
1815,12-10-01 下午01时20分00秒,34.045,,,1807,12-10-01 下午02时00分00秒,27.604,,,,,,,,,,,,,,,,
1816,12-10-01 下午01时40分00秒,34.097,,,1808,12-10-01 下午02时20分00秒,28.468,,,,,,,,,,,,,,,,
1817,12-10-01 下午02时00分00秒,34.202,,,1809,12-10-01 下午02时40分00秒,28.295,,,,,,,,,,,,,,,,
1818,12-10-01 下午02时20分00秒,34.308,,,1810,12-10-01 下午03时00分00秒,28.221,,,,,,,,,,,,,,,,
1819,12-10-01 下午02时40分00秒,34.36,,,1811,12-10-01 下午03时20分00秒,28.221,,,,,,,,,,,,,,,,
1820,12-10-01 下午03时00分00秒,34.413,,,1812,12-10-01 下午03时40分00秒,28.171,,,,,,,,,,,,,,,,
1821,12-10-01 下午03时20分00秒,33.704,,,1813,12-10-01 下午04时00分00秒,28.221,,,,,,,,,,,,,,,,
1822,12-10-01 下午03时40分00秒,33.417,,,1814,12-10-01 下午04时20分00秒,27.751,,,,,,,,,,,,,,,,
1823,12-10-01 下午04时00分00秒,33.469,,,1815,12-10-01 下午04时40分00秒,27.751,,,,,,,,,,,,,,,,
1824,12-10-01 下午04时20分00秒,32.587,,,1816,12-10-01 下午05时00分00秒,27.628,,,,,,,,,,,,,,,,
1825,12-10-01 下午04时40分00秒,32.381,,,1817,12-10-01 下午05时20分00秒,27.136,,,,,,,,,,,,,,,,
1826,12-10-01 下午05时00分00秒,32.278,,,1818,12-10-01 下午05时40分00秒,27.284,,,,,,,,,,,,,,,,
1827,12-10-01 下午05时20分00秒,31.001,,,1819,12-10-01 下午06时00分00秒,27.21,,,,,,,,,,,,,,,,
1828,12-10-01 下午05时40分00秒,30.697,,,1820,12-10-01 下午06时20分00秒,26.695,,,,,,,,,,,,,,,,
1829,12-10-01 下午06时00分00秒,30.444,,,1821,12-10-01 下午06时40分00秒,26.573,,,,,,,,,,,,,,,,
1830,12-10-01 下午06时20分00秒,28.916,,,1822,12-10-01 下午07时00分00秒,26.573,,,,,,,,,,,,,,,,
1831,12-10-01 下午06时40分00秒,28.617,,,1823,12-10-01 下午07时20分00秒,25.55,,,,,,,,,,,,,,,,
1832,12-10-01 下午07时00分00秒,28.692,,,1824,12-10-01 下午07时40分00秒,25.331,,,,,,,,,,,,,,,,
1833,12-10-01 下午07时20分00秒,27.456,,,1825,12-10-01 下午08时00分00秒,25.258,,,,,,,,,,,,,,,,
1834,12-10-01 下午07时40分00秒,27.136,,,1826,12-10-01 下午08时20分00秒,24.508,,,,,,,,,,,,,,,,
1835,12-10-01 下午08时00分00秒,27.014,,,1827,12-10-01 下午08时40分00秒,24.46,,,,,,,,,,,,,,,,
1836,12-10-01 下午08时20分00秒,25.987,,,1828,12-10-01 下午09时00分00秒,24.291,,,,,,,,,,,,,,,,
1837,12-10-01 下午08时40分00秒,25.768,,,1829,12-10-01 下午09时20分00秒,22.848,,,,,,,,,,,,,,,,
1838,12-10-01 下午09时00分00秒,25.647,,,1830,12-10-01 下午09时40分00秒,22.465,,,,,,,,,,,,,,,,
1839,12-10-01 下午09时20分00秒,24.267,,,1831,12-10-01 下午10时00分00秒,22.561,,,,,,,,,,,,,,,,
1840,12-10-01 下午09时40分00秒,24.026,,,1832,12-10-01 下午10时20分00秒,20.841,,,,,,,,,,,,,,,,
1841,12-10-01 下午10时00分00秒,23.93,,,1833,12-10-01 下午10时40分00秒,20.579,,,,,,,,,,,,,,,,
1842,12-10-01 下午10时20分00秒,23.04,,,1834,12-10-01 下午11时00分00秒,20.436,,,,,,,,,,,,,,,,
1843,12-10-01 下午10时40分00秒,23.136,,,1835,12-10-01 下午11时20分00秒,19.27,,,,,,,,,,,,,,,,
1844,12-10-01 下午11时00分00秒,22.705,,,1836,12-10-01 下午11时40分00秒,19.603,,,,,,,,,,,,,,,,
1845,12-10-01 下午11时20分00秒,22.13,,,1837,12-10-02 上午12时00分00秒,19.532,,,,,,,,,,,,,,,,
1846,12-10-01 下午11时40分00秒,22.058,,,1838,12-10-02 上午12时20分00秒,17.819,,,,,,,,,,,,,,,,
1847,12-10-02 上午12时00分00秒,21.963,,,1839,12-10-02 上午12时40分00秒,17.629,,,,,,,,,,,,,,,,
1848,12-10-02 上午12时20分00秒,20.936,,,1840,12-10-02 上午01时00分00秒,17.391,,,,,,,,,,,,,,,,
1849,12-10-02 上午12时40分00秒,20.841,,,1841,12-10-02 上午01时20分00秒,15.724,,,,,,,,,,,,,,,,
1850,12-10-02 上午01时00分00秒,20.793,,,1842,12-10-02 上午01时40分00秒,15.557,,,,,,,,,,,,,,,,
1851,12-10-02 上午01时20分00秒,20.674,,,1843,12-10-02 上午02时00分00秒,15.581,,,,,,,,,,,,,,,,
1852,12-10-02 上午01时40分00秒,20.317,,,1844,12-10-02 上午02时20分00秒,14.194,,,,,,,,,,,,,,,,
1853,12-10-02 上午02时00分00秒,20.365,,,1845,12-10-02 上午02时40分00秒,14.026,,,,,,,,,,,,,,,,
1854,12-10-02 上午02时20分00秒,20.198,,,1846,12-10-02 上午03时00分00秒,14.505,,,,,,,,,,,,,,,,
1855,12-10-02 上午02时40分00秒,20.103,,,1847,12-10-02 上午03时20分00秒,13.233,,,,,,,,,,,,,,,,
1856,12-10-02 上午03时00分00秒,19.96,,,1848,12-10-02 上午03时40分00秒,13.112,,,,,,,,,,,,,,,,
1857,12-10-02 上午03时20分00秒,19.912,,,1849,12-10-02 上午04时00分00秒,13.473,,,,,,,,,,,,,,,,
1858,12-10-02 上午03时40分00秒,19.698,,,1850,12-10-02 上午04时20分00秒,13.57,,,,,,,,,,,,,,,,
1859,12-10-02 上午04时00分00秒,19.817,,,1851,12-10-02 上午04时40分00秒,13.546,,,,,,,,,,,,,,,,
1860,12-10-02 上午04时20分00秒,20.388,,,1852,12-10-02 上午05时00分00秒,13.618,,,,,,,,,,,,,,,,
1861,12-10-02 上午04时40分00秒,20.246,,,1853,12-10-02 上午05时20分00秒,15.748,,,,,,,,,,,,,,,,
1862,12-10-02 上午05时00分00秒,20.46,,,1854,12-10-02 上午05时40分00秒,15.127,,,,,,,,,,,,,,,,
1863,12-10-02 上午05时20分00秒,20.96,,,1855,12-10-02 上午06时00分00秒,15.27,,,,,,,,,,,,,,,,
1864,12-10-02 上午05时40分00秒,20.984,,,1856,12-10-02 上午06时20分00秒,16.654,,,,,,,,,,,,,,,,
1865,12-10-02 上午06时00分00秒,20.913,,,1857,12-10-02 上午06时40分00秒,16.654,,,,,,,,,,,,,,,,
1866,12-10-02 上午06时20分00秒,22.034,,,1858,12-10-02 上午07时00分00秒,16.558,,,,,,,,,,,,,,,,
1867,12-10-02 上午06时40分00秒,22.154,,,1859,12-10-02 上午07时20分00秒,19.341,,,,,,,,,,,,,,,,
1868,12-10-02 上午07时00分00秒,22.226,,,1860,12-10-02 上午07时40分00秒,18.652,,,,,,,,,,,,,,,,
1869,12-10-02 上午07时20分00秒,23.04,,,1861,12-10-02 上午08时00分00秒,18.699,,,,,,,,,,,,,,,,
1870,12-10-02 上午07时40分00秒,23.16,,,1862,12-10-02 上午08时20分00秒,21.079,,,,,,,,,,,,,,,,
1871,12-10-02 上午08时00分00秒,23.16,,,1863,12-10-02 上午08时40分00秒,20.722,,,,,,,,,,,,,,,,
1872,12-10-02 上午08时20分00秒,24.629,,,1864,12-10-02 上午09时00分00秒,20.246,,,,,,,,,,,,,,,,
1873,12-10-02 上午08时40分00秒,24.823,,,1865,12-10-02 上午09时20分00秒,22.872,,,,,,,,,,,,,,,,
1874,12-10-02 上午09时00分00秒,24.847,,,1866,12-10-02 上午09时40分00秒,22.537,,,,,,,,,,,,,,,,
1875,12-10-02 上午09时20分00秒,26.598,,,1867,12-10-02 上午10时00分00秒,22.345,,,,,,,,,,,,,,,,
1876,12-10-02 上午09时40分00秒,26.646,,,1868,12-10-02 上午10时20分00秒,24.847,,,,,,,,,,,,,,,,
1877,12-10-02 上午10时00分00秒,26.671,,,1869,12-10-02 上午10时40分00秒,24.702,,,,,,,,,,,,,,,,
1878,12-10-02 上午10时20分00秒,29.54,,,1870,12-10-02 上午11时00分00秒,24.75,,,,,,,,,,,,,,,,
1879,12-10-02 上午10时40分00秒,29.565,,,1871,12-10-02 上午11时20分00秒,26.378,,,,,,,,,,,,,,,,
1880,12-10-02 上午11时00分00秒,29.74,,,1872,12-10-02 上午11时29分10秒,,,,,,,,,,,,,,,,,
1881,12-10-02 上午11时20分00秒,31.868,,,1873,12-10-02 上午11时29分11秒,,,,,,,,,,,,,,,,,
1882,12-10-02 上午11时26分21秒,Logged,,,1874,12-10-02 上午11时30分01秒,,,,,,,,,,,,,,,,,
1883,12-10-02 上午11时26分28秒,Logged,,,1875,12-10-02 上午11时40分00秒,26.304,,,,,,,,,,,,,,,,
1884,12-10-02 上午11时27分54秒,Logged,,,1876,12-10-02 下午12时00分00秒,26.378,,,,,,,,,,,,,,,,
1885,12-10-02 上午11时40分00秒,32.124,,,1877,12-10-02 下午12时20分00秒,26.989,,,,,,,,,,,,,,,,
1886,12-10-02 下午12时00分00秒,32.433,,,1878,12-10-02 下午12时40分00秒,27.161,,,,,,,,,,,,,,,,
1887,12-10-02 下午12时20分00秒,34.045,,,1879,12-10-02 下午01时00分00秒,27.063,,,,,,,,,,,,,,,,
1888,12-10-02 下午12时40分00秒,33.966,,,1880,12-10-02 下午01时20分00秒,27.825,,,,,,,,,,,,,,,,
1889,12-10-02 下午01时00分00秒,34.097,,,1881,12-10-02 下午01时40分00秒,27.751,,,,,,,,,,,,,,,,
1890,12-10-02 下午01时20分00秒,34.281,,,1882,12-10-02 下午02时00分00秒,27.702,,,,,,,,,,,,,,,,
1891,12-10-02 下午01时40分00秒,34.466,,,1883,12-10-02 下午02时20分00秒,28.196,,,,,,,,,,,,,,,,
1892,12-10-02 下午02时00分00秒,34.651,,,1884,12-10-02 下午02时40分00秒,28.221,,,,,,,,,,,,,,,,
1893,12-10-02 下午02时20分00秒,34.81,,,1885,12-10-02 下午03时00分00秒,28.345,,,,,,,,,,,,,,,,
1894,12-10-02 下午02时40分00秒,34.889,,,1886,12-10-02 下午03时20分00秒,28.345,,,,,,,,,,,,,,,,
1895,12-10-02 下午03时00分00秒,34.969,,,1887,12-10-02 下午03时40分00秒,28.32,,,,,,,,,,,,,,,,
1896,12-10-02 下午03时20分00秒,33.914,,,1888,12-10-02 下午04时00分00秒,28.221,,,,,,,,,,,,,,,,
1897,12-10-02 下午03时40分00秒,33.626,,,1889,12-10-02 下午04时20分00秒,27.653,,,,,,,,,,,,,,,,
1898,12-10-02 下午04时00分00秒,33.417,,,1890,12-10-02 下午04时40分00秒,27.702,,,,,,,,,,,,,,,,
1899,12-10-02 下午04时20分00秒,32.536,,,1891,12-10-02 下午05时00分00秒,27.628,,,,,,,,,,,,,,,,
1900,12-10-02 下午04时40分00秒,32.253,,,1892,12-10-02 下午05时20分00秒,27.087,,,,,,,,,,,,,,,,
1901,12-10-02 下午05时00分00秒,32.227,,,1893,12-10-02 下午05时40分00秒,27.161,,,,,,,,,,,,,,,,
1902,12-10-02 下午05时20分00秒,30.95,,,1894,12-10-02 下午06时00分00秒,27.112,,,,,,,,,,,,,,,,
1903,12-10-02 下午05时40分00秒,30.596,,,1895,12-10-02 下午06时20分00秒,26.549,,,,,,,,,,,,,,,,
1904,12-10-02 下午06时00分00秒,30.52,,,1896,12-10-02 下午06时40分00秒,26.573,,,,,,,,,,,,,,,,
1905,12-10-02 下午06时20分00秒,28.866,,,1897,12-10-02 下午07时00分00秒,26.549,,,,,,,,,,,,,,,,
1906,12-10-02 下午06时40分00秒,28.518,,,1898,12-10-02 下午07时20分00秒,25.598,,,,,,,,,,,,,,,,
1907,12-10-02 下午07时00分00秒,28.518,,,1899,12-10-02 下午07时40分00秒,25.647,,,,,,,,,,,,,,,,
1908,12-10-02 下午07时20分00秒,27.308,,,1900,12-10-02 下午08时00分00秒,25.598,,,,,,,,,,,,,,,,
1909,12-10-02 下午07时40分00秒,27.308,,,1901,12-10-02 下午08时20分00秒,24.629,,,,,,,,,,,,,,,,
1910,12-10-02 下午08时00分00秒,27.136,,,1902,12-10-02 下午08时40分00秒,24.388,,,,,,,,,,,,,,,,
1911,12-10-02 下午08时20分00秒,25.72,,,1903,12-10-02 下午09时00分00秒,24.291,,,,,,,,,,,,,,,,
1912,12-10-02 下午08时40分00秒,25.574,,,1904,12-10-02 下午09时20分00秒,22.944,,,,,,,,,,,,,,,,
1913,12-10-02 下午09时00分00秒,25.331,,,1905,12-10-02 下午09时40分00秒,22.729,,,,,,,,,,,,,,,,
1914,12-10-02 下午09时20分00秒,24.122,,,1906,12-10-02 下午10时00分00秒,22.633,,,,,,,,,,,,,,,,
1915,12-10-02 下午09时40分00秒,23.785,,,1907,12-10-02 下午10时20分00秒,20.746,,,,,,,,,,,,,,,,
1916,12-10-02 下午10时00分00秒,23.954,,,1908,12-10-02 下午10时40分00秒,20.674,,,,,,,,,,,,,,,,
1917,12-10-02 下午10时20分00秒,22.944,,,1909,12-10-02 下午11时00分00秒,20.674,,,,,,,,,,,,,,,,
1918,12-10-02 下午10时40分00秒,22.824,,,1910,12-10-02 下午11时20分00秒,19.722,,,,,,,,,,,,,,,,
1919,12-10-02 下午11时00分00秒,22.848,,,1911,12-10-02 下午11时40分00秒,19.436,,,,,,,,,,,,,,,,
1920,12-10-02 下午11时20分00秒,21.891,,,1912,12-10-03 上午12时00分00秒,19.532,,,,,,,,,,,,,,,,
1921,12-10-02 下午11时40分00秒,22.034,,,1913,12-10-03 上午12时20分00秒,17.653,,,,,,,,,,,,,,,,
1922,12-10-03 上午12时00分00秒,21.748,,,1914,12-10-03 上午12时40分00秒,17.249,,,,,,,,,,,,,,,,
1923,12-10-03 上午12时20分00秒,20.96,,,1915,12-10-03 上午01时00分00秒,17.415,,,,,,,,,,,,,,,,
1924,12-10-03 上午12时40分00秒,20.698,,,1916,12-10-03 上午01时20分00秒,15.461,,,,,,,,,,,,,,,,
1925,12-10-03 上午01时00分00秒,20.603,,,1917,12-10-03 上午01时40分00秒,15.724,,,,,,,,,,,,,,,,
1926,12-10-03 上午01时20分00秒,20.436,,,1918,12-10-03 上午02时00分00秒,15.629,,,,,,,,,,,,,,,,
1927,12-10-03 上午01时40分00秒,20.531,,,1919,12-10-03 上午02时20分00秒,13.954,,,,,,,,,,,,,,,,
1928,12-10-03 上午02时00分00秒,20.65,,,1920,12-10-03 上午02时40分00秒,14.242,,,,,,,,,,,,,,,,
1929,12-10-03 上午02时20分00秒,20.079,,,1921,12-10-03 上午03时00分00秒,14.122,,,,,,,,,,,,,,,,
1930,12-10-03 上午02时40分00秒,19.936,,,1922,12-10-03 上午03时20分00秒,12.847,,,,,,,,,,,,,,,,
1931,12-10-03 上午03时00分00秒,19.912,,,1923,12-10-03 上午03时40分00秒,13.473,,,,,,,,,,,,,,,,
1932,12-10-03 上午03时20分00秒,19.77,,,1924,12-10-03 上午04时00分00秒,12.823,,,,,,,,,,,,,,,,
1933,12-10-03 上午03时40分00秒,19.532,,,1925,12-10-03 上午04时20分00秒,13.329,,,,,,,,,,,,,,,,
1934,12-10-03 上午04时00分00秒,19.698,,,1926,12-10-03 上午04时40分00秒,13.161,,,,,,,,,,,,,,,,
1935,12-10-03 上午04时20分00秒,20.293,,,1927,12-10-03 上午05时00分00秒,13.858,,,,,,,,,,,,,,,,
1936,12-10-03 上午04时40分00秒,20.388,,,1928,12-10-03 上午05时20分00秒,14.984,,,,,,,,,,,,,,,,
1937,12-10-03 上午05时00分00秒,20.15,,,1929,12-10-03 上午05时40分00秒,14.84,,,,,,,,,,,,,,,,
1938,12-10-03 上午05时20分00秒,20.531,,,1930,12-10-03 上午06时00分00秒,15.676,,,,,,,,,,,,,,,,
1939,12-10-03 上午05时40分00秒,20.674,,,1931,12-10-03 上午06时20分00秒,16.749,,,,,,,,,,,,,,,,
1940,12-10-03 上午06时00分00秒,20.65,,,1932,12-10-03 上午06时40分00秒,16.606,,,,,,,,,,,,,,,,
1941,12-10-03 上午06时20分00秒,21.772,,,1933,12-10-03 上午07时00分00秒,16.987,,,,,,,,,,,,,,,,
1942,12-10-03 上午06时40分00秒,22.011,,,1934,12-10-03 上午07时20分00秒,18.937,,,,,,,,,,,,,,,,
1943,12-10-03 上午07时00分00秒,22.106,,,1935,12-10-03 上午07时40分00秒,18.675,,,,,,,,,,,,,,,,
1944,12-10-03 上午07时20分00秒,23.088,,,1936,12-10-03 上午08时00分00秒,19.032,,,,,,,,,,,,,,,,
1945,12-10-03 上午07时40分00秒,23.232,,,1937,12-10-03 上午08时20分00秒,20.913,,,,,,,,,,,,,,,,
1946,12-10-03 上午08时00分00秒,23.28,,,1938,12-10-03 上午08时40分00秒,20.388,,,,,,,,,,,,,,,,
1947,12-10-03 上午08时20分00秒,24.557,,,1939,12-10-03 上午09时00分00秒,20.15,,,,,,,,,,,,,,,,
1948,12-10-03 上午08时40分00秒,24.677,,,1940,12-10-03 上午09时20分00秒,22.705,,,,,,,,,,,,,,,,
1949,12-10-03 上午09时00分00秒,24.798,,,1941,12-10-03 上午09时40分00秒,22.465,,,,,,,,,,,,,,,,
1950,12-10-03 上午09时20分00秒,26.451,,,1942,12-10-03 上午10时00分00秒,22.393,,,,,,,,,,,,,,,,
1951,12-10-03 上午09时40分00秒,26.598,,,1943,12-10-03 上午10时20分00秒,24.46,,,,,,,,,,,,,,,,
1952,12-10-03 上午10时00分00秒,26.598,,,1944,12-10-03 上午10时40分00秒,24.484,,,,,,,,,,,,,,,,
1953,12-10-03 上午10时20分00秒,29.414,,,1945,12-10-03 上午11时00分00秒,24.629,,,,,,,,,,,,,,,,
1954,12-10-03 上午10时40分00秒,29.59,,,1946,12-10-03 上午11时20分00秒,26.402,,,,,,,,,,,,,,,,
1955,12-10-03 上午11时00分00秒,29.615,,,1947,12-10-03 上午11时40分00秒,26.28,,,,,,,,,,,,,,,,
1956,12-10-03 上午11时20分00秒,31.868,,,1948,12-10-03 下午12时00分00秒,26.304,,,,,,,,,,,,,,,,
1957,12-10-03 上午11时40分00秒,32.098,,,1949,12-10-03 下午12时20分00秒,27.136,,,,,,,,,,,,,,,,
1958,12-10-03 下午12时00分00秒,32.227,,,1950,12-10-03 下午12时40分00秒,27.235,,,,,,,,,,,,,,,,
1959,12-10-03 下午12时20分00秒,33.757,,,1951,12-10-03 下午01时00分00秒,27.112,,,,,,,,,,,,,,,,
1960,12-10-03 下午12时40分00秒,33.678,,,1952,12-10-03 下午01时20分00秒,27.949,,,,,,,,,,,,,,,,
1961,12-10-03 下午01时00分00秒,33.757,,,1953,12-10-03 下午01时40分00秒,27.801,,,,,,,,,,,,,,,,
1962,12-10-03 下午01时20分00秒,34.704,,,1954,12-10-03 下午02时00分00秒,27.85,,,,,,,,,,,,,,,,
1963,12-10-03 下午01时40分00秒,34.519,,,1955,12-10-03 下午02时20分00秒,28.32,,,,,,,,,,,,,,,,
1964,12-10-03 下午02时00分00秒,34.519,,,1956,12-10-03 下午02时40分00秒,28.32,,,,,,,,,,,,,,,,
1965,12-10-03 下午02时20分00秒,34.651,,,1957,12-10-03 下午03时00分00秒,28.419,,,,,,,,,,,,,,,,
1966,12-10-03 下午02时40分00秒,34.757,,,1958,12-10-03 下午03时20分00秒,28.27,,,,,,,,,,,,,,,,
1967,12-10-03 下午03时00分00秒,34.836,,,1959,12-10-03 下午03时40分00秒,28.419,,,,,,,,,,,,,,,,
1968,12-10-03 下午03时20分00秒,33.757,,,1960,12-10-03 下午04时00分00秒,28.345,,,,,,,,,,,,,,,,
1969,12-10-03 下午03时40分00秒,33.521,,,1961,12-10-03 下午04时20分00秒,27.899,,,,,,,,,,,,,,,,
1970,12-10-03 下午04时00分00秒,33.417,,,1962,12-10-03 下午04时40分00秒,27.825,,,,,,,,,,,,,,,,
1971,12-10-03 下午04时20分00秒,32.355,,,1963,12-10-03 下午05时00分00秒,27.653,,,,,,,,,,,,,,,,
1972,12-10-03 下午04时40分00秒,32.124,,,1964,12-10-03 下午05时20分00秒,27.308,,,,,,,,,,,,,,,,
1973,12-10-03 下午05时00分00秒,32.098,,,1965,12-10-03 下午05时40分00秒,27.038,,,,,,,,,,,,,,,,
1974,12-10-03 下午05时20分00秒,31.077,,,1966,12-10-03 下午06时00分00秒,27.235,,,,,,,,,,,,,,,,
1975,12-10-03 下午05时40分00秒,30.646,,,1967,12-10-03 下午06时20分00秒,26.695,,,,,,,,,,,,,,,,
1976,12-10-03 下午06时00分00秒,30.52,,,1968,12-10-03 下午06时40分00秒,26.622,,,,,,,,,,,,,,,,
1977,12-10-03 下午06时20分00秒,29.04,,,1969,12-10-03 下午07时00分00秒,26.598,,,,,,,,,,,,,,,,
1978,12-10-03 下午06时40分00秒,28.717,,,1970,12-10-03 下午07时20分00秒,25.768,,,,,,,,,,,,,,,,
1979,12-10-03 下午07时00分00秒,28.593,,,1971,12-10-03 下午07时40分00秒,25.574,,,,,,,,,,,,,,,,
1980,12-10-03 下午07时20分00秒,27.308,,,1972,12-10-03 下午08时00分00秒,25.598,,,,,,,,,,,,,,,,
1981,12-10-03 下午07时40分00秒,27.186,,,1973,12-10-03 下午08时20分00秒,24.557,,,,,,,,,,,,,,,,
1982,12-10-03 下午08时00分00秒,27.21,,,1974,12-10-03 下午08时40分00秒,24.436,,,,,,,,,,,,,,,,
1983,12-10-03 下午08时20分00秒,25.939,,,1975,12-10-03 下午09时00分00秒,24.243,,,,,,,,,,,,,,,,
1984,12-10-03 下午08时40分00秒,25.793,,,1976,12-10-03 下午09时20分00秒,22.753,,,,,,,,,,,,,,,,
1985,12-10-03 下午09时00分00秒,25.744,,,1977,12-10-03 下午09时40分00秒,22.513,,,,,,,,,,,,,,,,
1986,12-10-03 下午09时20分00秒,24.436,,,1978,12-10-03 下午10时00分00秒,22.8,,,,,,,,,,,,,,,,
1987,12-10-03 下午09时40分00秒,24.267,,,1979,12-10-03 下午10时20分00秒,20.674,,,,,,,,,,,,,,,,
1988,12-10-03 下午10时00分00秒,24.026,,,1980,12-10-03 下午10时40分00秒,20.388,,,,,,,,,,,,,,,,
1989,12-10-03 下午10时20分00秒,23.184,,,1981,12-10-03 下午11时00分00秒,20.317,,,,,,,,,,,,,,,,
1990,12-10-03 下午10时40分00秒,23.136,,,1982,12-10-03 下午11时20分00秒,19.413,,,,,,,,,,,,,,,,
1991,12-10-03 下午11时00分00秒,23.064,,,1983,12-10-03 下午11时40分00秒,19.508,,,,,,,,,,,,,,,,
1992,12-10-03 下午11时20分00秒,22.154,,,1984,12-10-04 上午12时00分00秒,19.413,,,,,,,,,,,,,,,,
1993,12-10-03 下午11时40分00秒,22.011,,,1985,12-10-04 上午12时20分00秒,17.368,,,,,,,,,,,,,,,,
,,,,,1986,12-10-04 上午12时40分00秒,17.439,,,,,,,,,,,,,,,,
,,,,,1987,12-10-04 上午01时00分00秒,17.796,,,,,,,,,,,,,,,,
,,,,,1988,12-10-04 上午01时20分00秒,15.891,,,,,,,,,,,,,,,,
,,,,,1989,12-10-04 上午01时40分00秒,15.843,,,,,,,,,,,,,,,,
,,,,,1990,12-10-04 上午02时00分00秒,15.318,,,,,,,,,,,,,,,,
,,,,,1991,12-10-04 上午02时20分00秒,13.93,,,,,,,,,,,,,,,,
,,,,,1992,12-10-04 上午02时40分00秒,14.409,,,,,,,,,,,,,,,,
,,,,,1993,12-10-04 上午03时00分00秒,13.954,,,,,,,,,,,,,,,,
,,,,,1994,12-10-04 上午03时20分00秒,13.137,,,,,,,,,,,,,,,,
,,,,,1995,12-10-04 上午03时40分00秒,13.185,,,,,,,,,,,,,,,,
,,,,,1996,12-10-04 上午04时00分00秒,12.823,,,,,,,,,,,,,,,,
,,,,,1997,12-10-04 上午04时20分00秒,13.161,,,,,,,,,,,,,,,,
,,,,,1998,12-10-04 上午04时40分00秒,14.002,,,,,,,,,,,,,,,,
,,,,,1999,12-10-04 上午05时00分00秒,13.377,,,,,,,,,,,,,,,,
,,,,,2000,12-10-04 上午05时20分00秒,14.864,,,,,,,,,,,,,,,,
,,,,,2001,12-10-04 上午05时40分00秒,14.84,,,,,,,,,,,,,,,,
,,,,,2002,12-10-04 上午06时00分00秒,16.01,,,,,,,,,,,,,,,,
,,,,,2003,12-10-04 上午06时20分00秒,16.868,,,,,,,,,,,,,,,,
,,,,,2004,12-10-04 上午06时40分00秒,16.415,,,,,,,,,,,,,,,,
,,,,,2005,12-10-04 上午07时00分00秒,17.177,,,,,,,,,,,,,,,,
,,,,,2006,12-10-04 上午07时20分00秒,19.484,,,,,,,,,,,,,,,,
,,,,,2007,12-10-04 上午07时40分00秒,18.747,,,,,,,,,,,,,,,,
,,,,,2008,12-10-04 上午08时00分00秒,18.628,,,,,,,,,,,,,,,,
,,,,,2009,12-10-04 上午08时20分00秒,20.603,,,,,,,,,,,,,,,,
,,,,,2010,12-10-04 上午08时40分00秒,20.222,,,,,,,,,,,,,,,,
,,,,,2011,12-10-04 上午09时00分00秒,20.246,,,,,,,,,,,,,,,,
,,,,,2012,12-10-04 上午09时20分00秒,22.729,,,,,,,,,,,,,,,,
,,,,,2013,12-10-04 上午09时40分00秒,22.441,,,,,,,,,,,,,,,,
,,,,,2014,12-10-04 上午10时00分00秒,22.657,,,,,,,,,,,,,,,,
,,,,,2015,12-10-04 上午10时20分00秒,24.726,,,,,,,,,,,,,,,,
,,,,,2016,12-10-04 上午10时40分00秒,24.388,,,,,,,,,,,,,,,,
,,,,,2017,12-10-04 上午11时00分00秒,24.677,,,,,,,,,,,,,,,,
,,,,,2018,12-10-04 上午11时20分00秒,26.769,,,,,,,,,,,,,,,,
,,,,,2019,12-10-04 上午11时40分00秒,26.207,,,,,,,,,,,,,,,,
,,,,,2020,12-10-04 下午12时00分00秒,26.28,,,,,,,,,,,,,,,,
,,,,,2021,12-10-04 下午12时20分00秒,26.965,,,,,,,,,,,,,,,,
,,,,,2022,12-10-04 下午12时40分00秒,27.087,,,,,,,,,,,,,,,,
,,,,,2023,12-10-04 下午01时00分00秒,27.21,,,,,,,,,,,,,,,,
,,,,,2024,12-10-04 下午01时20分00秒,27.974,,,,,,,,,,,,,,,,
,,,,,2025,12-10-04 下午01时40分00秒,27.85,,,,,,,,,,,,,,,,
,,,,,2026,12-10-04 下午02时00分00秒,27.899,,,,,,,,,,,,,,,,
,,,,,2027,12-10-04 下午02时20分00秒,28.295,,,,,,,,,,,,,,,,
,,,,,2028,12-10-04 下午02时40分00秒,28.518,,,,,,,,,,,,,,,,
,,,,,2029,12-10-04 下午03时00分00秒,28.518,,,,,,,,,,,,,,,,
,,,,,2030,12-10-04 下午03时20分00秒,28.468,,,,,,,,,,,,,,,,
,,,,,2031,12-10-04 下午03时40分00秒,28.468,,,,,,,,,,,,,,,,
,,,,,2032,12-10-04 下午04时00分00秒,28.196,,,,,,,,,,,,,,,,
,,,,,2033,12-10-04 下午04时20分00秒,27.702,,,,,,,,,,,,,,,,
,,,,,2034,12-10-04 下午04时40分00秒,27.751,,,,,,,,,,,,,,,,
,,,,,2035,12-10-04 下午05时00分00秒,27.554,,,,,,,,,,,,,,,,
,,,,,2036,12-10-04 下午05时20分00秒,27.333,,,,,,,,,,,,,,,,
,,,,,2037,12-10-04 下午05时40分00秒,27.112,,,,,,,,,,,,,,,,
,,,,,2038,12-10-04 下午06时00分00秒,27.284,,,,,,,,,,,,,,,,
,,,,,2039,12-10-04 下午06时20分00秒,26.524,,,,,,,,,,,,,,,,
,,,,,2040,12-10-04 下午06时40分00秒,26.646,,,,,,,,,,,,,,,,
,,,,,2041,12-10-04 下午07时00分00秒,26.72,,,,,,,,,,,,,,,,
,,,,,2042,12-10-04 下午07时20分00秒,25.453,,,,,,,,,,,,,,,,
,,,,,2043,12-10-04 下午07时40分00秒,25.501,,,,,,,,,,,,,,,,
,,,,,2044,12-10-04 下午08时00分00秒,25.162,,,,,,,,,,,,,,,,
,,,,,2045,12-10-04 下午08时20分00秒,24.412,,,,,,,,,,,,,,,,
,,,,,2046,12-10-04 下午08时40分00秒,24.291,,,,,,,,,,,,,,,,
,,,,,2047,12-10-04 下午09时00分00秒,24.098,,,,,,,,,,,,,,,,
,,,,,2048,12-10-04 下午09时20分00秒,22.824,,,,,,,,,,,,,,,,
,,,,,2049,12-10-04 下午09时40分00秒,22.513,,,,,,,,,,,,,,,,
,,,,,2050,12-10-04 下午10时00分00秒,23.112,,,,,,,,,,,,,,,,
,,,,,2051,12-10-04 下午10时20分00秒,20.579,,,,,,,,,,,,,,,,
,,,,,2052,12-10-04 下午10时40分00秒,20.365,,,,,,,,,,,,,,,,
,,,,,2053,12-10-04 下午11时00分00秒,20.388,,,,,,,,,,,,,,,,
,,,,,2054,12-10-04 下午11时20分00秒,19.508,,,,,,,,,,,,,,,,
,,,,,2055,12-10-04 下午11时40分00秒,19.341,,,,,,,,,,,,,,,,
,,,,,2056,12-10-05 上午12时00分00秒,19.603,,,,,,,,,,,,,,,,
,,,,,2057,12-10-05 上午12时20分00秒,17.629,,,,,,,,,,,,,,,,
,,,,,2058,12-10-05 上午12时40分00秒,17.772,,,,,,,,,,,,,,,,
,,,,,2059,12-10-05 上午01时00分00秒,17.938,,,,,,,,,,,,,,,,
,,,,,2060,12-10-05 上午01时20分00秒,16.415,,,,,,,,,,,,,,,,
,,,,,2061,12-10-05 上午01时40分00秒,15.796,,,,,,,,,,,,,,,,
,,,,,2062,12-10-05 上午02时00分00秒,15.652,,,,,,,,,,,,,,,,
,,,,,2063,12-10-05 上午02时20分00秒,14.505,,,,,,,,,,,,,,,,
,,,,,2064,12-10-05 上午02时40分00秒,13.762,,,,,,,,,,,,,,,,
,,,,,2065,12-10-05 上午03时00分00秒,13.882,,,,,,,,,,,,,,,,
,,,,,2066,12-10-05 上午03时20分00秒,12.871,,,,,,,,,,,,,,,,
,,,,,2067,12-10-05 上午03时40分00秒,13.353,,,,,,,,,,,,,,,,
,,,,,2068,12-10-05 上午04时00分00秒,12.896,,,,,,,,,,,,,,,,
,,,,,2069,12-10-05 上午04时20分00秒,14.098,,,,,,,,,,,,,,,,
,,,,,2070,12-10-05 上午04时40分00秒,13.546,,,,,,,,,,,,,,,,
,,,,,2071,12-10-05 上午05时00分00秒,13.377,,,,,,,,,,,,,,,,
,,,,,2072,12-10-05 上午05时20分00秒,15.27,,,,,,,,,,,,,,,,
,,,,,2073,12-10-05 上午05时40分00秒,15.031,,,,,,,,,,,,,,,,
,,,,,2074,12-10-05 上午06时00分00秒,15.581,,,,,,,,,,,,,,,,
,,,,,2075,12-10-05 上午06时20分00秒,16.796,,,,,,,,,,,,,,,,
,,,,,2076,12-10-05 上午06时40分00秒,16.582,,,,,,,,,,,,,,,,
,,,,,2077,12-10-05 上午07时00分00秒,17.034,,,,,,,,,,,,,,,,
,,,,,2078,12-10-05 上午07时20分00秒,19.246,,,,,,,,,,,,,,,,
,,,,,2079,12-10-05 上午07时40分00秒,18.699,,,,,,,,,,,,,,,,
,,,,,2080,12-10-05 上午08时00分00秒,18.889,,,,,,,,,,,,,,,,
,,,,,2081,12-10-05 上午08时20分00秒,21.032,,,,,,,,,,,,,,,,
,,,,,2082,12-10-05 上午08时40分00秒,20.579,,,,,,,,,,,,,,,,
,,,,,2083,12-10-05 上午09时00分00秒,20.293,,,,,,,,,,,,,,,,
,,,,,2084,12-10-05 上午09时20分00秒,22.872,,,,,,,,,,,,,,,,
,,,,,2085,12-10-05 上午09时40分00秒,22.657,,,,,,,,,,,,,,,,
,,,,,2086,12-10-05 上午10时00分00秒,22.465,,,,,,,,,,,,,,,,
,,,,,2087,12-10-05 上午10时20分00秒,24.968,,,,,,,,,,,,,,,,
,,,,,2088,12-10-05 上午10时40分00秒,24.798,,,,,,,,,,,,,,,,
,,,,,2089,12-10-05 上午11时00分00秒,24.484,,,,,,,,,,,,,,,,
,,,,,2090,12-10-05 上午11时20分00秒,26.378,,,,,,,,,,,,,,,,
,,,,,2091,12-10-05 上午11时40分00秒,26.329,,,,,,,,,,,,,,,,
,,,,,2092,12-10-05 下午12时00分00秒,26.402,,,,,,,,,,,,,,,,
,,,,,2093,12-10-05 下午12时20分00秒,27.505,,,,,,,,,,,,,,,,
,,,,,2094,12-10-05 下午12时40分00秒,27.087,,,,,,,,,,,,,,,,
,,,,,2095,12-10-05 下午01时00分00秒,27.259,,,,,,,,,,,,,,,,
,,,,,2096,12-10-05 下午01时20分00秒,27.998,,,,,,,,,,,,,,,,
,,,,,2097,12-10-05 下午01时40分00秒,27.751,,,,,,,,,,,,,,,,
,,,,,2098,12-10-05 下午02时00分00秒,27.751,,,,,,,,,,,,,,,,
,,,,,2099,12-10-05 下午02时20分00秒,28.245,,,,,,,,,,,,,,,,
,,,,,2100,12-10-05 下午02时40分00秒,28.196,,,,,,,,,,,,,,,,
,,,,,2101,12-10-05 下午03时00分00秒,28.097,,,,,,,,,,,,,,,,
,,,,,2102,12-10-05 下午03时20分00秒,28.27,,,,,,,,,,,,,,,,
,,,,,2103,12-10-05 下午03时40分00秒,28.171,,,,,,,,,,,,,,,,
,,,,,2104,12-10-05 下午04时00分00秒,28.221,,,,,,,,,,,,,,,,
,,,,,2105,12-10-05 下午04时20分00秒,27.604,,,,,,,,,,,,,,,,
,,,,,2106,12-10-05 下午04时40分00秒,27.653,,,,,,,,,,,,,,,,
,,,,,2107,12-10-05 下午05时00分00秒,27.677,,,,,,,,,,,,,,,,
,,,,,2108,12-10-05 下午05时20分00秒,27.038,,,,,,,,,,,,,,,,
,,,,,2109,12-10-05 下午05时40分00秒,27.112,,,,,,,,,,,,,,,,
,,,,,2110,12-10-05 下午06时00分00秒,26.965,,,,,,,,,,,,,,,,
,,,,,2111,12-10-05 下午06时20分00秒,26.622,,,,,,,,,,,,,,,,
,,,,,2112,12-10-05 下午06时40分00秒,26.475,,,,,,,,,,,,,,,,
,,,,,2113,12-10-05 下午07时00分00秒,26.451,,,,,,,,,,,,,,,,
,,,,,2114,12-10-05 下午07时20分00秒,25.501,,,,,,,,,,,,,,,,
,,,,,2115,12-10-05 下午07时40分00秒,25.331,,,,,,,,,,,,,,,,
,,,,,2116,12-10-05 下午08时00分00秒,25.21,,,,,,,,,,,,,,,,
,,,,,2117,12-10-05 下午08时20分00秒,24.412,,,,,,,,,,,,,,,,
,,,,,2118,12-10-05 下午08时40分00秒,24.219,,,,,,,,,,,,,,,,
,,,,,2119,12-10-05 下午09时00分00秒,24.195,,,,,,,,,,,,,,,,
,,,,,2120,12-10-05 下午09时20分00秒,22.848,,,,,,,,,,,,,,,,
,,,,,2121,12-10-05 下午09时40分00秒,22.8,,,,,,,,,,,,,,,,
,,,,,2122,12-10-05 下午10时00分00秒,22.705,,,,,,,,,,,,,,,,
,,,,,2123,12-10-05 下午10时20分00秒,20.698,,,,,,,,,,,,,,,,
,,,,,2124,12-10-05 下午10时40分00秒,20.507,,,,,,,,,,,,,,,,
,,,,,2125,12-10-05 下午11时00分00秒,20.412,,,,,,,,,,,,,,,,
,,,,,2126,12-10-05 下午11时20分00秒,19.27,,,,,,,,,,,,,,,,
,,,,,2127,12-10-05 下午11时40分00秒,19.294,,,,,,,,,,,,,,,,
,,,,,2128,12-10-06 上午12时00分00秒,19.603,,,,,,,,,,,,,,,,
,,,,,2129,12-10-06 上午12时20分00秒,17.486,,,,,,,,,,,,,,,,
,,,,,2130,12-10-06 上午12时40分00秒,17.439,,,,,,,,,,,,,,,,
,,,,,2131,12-10-06 上午01时00分00秒,17.891,,,,,,,,,,,,,,,,
,,,,,2132,12-10-06 上午01时20分00秒,15.986,,,,,,,,,,,,,,,,
,,,,,2133,12-10-06 上午01时40分00秒,16.249,,,,,,,,,,,,,,,,
,,,,,2134,12-10-06 上午02时00分00秒,15.629,,,,,,,,,,,,,,,,
,,,,,2135,12-10-06 上午02时20分00秒,14.122,,,,,,,,,,,,,,,,
,,,,,2136,12-10-06 上午02时40分00秒,13.81,,,,,,,,,,,,,,,,
,,,,,2137,12-10-06 上午03时00分00秒,14.745,,,,,,,,,,,,,,,,
,,,,,2138,12-10-06 上午03时20分00秒,13.449,,,,,,,,,,,,,,,,
,,,,,2139,12-10-06 上午03时40分00秒,12.968,,,,,,,,,,,,,,,,
,,,,,2140,12-10-06 上午04时00分00秒,12.727,,,,,,,,,,,,,,,,
,,,,,2141,12-10-06 上午04时20分00秒,14.026,,,,,,,,,,,,,,,,
,,,,,2142,12-10-06 上午04时40分00秒,13.786,,,,,,,,,,,,,,,,
,,,,,2143,12-10-06 上午05时00分00秒,13.618,,,,,,,,,,,,,,,,
,,,,,2144,12-10-06 上午05时20分00秒,15.438,,,,,,,,,,,,,,,,
,,,,,2145,12-10-06 上午05时40分00秒,15.318,,,,,,,,,,,,,,,,
,,,,,2146,12-10-06 上午06时00分00秒,15.414,,,,,,,,,,,,,,,,
,,,,,2147,12-10-06 上午06时20分00秒,16.773,,,,,,,,,,,,,,,,
,,,,,2148,12-10-06 上午06时40分00秒,16.773,,,,,,,,,,,,,,,,
,,,,,2149,12-10-06 上午07时00分00秒,16.63,,,,,,,,,,,,,,,,
,,,,,2150,12-10-06 上午07时20分00秒,19.222,,,,,,,,,,,,,,,,
,,,,,2151,12-10-06 上午07时40分00秒,18.509,,,,,,,,,,,,,,,,
,,,,,2152,12-10-06 上午08时00分00秒,19.222,,,,,,,,,,,,,,,,
,,,,,2153,12-10-06 上午08时20分00秒,20.817,,,,,,,,,,,,,,,,
,,,,,2154,12-10-06 上午08时40分00秒,20.341,,,,,,,,,,,,,,,,
,,,,,2155,12-10-06 上午09时00分00秒,20.388,,,,,,,,,,,,,,,,
,,,,,2156,12-10-06 上午09时20分00秒,22.657,,,,,,,,,,,,,,,,
,,,,,2157,12-10-06 上午09时40分00秒,22.609,,,,,,,,,,,,,,,,
,,,,,2158,12-10-06 上午10时00分00秒,22.441,,,,,,,,,,,,,,,,
,,,,,2159,12-10-06 上午10时20分00秒,24.726,,,,,,,,,,,,,,,,
,,,,,2160,12-10-06 上午10时32分38秒,,,,,,,,,,,,,,,,,
,,,,,2161,12-10-06 上午10时32分44秒,,,,,,,,,,,,,,,,,
,,,,,2162,12-10-06 上午10时33分35秒,,,,,,,,,,,,,,,,,
,,,,,2163,12-10-06 上午10时40分00秒,25.016,,,,,,,,,,,,,,,,
,,,,,2164,12-10-06 上午11时00分00秒,24.774,,,,,,,,,,,,,,,,
,,,,,2165,12-10-06 上午11时20分00秒,26.402,,,,,,,,,,,,,,,,
,,,,,2166,12-10-06 上午11时40分00秒,26.378,,,,,,,,,,,,,,,,
,,,,,2167,12-10-06 下午12时00分00秒,26.329,,,,,,,,,,,,,,,,
,,,,,2168,12-10-06 下午12时20分00秒,27.014,,,,,,,,,,,,,,,,
,,,,,2169,12-10-06 下午12时40分00秒,27.308,,,,,,,,,,,,,,,,
,,,,,2170,12-10-06 下午01时00分00秒,27.358,,,,,,,,,,,,,,,,
,,,,,2171,12-10-06 下午01时20分00秒,27.85,,,,,,,,,,,,,,,,
,,,,,2172,12-10-06 下午01时40分00秒,27.899,,,,,,,,,,,,,,,,
,,,,,2173,12-10-06 下午02时00分00秒,27.825,,,,,,,,,,,,,,,,
,,,,,2174,12-10-06 下午02时20分00秒,28.171,,,,,,,,,,,,,,,,
,,,,,2175,12-10-06 下午02时40分00秒,28.345,,,,,,,,,,,,,,,,
,,,,,2176,12-10-06 下午03时00分00秒,28.394,,,,,,,,,,,,,,,,
,,,,,2177,12-10-06 下午03时20分00秒,28.295,,,,,,,,,,,,,,,,
,,,,,2178,12-10-06 下午03时40分00秒,28.295,,,,,,,,,,,,,,,,
,,,,,2179,12-10-06 下午04时00分00秒,28.27,,,,,,,,,,,,,,,,
,,,,,2180,12-10-06 下午04时20分00秒,27.751,,,,,,,,,,,,,,,,
,,,,,2181,12-10-06 下午04时40分00秒,27.727,,,,,,,,,,,,,,,,
,,,,,2182,12-10-06 下午05时00分00秒,27.825,,,,,,,,,,,,,,,,
,,,,,2183,12-10-06 下午05时20分00秒,27.087,,,,,,,,,,,,,,,,
,,,,,2184,12-10-06 下午05时40分00秒,27.063,,,,,,,,,,,,,,,,
,,,,,2185,12-10-06 下午06时00分00秒,27.161,,,,,,,,,,,,,,,,
,,,,,2186,12-10-06 下午06时20分00秒,26.646,,,,,,,,,,,,,,,,
,,,,,2187,12-10-06 下午06时40分00秒,26.5,,,,,,,,,,,,,,,,
,,,,,2188,12-10-06 下午07时00分00秒,26.646,,,,,,,,,,,,,,,,
,,,,,2189,12-10-06 下午07时20分00秒,25.598,,,,,,,,,,,,,,,,
,,,,,2190,12-10-06 下午07时40分00秒,25.525,,,,,,,,,,,,,,,,
,,,,,2191,12-10-06 下午08时00分00秒,25.598,,,,,,,,,,,,,,,,
,,,,,2192,12-10-06 下午08时20分00秒,24.581,,,,,,,,,,,,,,,,
,,,,,2193,12-10-06 下午08时40分00秒,24.484,,,,,,,,,,,,,,,,
,,,,,2194,12-10-06 下午09时00分00秒,24.508,,,,,,,,,,,,,,,,
,,,,,2195,12-10-06 下午09时20分00秒,23.088,,,,,,,,,,,,,,,,
,,,,,2196,12-10-06 下午09时40分00秒,22.681,,,,,,,,,,,,,,,,
,,,,,2197,12-10-06 下午10时00分00秒,22.609,,,,,,,,,,,,,,,,
,,,,,2198,12-10-06 下午10时20分00秒,20.913,,,,,,,,,,,,,,,,
,,,,,2199,12-10-06 下午10时40分00秒,20.674,,,,,,,,,,,,,,,,
,,,,,2200,12-10-06 下午11时00分00秒,20.603,,,,,,,,,,,,,,,,
,,,,,2201,12-10-06 下午11时20分00秒,19.722,,,,,,,,,,,,,,,,
,,,,,2202,12-10-06 下午11时40分00秒,19.46,,,,,,,,,,,,,,,,
,,,,,2203,12-10-07 上午12时00分00秒,19.698,,,,,,,,,,,,,,,,
,,,,,2204,12-10-07 上午12时20分00秒,18.533,,,,,,,,,,,,,,,,
,,,,,2205,12-10-07 上午12时40分00秒,18.366,,,,,,,,,,,,,,,,
,,,,,2206,12-10-07 上午01时00分00秒,17.986,,,,,,,,,,,,,,,,
,,,,,2207,12-10-07 上午01时20分00秒,15.891,,,,,,,,,,,,,,,,
,,,,,2208,12-10-07 上午01时40分00秒,16.034,,,,,,,,,,,,,,,,
,,,,,2209,12-10-07 上午02时00分00秒,15.557,,,,,,,,,,,,,,,,
,,,,,2210,12-10-07 上午02时20分00秒,14.266,,,,,,,,,,,,,,,,
,,,,,2211,12-10-07 上午02时40分00秒,14.314,,,,,,,,,,,,,,,,
,,,,,2212,12-10-07 上午03时00分00秒,14.409,,,,,,,,,,,,,,,,
,,,,,2213,12-10-07 上午03时20分00秒,13.449,,,,,,,,,,,,,,,,
,,,,,2214,12-10-07 上午03时40分00秒,13.04,,,,,,,,,,,,,,,,
,,,,,2215,12-10-07 上午04时00分00秒,13.281,,,,,,,,,,,,,,,,
,,,,,2216,12-10-07 上午04时20分00秒,13.642,,,,,,,,,,,,,,,,
,,,,,2217,12-10-07 上午04时40分00秒,14.29,,,,,,,,,,,,,,,,
,,,,,2218,12-10-07 上午05时00分00秒,13.882,,,,,,,,,,,,,,,,
,,,,,2219,12-10-07 上午05时20分00秒,15.294,,,,,,,,,,,,,,,,
,,,,,2220,12-10-07 上午05时40分00秒,15.461,,,,,,,,,,,,,,,,
,,,,,2221,12-10-07 上午06时00分00秒,15.724,,,,,,,,,,,,,,,,
,,,,,2222,12-10-07 上午06时20分00秒,16.987,,,,,,,,,,,,,,,,
,,,,,2223,12-10-07 上午06时40分00秒,16.915,,,,,,,,,,,,,,,,
,,,,,2224,12-10-07 上午07时00分00秒,17.486,,,,,,,,,,,,,,,,
,,,,,2225,12-10-07 上午07时20分00秒,19.08,,,,,,,,,,,,,,,,
,,,,,2226,12-10-07 上午07时40分00秒,18.961,,,,,,,,,,,,,,,,
,,,,,2227,12-10-07 上午08时00分00秒,19.532,,,,,,,,,,,,,,,,
,,,,,2228,12-10-07 上午08时20分00秒,20.936,,,,,,,,,,,,,,,,
,,,,,2229,12-10-07 上午08时40分00秒,20.77,,,,,,,,,,,,,,,,
,,,,,2230,12-10-07 上午09时00分00秒,20.507,,,,,,,,,,,,,,,,
,,,,,2231,12-10-07 上午09时20分00秒,22.633,,,,,,,,,,,,,,,,
,,,,,2232,12-10-07 上午09时40分00秒,22.441,,,,,,,,,,,,,,,,
,,,,,2233,12-10-07 上午10时00分00秒,22.753,,,,,,,,,,,,,,,,
,,,,,2234,12-10-07 上午10时20分00秒,24.702,,,,,,,,,,,,,,,,
,,,,,2235,12-10-07 上午10时40分00秒,24.508,,,,,,,,,,,,,,,,
,,,,,2236,12-10-07 上午11时00分00秒,24.436,,,,,,,,,,,,,,,,
,,,,,2237,12-10-07 上午11时20分00秒,26.622,,,,,,,,,,,,,,,,
,,,,,2238,12-10-07 上午11时40分00秒,26.402,,,,,,,,,,,,,,,,
,,,,,2239,12-10-07 下午12时00分00秒,26.329,,,,,,,,,,,,,,,,
,,,,,2240,12-10-07 下午12时20分00秒,27.382,,,,,,,,,,,,,,,,
,,,,,2241,12-10-07 下午12时40分00秒,27.136,,,,,,,,,,,,,,,,
,,,,,2242,12-10-07 下午01时00分00秒,27.186,,,,,,,,,,,,,,,,
,,,,,2243,12-10-07 下午01时20分00秒,28.072,,,,,,,,,,,,,,,,
,,,,,2244,12-10-07 下午01时40分00秒,27.924,,,,,,,,,,,,,,,,
,,,,,2245,12-10-07 下午02时00分00秒,27.579,,,,,,,,,,,,,,,,
,,,,,2246,12-10-07 下午02时20分00秒,28.196,,,,,,,,,,,,,,,,
,,,,,2247,12-10-07 下午02时40分00秒,28.048,,,,,,,,,,,,,,,,
,,,,,2248,12-10-07 下午03时00分00秒,27.998,,,,,,,,,,,,,,,,
,,,,,2249,12-10-07 下午03时20分00秒,28.394,,,,,,,,,,,,,,,,
,,,,,2250,12-10-07 下午03时40分00秒,28.27,,,,,,,,,,,,,,,,
,,,,,2251,12-10-07 下午04时00分00秒,28.32,,,,,,,,,,,,,,,,
,,,,,2252,12-10-07 下午04时20分00秒,27.702,,,,,,,,,,,,,,,,
,,,,,2253,12-10-07 下午04时40分00秒,27.677,,,,,,,,,,,,,,,,
,,,,,2254,12-10-07 下午05时00分00秒,27.456,,,,,,,,,,,,,,,,
,,,,,2255,12-10-07 下午05时20分00秒,27.087,,,,,,,,,,,,,,,,
,,,,,2256,12-10-07 下午05时40分00秒,26.842,,,,,,,,,,,,,,,,
,,,,,2257,12-10-07 下午06时00分00秒,26.744,,,,,,,,,,,,,,,,
,,,,,2258,12-10-07 下午06时20分00秒,26.524,,,,,,,,,,,,,,,,
,,,,,2259,12-10-07 下午06时40分00秒,26.451,,,,,,,,,,,,,,,,
,,,,,2260,12-10-07 下午07时00分00秒,26.28,,,,,,,,,,,,,,,,
,,,,,2261,12-10-07 下午07时20分00秒,25.234,,,,,,,,,,,,,,,,
,,,,,2262,12-10-07 下午07时40分00秒,25.065,,,,,,,,,,,,,,,,
,,,,,2263,12-10-07 下午08时00分00秒,25.04,,,,,,,,,,,,,,,,
,,,,,2264,12-10-07 下午08时20分00秒,24.363,,,,,,,,,,,,,,,,
,,,,,2265,12-10-07 下午08时40分00秒,24.243,,,,,,,,,,,,,,,,
,,,,,2266,12-10-07 下午09时00分00秒,24.05,,,,,,,,,,,,,,,,
,,,,,2267,12-10-07 下午09时20分00秒,22.848,,,,,,,,,,,,,,,,
,,,,,2268,12-10-07 下午09时40分00秒,22.705,,,,,,,,,,,,,,,,
,,,,,2269,12-10-07 下午10时00分00秒,22.441,,,,,,,,,,,,,,,,
,,,,,2270,12-10-07 下午10时20分00秒,20.317,,,,,,,,,,,,,,,,
,,,,,2271,12-10-07 下午10时40分00秒,20.126,,,,,,,,,,,,,,,,
,,,,,2272,12-10-07 下午11时00分00秒,20.388,,,,,,,,,,,,,,,,
,,,,,2273,12-10-07 下午11时20分00秒,19.436,,,,,,,,,,,,,,,,
,,,,,2274,12-10-07 下午11时40分00秒,19.722,,,,,,,,,,,,,,,,
,,,,,2275,12-10-08 上午12时00分00秒,19.841,,,,,,,,,,,,,,,,
,,,,,2276,12-10-08 上午12时20分00秒,18.628,,,,,,,,,,,,,,,,
,,,,,2277,12-10-08 上午12时40分00秒,17.558,,,,,,,,,,,,,,,,
,,,,,2278,12-10-08 上午01时00分00秒,17.605,,,,,,,,,,,,,,,,
,,,,,2279,12-10-08 上午01时20分00秒,15.7,,,,,,,,,,,,,,,,
,,,,,2280,12-10-08 上午01时40分00秒,15.127,,,,,,,,,,,,,,,,
,,,,,2281,12-10-08 上午02时00分00秒,15.819,,,,,,,,,,,,,,,,
,,,,,2282,12-10-08 上午02时20分00秒,14.218,,,,,,,,,,,,,,,,
,,,,,2283,12-10-08 上午02时40分00秒,13.57,,,,,,,,,,,,,,,,
,,,,,2284,12-10-08 上午03时00分00秒,13.93,,,,,,,,,,,,,,,,
,,,,,2285,12-10-08 上午03时20分00秒,13.305,,,,,,,,,,,,,,,,
,,,,,2286,12-10-08 上午03时40分00秒,13.185,,,,,,,,,,,,,,,,
,,,,,2287,12-10-08 上午04时00分00秒,12.92,,,,,,,,,,,,,,,,
,,,,,2288,12-10-08 上午04时20分00秒,13.185,,,,,,,,,,,,,,,,
,,,,,2289,12-10-08 上午04时40分00秒,13.834,,,,,,,,,,,,,,,,
,,,,,2290,12-10-08 上午05时00分00秒,13.714,,,,,,,,,,,,,,,,
,,,,,2291,12-10-08 上午05时20分00秒,15.533,,,,,,,,,,,,,,,,
,,,,,2292,12-10-08 上午05时40分00秒,14.936,,,,,,,,,,,,,,,,
,,,,,2293,12-10-08 上午06时00分00秒,15.223,,,,,,,,,,,,,,,,
,,,,,2294,12-10-08 上午06时20分00秒,16.439,,,,,,,,,,,,,,,,
,,,,,2295,12-10-08 上午06时40分00秒,17.034,,,,,,,,,,,,,,,,
,,,,,2296,12-10-08 上午07时00分00秒,16.677,,,,,,,,,,,,,,,,
,,,,,2297,12-10-08 上午07时20分00秒,18.438,,,,,,,,,,,,,,,,
,,,,,2298,12-10-08 上午07时40分00秒,18.961,,,,,,,,,,,,,,,,
,,,,,2299,12-10-08 上午08时00分00秒,18.961,,,,,,,,,,,,,,,,
,,,,,2300,12-10-08 上午08时10分13秒,,,,,,,,,,,,,,,,,
,,,,,2301,12-10-08 上午08时13分04秒,,,,,,,,,,,,,,,,,
,,,,,2302,12-10-08 上午08时13分30秒,,,,,,,,,,,,,,,,,
,,,,,2303,12-10-08 上午08时13分32秒,,,,,,,,,,,,,,,,,
,,,,,2304,12-10-08 上午08时13分33秒,,,,,,,,,,,,,,,,,
,,,,,2305,12-10-08 上午08时14分14秒,,,,,,,,,,,,,,,,,
,,,,,2306,12-10-08 上午08时20分00秒,21.557,,,,,,,,,,,,,,,,
,,,,,2307,12-10-08 上午08时40分00秒,20.031,,,,,,,,,,,,,,,,
,,,,,2308,12-10-08 上午09时00分00秒,21.032,,,,,,,,,,,,,,,,
,,,,,2309,12-10-08 上午09时20分00秒,22.226,,,,,,,,,,,,,,,,
,,,,,2310,12-10-08 上午09时40分00秒,22.609,,,,,,,,,,,,,,,,
,,,,,2311,12-10-08 上午10时00分00秒,23.521,,,,,,,,,,,,,,,,
,,,,,2312,12-10-08 上午10时20分00秒,25.21,,,,,,,,,,,,,,,,
,,,,,2313,12-10-08 上午10时40分00秒,24.847,,,,,,,,,,,,,,,,
,,,,,2314,12-10-08 上午11时00分00秒,25.817,,,,,,,,,,,,,,,,
,,,,,2315,12-10-08 上午11时20分00秒,26.598,,,,,,,,,,,,,,,,
,,,,,2316,12-10-08 上午11时40分00秒,26.304,,,,,,,,,,,,,,,,
,,,,,2317,12-10-08 下午12时00分00秒,26.426,,,,,,,,,,,,,,,,
,,,,,2318,12-10-08 下午12时20分00秒,27.481,,,,,,,,,,,,,,,,
,,,,,2319,12-10-08 下午12时40分00秒,27.259,,,,,,,,,,,,,,,,
,,,,,2320,12-10-08 下午01时00分00秒,27.751,,,,,,,,,,,,,,,,
,,,,,2321,12-10-08 下午01时20分00秒,27.801,,,,,,,,,,,,,,,,
,,,,,2322,12-10-08 下午01时40分00秒,27.899,,,,,,,,,,,,,,,,
,,,,,2323,12-10-08 下午02时00分00秒,28.32,,,,,,,,,,,,,,,,
,,,,,2324,12-10-08 下午02时20分00秒,28.023,,,,,,,,,,,,,,,,
,,,,,2325,12-10-08 下午02时40分00秒,28.295,,,,,,,,,,,,,,,,
,,,,,2326,12-10-08 下午03时00分00秒,28.097,,,,,,,,,,,,,,,,
,,,,,2327,12-10-08 下午03时20分00秒,28.27,,,,,,,,,,,,,,,,
,,,,,2328,12-10-08 下午03时40分00秒,28.072,,,,,,,,,,,,,,,,
,,,,,2329,12-10-08 下午04时00分00秒,27.456,,,,,,,,,,,,,,,,
,,,,,2330,12-10-08 下午04时20分00秒,27.677,,,,,,,,,,,,,,,,
,,,,,2331,12-10-08 下午04时40分00秒,27.505,,,,,,,,,,,,,,,,
,,,,,2332,12-10-08 下午05时00分00秒,26.744,,,,,,,,,,,,,,,,
,,,,,2333,12-10-08 下午05时20分00秒,26.965,,,,,,,,,,,,,,,,
,,,,,2334,12-10-08 下午05时40分00秒,27.014,,,,,,,,,,,,,,,,
,,,,,2335,12-10-08 下午06时00分00秒,27.038,,,,,,,,,,,,,,,,
,,,,,2336,12-10-08 下午06时20分00秒,26.646,,,,,,,,,,,,,,,,
,,,,,2337,12-10-08 下午06时40分00秒,26.598,,,,,,,,,,,,,,,,
,,,,,2338,12-10-08 下午07时00分00秒,25.525,,,,,,,,,,,,,,,,
,,,,,2339,12-10-08 下午07时20分00秒,25.186,,,,,,,,,,,,,,,,
,,,,,2340,12-10-08 下午07时40分00秒,25.162,,,,,,,,,,,,,,,,
,,,,,2341,12-10-08 下午08时00分00秒,24.388,,,,,,,,,,,,,,,,
,,,,,2342,12-10-08 下午08时20分00秒,24.339,,,,,,,,,,,,,,,,
,,,,,2343,12-10-08 下午08时40分00秒,24.436,,,,,,,,,,,,,,,,
,,,,,2344,12-10-08 下午09时00分00秒,24.436,,,,,,,,,,,,,,,,
,,,,,2345,12-10-08 下午09时20分00秒,22.537,,,,,,,,,,,,,,,,
,,,,,2346,12-10-08 下午09时40分00秒,22.729,,,,,,,,,,,,,,,,
,,,,,2347,12-10-08 下午10时00分00秒,20.936,,,,,,,,,,,,,,,,
,,,,,2348,12-10-08 下午10时20分00秒,20.674,,,,,,,,,,,,,,,,
,,,,,2349,12-10-08 下午10时40分00秒,20.555,,,,,,,,,,,,,,,,
,,,,,2350,12-10-08 下午11时00分00秒,20.65,,,,,,,,,,,,,,,,
,,,,,2351,12-10-08 下午11时20分00秒,18.937,,,,,,,,,,,,,,,,
,,,,,2352,12-10-08 下午11时40分00秒,19.294,,,,,,,,,,,,,,,,
,,,,,2353,12-10-09 上午12时00分00秒,18.794,,,,,,,,,,,,,,,,
,,,,,2354,12-10-09 上午12时20分00秒,17.796,,,,,,,,,,,,,,,,
,,,,,2355,12-10-09 上午12时40分00秒,17.415,,,,,,,,,,,,,,,,
,,,,,2356,12-10-09 上午01时00分00秒,17.558,,,,,,,,,,,,,,,,
,,,,,2357,12-10-09 上午01时20分00秒,15.652,,,,,,,,,,,,,,,,
,,,,,2358,12-10-09 上午01时40分00秒,15.031,,,,,,,,,,,,,,,,
,,,,,2359,12-10-09 上午02时00分00秒,16.034,,,,,,,,,,,,,,,,
,,,,,2360,12-10-09 上午02时20分00秒,13.69,,,,,,,,,,,,,,,,
,,,,,2361,12-10-09 上午02时40分00秒,14.409,,,,,,,,,,,,,,,,
,,,,,2362,12-10-09 上午03时00分00秒,13.353,,,,,,,,,,,,,,,,
,,,,,2363,12-10-09 上午03时20分00秒,12.968,,,,,,,,,,,,,,,,
,,,,,2364,12-10-09 上午03时40分00秒,12.389,,,,,,,,,,,,,,,,
,,,,,2365,12-10-09 上午04时00分00秒,12.896,,,,,,,,,,,,,,,,
,,,,,2366,12-10-09 上午04时20分00秒,13.425,,,,,,,,,,,,,,,,
,,,,,2367,12-10-09 上午04时40分00秒,13.906,,,,,,,,,,,,,,,,
,,,,,2368,12-10-09 上午05时00分00秒,14.625,,,,,,,,,,,,,,,,
,,,,,2369,12-10-09 上午05时20分00秒,15.031,,,,,,,,,,,,,,,,
,,,,,2370,12-10-09 上午05时40分00秒,14.792,,,,,,,,,,,,,,,,
,,,,,2371,12-10-09 上午06时00分00秒,16.058,,,,,,,,,,,,,,,,
,,,,,2372,12-10-09 上午06时20分00秒,17.106,,,,,,,,,,,,,,,,
,,,,,2373,12-10-09 上午06时40分00秒,16.249,,,,,,,,,,,,,,,,
,,,,,2374,12-10-09 上午07时00分00秒,18.129,,,,,,,,,,,,,,,,
,,,,,2375,12-10-09 上午07时20分00秒,18.699,,,,,,,,,,,,,,,,
,,,,,2376,12-10-09 上午07时40分00秒,19.056,,,,,,,,,,,,,,,,
,,,,,2377,12-10-09 上午08时00分00秒,19.222,,,,,,,,,,,,,,,,
,,,,,2378,12-10-09 上午08时20分00秒,20.603,,,,,,,,,,,,,,,,
,,,,,2379,12-10-09 上午08时40分00秒,20.222,,,,,,,,,,,,,,,,
,,,,,2380,12-10-09 上午09时00分00秒,21.032,,,,,,,,,,,,,,,,
,,,,,2381,12-10-09 上午09时20分00秒,22.753,,,,,,,,,,,,,,,,
,,,,,2382,12-10-09 上午09时40分00秒,22.537,,,,,,,,,,,,,,,,
,,,,,2383,12-10-09 上午10时00分00秒,23.665,,,,,,,,,,,,,,,,
,,,,,2384,12-10-09 上午10时20分00秒,25.016,,,,,,,,,,,,,,,,
,,,,,2385,12-10-09 上午10时40分00秒,24.702,,,,,,,,,,,,,,,,
,,,,,2386,12-10-09 上午11时00分00秒,25.453,,,,,,,,,,,,,,,,
,,,,,2387,12-10-09 上午11时20分00秒,26.475,,,,,,,,,,,,,,,,
,,,,,2388,12-10-09 上午11时40分00秒,26.451,,,,,,,,,,,,,,,,
,,,,,2389,12-10-09 下午12时00分00秒,27.186,,,,,,,,,,,,,,,,
,,,,,2390,12-10-09 下午12时20分00秒,27.087,,,,,,,,,,,,,,,,
,,,,,2391,12-10-09 下午12时40分00秒,27.21,,,,,,,,,,,,,,,,
,,,,,2392,12-10-09 下午01时00分00秒,26.965,,,,,,,,,,,,,,,,
,,,,,2393,12-10-09 下午01时20分00秒,28.023,,,,,,,,,,,,,,,,
,,,,,2394,12-10-09 下午01时40分00秒,28.048,,,,,,,,,,,,,,,,
,,,,,2395,12-10-09 下午02时00分00秒,27.677,,,,,,,,,,,,,,,,
,,,,,2396,12-10-09 下午02时20分00秒,28.196,,,,,,,,,,,,,,,,
,,,,,2397,12-10-09 下午02时40分00秒,28.32,,,,,,,,,,,,,,,,
,,,,,2398,12-10-09 下午03时00分00秒,28.518,,,,,,,,,,,,,,,,
,,,,,2399,12-10-09 下午03时20分00秒,28.171,,,,,,,,,,,,,,,,
,,,,,2400,12-10-09 下午03时40分00秒,28.32,,,,,,,,,,,,,,,,
,,,,,2401,12-10-09 下午04时00分00秒,27.604,,,,,,,,,,,,,,,,
,,,,,2402,12-10-09 下午04时20分00秒,27.677,,,,,,,,,,,,,,,,
,,,,,2403,12-10-09 下午04时40分00秒,27.801,,,,,,,,,,,,,,,,
,,,,,2404,12-10-09 下午05时00分00秒,26.916,,,,,,,,,,,,,,,,
,,,,,2405,12-10-09 下午05时20分00秒,27.358,,,,,,,,,,,,,,,,
,,,,,2406,12-10-09 下午05时40分00秒,26.916,,,,,,,,,,,,,,,,
,,,,,2407,12-10-09 下午06时00分00秒,26.426,,,,,,,,,,,,,,,,
,,,,,2408,12-10-09 下午06时20分00秒,26.451,,,,,,,,,,,,,,,,
,,,,,2409,12-10-09 下午06时40分00秒,26.402,,,,,,,,,,,,,,,,
,,,,,2410,12-10-09 下午07时00分00秒,26.475,,,,,,,,,,,,,,,,
,,,,,2411,12-10-09 下午07时20分00秒,25.525,,,,,,,,,,,,,,,,
,,,,,2412,12-10-09 下午07时40分00秒,25.234,,,,,,,,,,,,,,,,
,,,,,2413,12-10-09 下午08时00分00秒,24.847,,,,,,,,,,,,,,,,
,,,,,2414,12-10-09 下午08时20分00秒,24.171,,,,,,,,,,,,,,,,
,,,,,2415,12-10-09 下午08时40分00秒,24.243,,,,,,,,,,,,,,,,
,,,,,2416,12-10-09 下午09时00分00秒,24.074,,,,,,,,,,,,,,,,
,,,,,2417,12-10-09 下午09时20分00秒,23.088,,,,,,,,,,,,,,,,
,,,,,2418,12-10-09 下午09时40分00秒,22.489,,,,,,,,,,,,,,,,
,,,,,2419,12-10-09 下午10时00分00秒,21.724,,,,,,,,,,,,,,,,
,,,,,2420,12-10-09 下午10时20分00秒,20.674,,,,,,,,,,,,,,,,
,,,,,2421,12-10-09 下午10时40分00秒,20.507,,,,,,,,,,,,,,,,
,,,,,2422,12-10-09 下午11时00分00秒,20.46,,,,,,,,,,,,,,,,
,,,,,2423,12-10-09 下午11时20分00秒,18.937,,,,,,,,,,,,,,,,
,,,,,2424,12-10-09 下午11时40分00秒,19.484,,,,,,,,,,,,,,,,
,,,,,2425,12-10-10 上午12时00分00秒,19.793,,,,,,,,,,,,,,,,
,,,,,2426,12-10-10 上午12时20分00秒,17.51,,,,,,,,,,,,,,,,
,,,,,2427,12-10-10 上午12时40分00秒,17.034,,,,,,,,,,,,,,,,
,,,,,2428,12-10-10 上午01时00分00秒,17.296,,,,,,,,,,,,,,,,
,,,,,2429,12-10-10 上午01时20分00秒,15.127,,,,,,,,,,,,,,,,
,,,,,2430,12-10-10 上午01时40分00秒,14.936,,,,,,,,,,,,,,,,
,,,,,2431,12-10-10 上午02时00分00秒,14.792,,,,,,,,,,,,,,,,
,,,,,2432,12-10-10 上午02时20分00秒,13.906,,,,,,,,,,,,,,,,
,,,,,2433,12-10-10 上午02时40分00秒,13.377,,,,,,,,,,,,,,,,
,,,,,2434,12-10-10 上午03时00分00秒,13.449,,,,,,,,,,,,,,,,
,,,,,2435,12-10-10 上午03时20分00秒,12.727,,,,,,,,,,,,,,,,
,,,,,2436,12-10-10 上午03时40分00秒,12.292,,,,,,,,,,,,,,,,
,,,,,2437,12-10-10 上午04时00分00秒,13.137,,,,,,,,,,,,,,,,
,,,,,2438,12-10-10 上午04时20分00秒,13.016,,,,,,,,,,,,,,,,
,,,,,2439,12-10-10 上午04时40分00秒,12.992,,,,,,,,,,,,,,,,
,,,,,2440,12-10-10 上午05时00分00秒,14.361,,,,,,,,,,,,,,,,
,,,,,2441,12-10-10 上午05时20分00秒,15.557,,,,,,,,,,,,,,,,
,,,,,2442,12-10-10 上午05时40分00秒,15.366,,,,,,,,,,,,,,,,
,,,,,2443,12-10-10 上午06时00分00秒,15.796,,,,,,,,,,,,,,,,
,,,,,2444,12-10-10 上午06时20分00秒,16.939,,,,,,,,,,,,,,,,
,,,,,2445,12-10-10 上午06时40分00秒,16.368,,,,,,,,,,,,,,,,
,,,,,2446,12-10-10 上午07时00分00秒,17.201,,,,,,,,,,,,,,,,
,,,,,2447,12-10-10 上午07时20分00秒,18.794,,,,,,,,,,,,,,,,
,,,,,2448,12-10-10 上午07时40分00秒,18.747,,,,,,,,,,,,,,,,
,,,,,2449,12-10-10 上午08时00分00秒,19.817,,,,,,,,,,,,,,,,
,,,,,2450,12-10-10 上午08时20分00秒,20.436,,,,,,,,,,,,,,,,
,,,,,2451,12-10-10 上午08时40分00秒,20.293,,,,,,,,,,,,,,,,
,,,,,2452,12-10-10 上午09时00分00秒,21.604,,,,,,,,,,,,,,,,
,,,,,2453,12-10-10 上午09时20分00秒,22.561,,,,,,,,,,,,,,,,
,,,,,2454,12-10-10 上午09时40分00秒,22.345,,,,,,,,,,,,,,,,
,,,,,2455,12-10-10 上午10时00分00秒,23.761,,,,,,,,,,,,,,,,
,,,,,2456,12-10-10 上午10时20分00秒,24.992,,,,,,,,,,,,,,,,
,,,,,2457,12-10-10 上午10时40分00秒,24.847,,,,,,,,,,,,,,,,
,,,,,2458,12-10-10 上午11时00分00秒,25.283,,,,,,,,,,,,,,,,
,,,,,2459,12-10-10 上午11时20分00秒,26.353,,,,,,,,,,,,,,,,
,,,,,2460,12-10-10 上午11时40分00秒,26.426,,,,,,,,,,,,,,,,
,,,,,2461,12-10-10 下午12时00分00秒,26.231,,,,,,,,,,,,,,,,
,,,,,2462,12-10-10 下午12时20分00秒,27.235,,,,,,,,,,,,,,,,
,,,,,2463,12-10-10 下午12时40分00秒,27.014,,,,,,,,,,,,,,,,
,,,,,2464,12-10-10 下午01时00分00秒,27.136,,,,,,,,,,,,,,,,
,,,,,2465,12-10-10 下午01时20分00秒,27.727,,,,,,,,,,,,,,,,
,,,,,2466,12-10-10 下午01时40分00秒,27.702,,,,,,,,,,,,,,,,
,,,,,2467,12-10-10 下午02时00分00秒,28.196,,,,,,,,,,,,,,,,
,,,,,2468,12-10-10 下午02时20分00秒,28.245,,,,,,,,,,,,,,,,
,,,,,2469,12-10-10 下午02时40分00秒,28.27,,,,,,,,,,,,,,,,
,,,,,2470,12-10-10 下午03时00分00秒,28.468,,,,,,,,,,,,,,,,
,,,,,2471,12-10-10 下午03时20分00秒,28.419,,,,,,,,,,,,,,,,
,,,,,2472,12-10-10 下午03时40分00秒,28.642,,,,,,,,,,,,,,,,
,,,,,2473,12-10-10 下午04时00分00秒,27.628,,,,,,,,,,,,,,,,
,,,,,2474,12-10-10 下午04时20分00秒,27.702,,,,,,,,,,,,,,,,
,,,,,2475,12-10-10 下午04时40分00秒,27.481,,,,,,,,,,,,,,,,
,,,,,2476,12-10-10 下午05时00分00秒,27.014,,,,,,,,,,,,,,,,
,,,,,2477,12-10-10 下午05时20分00秒,26.94,,,,,,,,,,,,,,,,
,,,,,2478,12-10-10 下午05时40分00秒,26.867,,,,,,,,,,,,,,,,
,,,,,2479,12-10-10 下午06时00分00秒,27.038,,,,,,,,,,,,,,,,
,,,,,2480,12-10-10 下午06时20分00秒,26.451,,,,,,,,,,,,,,,,
,,,,,2481,12-10-10 下午06时40分00秒,26.5,,,,,,,,,,,,,,,,
,,,,,2482,12-10-10 下午07时00分00秒,26.5,,,,,,,,,,,,,,,,
,,,,,2483,12-10-10 下午07时20分00秒,25.307,,,,,,,,,,,,,,,,
,,,,,2484,12-10-10 下午07时40分00秒,25.186,,,,,,,,,,,,,,,,
,,,,,2485,12-10-10 下午08时00分00秒,25.04,,,,,,,,,,,,,,,,
,,,,,2486,12-10-10 下午08时20分00秒,24.388,,,,,,,,,,,,,,,,
,,,,,2487,12-10-10 下午08时40分00秒,24.267,,,,,,,,,,,,,,,,
,,,,,2488,12-10-10 下午09时00分00秒,23.905,,,,,,,,,,,,,,,,
,,,,,2489,12-10-10 下午09时20分00秒,22.705,,,,,,,,,,,,,,,,
,,,,,2490,12-10-10 下午09时40分00秒,22.609,,,,,,,,,,,,,,,,
,,,,,2491,12-10-10 下午10时00分00秒,21.652,,,,,,,,,,,,,,,,
,,,,,2492,12-10-10 下午10时20分00秒,20.841,,,,,,,,,,,,,,,,
,,,,,2493,12-10-10 下午10时40分00秒,20.603,,,,,,,,,,,,,,,,
,,,,,2494,12-10-10 下午11时00分00秒,19.698,,,,,,,,,,,,,,,,
,,,,,2495,12-10-10 下午11时20分00秒,19.436,,,,,,,,,,,,,,,,
,,,,,2496,12-10-10 下午11时40分00秒,19.27,,,,,,,,,,,,,,,,
,,,,,2497,12-10-11 上午12时00分00秒,19.651,,,,,,,,,,,,,,,,
,,,,,2498,12-10-11 上午12时20分00秒,17.653,,,,,,,,,,,,,,,,
,,,,,2499,12-10-11 上午12时40分00秒,17.534,,,,,,,,,,,,,,,,
,,,,,2500,12-10-11 上午01时00分00秒,17.463,,,,,,,,,,,,,,,,
,,,,,2501,12-10-11 上午01时20分00秒,15.605,,,,,,,,,,,,,,,,
,,,,,2502,12-10-11 上午01时40分00秒,15.031,,,,,,,,,,,,,,,,
,,,,,2503,12-10-11 上午02时00分00秒,15.127,,,,,,,,,,,,,,,,
,,,,,2504,12-10-11 上午02时20分00秒,13.786,,,,,,,,,,,,,,,,
,,,,,2505,12-10-11 上午02时40分00秒,13.978,,,,,,,,,,,,,,,,
,,,,,2506,12-10-11 上午03时00分00秒,13.161,,,,,,,,,,,,,,,,
,,,,,2507,12-10-11 上午03时20分00秒,12.703,,,,,,,,,,,,,,,,
,,,,,2508,12-10-11 上午03时40分00秒,13.088,,,,,,,,,,,,,,,,
,,,,,2509,12-10-11 上午04时00分00秒,12.992,,,,,,,,,,,,,,,,
,,,,,2510,12-10-11 上午04时20分00秒,13.425,,,,,,,,,,,,,,,,
,,,,,2511,12-10-11 上午04时40分00秒,13.93,,,,,,,,,,,,,,,,
,,,,,2512,12-10-11 上午05时00分00秒,14.385,,,,,,,,,,,,,,,,
,,,,,2513,12-10-11 上午05时20分00秒,15.175,,,,,,,,,,,,,,,,
,,,,,2514,12-10-11 上午05时40分00秒,15.031,,,,,,,,,,,,,,,,
,,,,,2515,12-10-11 上午06时00分00秒,16.082,,,,,,,,,,,,,,,,
,,,,,2516,12-10-11 上午06时20分00秒,16.129,,,,,,,,,,,,,,,,
,,,,,2517,12-10-11 上午06时40分00秒,17.296,,,,,,,,,,,,,,,,
,,,,,2518,12-10-11 上午07时00分00秒,17.843,,,,,,,,,,,,,,,,
,,,,,2519,12-10-11 上午07时20分00秒,19.318,,,,,,,,,,,,,,,,
,,,,,2520,12-10-11 上午07时40分00秒,18.366,,,,,,,,,,,,,,,,
,,,,,2521,12-10-11 上午08时00分00秒,19.722,,,,,,,,,,,,,,,,
,,,,,2522,12-10-11 上午08时20分00秒,20.674,,,,,,,,,,,,,,,,
,,,,,2523,12-10-11 上午08时40分00秒,20.555,,,,,,,,,,,,,,,,
,,,,,2524,12-10-11 上午09时00分00秒,21.27,,,,,,,,,,,,,,,,
,,,,,2525,12-10-11 上午09时20分00秒,23.016,,,,,,,,,,,,,,,,
,,,,,2526,12-10-11 上午09时40分00秒,22.489,,,,,,,,,,,,,,,,
,,,,,2527,12-10-11 上午10时00分00秒,23.905,,,,,,,,,,,,,,,,
,,,,,2528,12-10-11 上午10时20分00秒,25.016,,,,,,,,,,,,,,,,
,,,,,2529,12-10-11 上午10时40分00秒,24.919,,,,,,,,,,,,,,,,
,,,,,2530,12-10-11 上午11时00分00秒,25.55,,,,,,,,,,,,,,,,
,,,,,2531,12-10-11 上午11时20分00秒,26.402,,,,,,,,,,,,,,,,
,,,,,2532,12-10-11 上午11时40分00秒,26.109,,,,,,,,,,,,,,,,
,,,,,2533,12-10-11 下午12时00分00秒,26.744,,,,,,,,,,,,,,,,
,,,,,2534,12-10-11 下午12时20分00秒,27.161,,,,,,,,,,,,,,,,
,,,,,2535,12-10-11 下午12时40分00秒,27.161,,,,,,,,,,,,,,,,
,,,,,2536,12-10-11 下午01时00分00秒,28.345,,,,,,,,,,,,,,,,
,,,,,2537,12-10-11 下午01时20分00秒,27.727,,,,,,,,,,,,,,,,
,,,,,2538,12-10-11 下午01时40分00秒,27.801,,,,,,,,,,,,,,,,
,,,,,2539,12-10-11 下午02时00分00秒,28.023,,,,,,,,,,,,,,,,
,,,,,2540,12-10-11 下午02时20分00秒,28.147,,,,,,,,,,,,,,,,
,,,,,2541,12-10-11 下午02时40分00秒,28.245,,,,,,,,,,,,,,,,
,,,,,2542,12-10-11 下午03时00分00秒,28.097,,,,,,,,,,,,,,,,
,,,,,2543,12-10-11 下午03时20分00秒,28.444,,,,,,,,,,,,,,,,
,,,,,2544,12-10-11 下午03时40分00秒,28.369,,,,,,,,,,,,,,,,
,,,,,2545,12-10-11 下午04时00分00秒,27.899,,,,,,,,,,,,,,,,
,,,,,2546,12-10-11 下午04时20分00秒,27.727,,,,,,,,,,,,,,,,
,,,,,2547,12-10-11 下午04时40分00秒,27.481,,,,,,,,,,,,,,,,
,,,,,2548,12-10-11 下午05时00分00秒,27.136,,,,,,,,,,,,,,,,
,,,,,2549,12-10-11 下午05时20分00秒,27.259,,,,,,,,,,,,,,,,
,,,,,2550,12-10-11 下午05时40分00秒,27.284,,,,,,,,,,,,,,,,
,,,,,2551,12-10-11 下午06时00分00秒,26.891,,,,,,,,,,,,,,,,
,,,,,2552,12-10-11 下午06时20分00秒,26.72,,,,,,,,,,,,,,,,
,,,,,2553,12-10-11 下午06时40分00秒,26.426,,,,,,,,,,,,,,,,
,,,,,2554,12-10-11 下午07时00分00秒,25.914,,,,,,,,,,,,,,,,
,,,,,2555,12-10-11 下午07时20分00秒,25.453,,,,,,,,,,,,,,,,
,,,,,2556,12-10-11 下午07时40分00秒,25.477,,,,,,,,,,,,,,,,
,,,,,2557,12-10-11 下午08时00分00秒,24.726,,,,,,,,,,,,,,,,
,,,,,2558,12-10-11 下午08时12分01秒,,,,,,,,,,,,,,,,,
,,,,,2559,12-10-11 下午08时13分26秒,,,,,,,,,,,,,,,,,
,,,,,2560,12-10-11 下午08时15分36秒,,,,,,,,,,,,,,,,,
,,,,,2561,12-10-11 下午08时20分00秒,24.726,,,,,,,,,,,,,,,,
,,,,,2562,12-10-11 下午08时40分00秒,24.508,,,,,,,,,,,,,,,,
,,,,,2563,12-10-11 下午09时00分00秒,24.05,,,,,,,,,,,,,,,,
,,,,,2564,12-10-11 下午09时20分00秒,23.088,,,,,,,,,,,,,,,,
,,,,,2565,12-10-11 下午09时40分00秒,22.872,,,,,,,,,,,,,,,,
,,,,,2566,12-10-11 下午10时00分00秒,22.729,,,,,,,,,,,,,,,,
,,,,,2567,12-10-11 下午10时20分00秒,21.056,,,,,,,,,,,,,,,,
,,,,,2568,12-10-11 下午10时40分00秒,20.674,,,,,,,,,,,,,,,,
,,,,,2569,12-10-11 下午11时00分00秒,20.246,,,,,,,,,,,,,,,,
,,,,,2570,12-10-11 下午11时20分00秒,19.674,,,,,,,,,,,,,,,,
,,,,,2571,12-10-11 下午11时40分00秒,19.46,,,,,,,,,,,,,,,,
,,,,,2572,12-10-12 上午12时00分00秒,19.127,,,,,,,,,,,,,,,,
,,,,,2573,12-10-12 上午12时20分00秒,18.176,,,,,,,,,,,,,,,,
,,,,,2574,12-10-12 上午12时40分00秒,17.986,,,,,,,,,,,,,,,,
,,,,,2575,12-10-12 上午01时00分00秒,17.986,,,,,,,,,,,,,,,,
,,,,,2576,12-10-12 上午01时20分00秒,16.201,,,,,,,,,,,,,,,,
,,,,,2577,12-10-12 上午01时40分00秒,15.796,,,,,,,,,,,,,,,,
,,,,,2578,12-10-12 上午02时00分00秒,15.366,,,,,,,,,,,,,,,,
,,,,,2579,12-10-12 上午02时20分00秒,14.745,,,,,,,,,,,,,,,,
,,,,,2580,12-10-12 上午02时40分00秒,14.266,,,,,,,,,,,,,,,,
,,,,,2581,12-10-12 上午03时00分00秒,14.218,,,,,,,,,,,,,,,,
,,,,,2582,12-10-12 上午03时20分00秒,13.57,,,,,,,,,,,,,,,,
,,,,,2583,12-10-12 上午03时40分00秒,13.353,,,,,,,,,,,,,,,,
,,,,,2584,12-10-12 上午04时00分00秒,13.69,,,,,,,,,,,,,,,,
,,,,,2585,12-10-12 上午04时20分00秒,14.29,,,,,,,,,,,,,,,,
,,,,,2586,12-10-12 上午04时40分00秒,14.122,,,,,,,,,,,,,,,,
,,,,,2587,12-10-12 上午05时00分00秒,14.17,,,,,,,,,,,,,,,,
,,,,,2588,12-10-12 上午05时20分00秒,15.652,,,,,,,,,,,,,,,,
,,,,,2589,12-10-12 上午05时40分00秒,15.867,,,,,,,,,,,,,,,,
,,,,,2590,12-10-12 上午06时00分00秒,16.106,,,,,,,,,,,,,,,,
,,,,,2591,12-10-12 上午06时20分00秒,16.987,,,,,,,,,,,,,,,,
,,,,,2592,12-10-12 上午06时40分00秒,16.987,,,,,,,,,,,,,,,,
,,,,,2593,12-10-12 上午07时00分00秒,17.605,,,,,,,,,,,,,,,,
,,,,,2594,12-10-12 上午07时20分00秒,18.913,,,,,,,,,,,,,,,,
,,,,,2595,12-10-12 上午07时40分00秒,18.913,,,,,,,,,,,,,,,,
,,,,,2596,12-10-12 上午08时00分00秒,19.341,,,,,,,,,,,,,,,,
,,,,,2597,12-10-12 上午08时20分00秒,20.65,,,,,,,,,,,,,,,,
,,,,,2598,12-10-12 上午08时40分00秒,20.698,,,,,,,,,,,,,,,,
,,,,,2599,12-10-12 上午09时00分00秒,21.079,,,,,,,,,,,,,,,,
,,,,,2600,12-10-12 上午09时20分00秒,22.872,,,,,,,,,,,,,,,,
,,,,,2601,12-10-12 上午09时40分00秒,22.753,,,,,,,,,,,,,,,,
,,,,,2602,12-10-12 上午10时00分00秒,23.16,,,,,,,,,,,,,,,,
,,,,,2603,12-10-12 上午10时20分00秒,24.919,,,,,,,,,,,,,,,,
,,,,,2604,12-10-12 上午10时40分00秒,24.895,,,,,,,,,,,,,,,,
,,,,,2605,12-10-12 上午11时00分00秒,25.186,,,,,,,,,,,,,,,,
,,,,,2606,12-10-12 上午11时20分00秒,26.402,,,,,,,,,,,,,,,,
,,,,,2607,12-10-12 上午11时40分00秒,26.28,,,,,,,,,,,,,,,,
,,,,,2608,12-10-12 下午12时00分00秒,26.549,,,,,,,,,,,,,,,,
,,,,,2609,12-10-12 下午12时20分00秒,27.259,,,,,,,,,,,,,,,,
,,,,,2610,12-10-12 下午12时40分00秒,27.186,,,,,,,,,,,,,,,,
,,,,,2611,12-10-12 下午01时00分00秒,27.481,,,,,,,,,,,,,,,,
,,,,,2612,12-10-12 下午01时20分00秒,27.751,,,,,,,,,,,,,,,,
,,,,,2613,12-10-12 下午01时40分00秒,27.801,,,,,,,,,,,,,,,,
,,,,,2614,12-10-12 下午02时00分00秒,28.048,,,,,,,,,,,,,,,,
,,,,,2615,12-10-12 下午02时20分00秒,28.245,,,,,,,,,,,,,,,,
,,,,,2616,12-10-12 下午02时40分00秒,28.171,,,,,,,,,,,,,,,,
,,,,,2617,12-10-12 下午03时00分00秒,28.245,,,,,,,,,,,,,,,,
,,,,,2618,12-10-12 下午03时20分00秒,28.32,,,,,,,,,,,,,,,,
,,,,,2619,12-10-12 下午03时40分00秒,28.221,,,,,,,,,,,,,,,,
,,,,,2620,12-10-12 下午04时00分00秒,27.949,,,,,,,,,,,,,,,,
,,,,,2621,12-10-12 下午04时20分00秒,27.653,,,,,,,,,,,,,,,,
,,,,,2622,12-10-12 下午04时40分00秒,27.653,,,,,,,,,,,,,,,,
,,,,,2623,12-10-12 下午05时00分00秒,27.579,,,,,,,,,,,,,,,,
,,,,,2624,12-10-12 下午05时20分00秒,27.259,,,,,,,,,,,,,,,,
,,,,,2625,12-10-12 下午05时40分00秒,27.505,,,,,,,,,,,,,,,,
,,,,,2626,12-10-12 下午06时00分00秒,26.72,,,,,,,,,,,,,,,,
,,,,,2627,12-10-12 下午06时20分00秒,26.72,,,,,,,,,,,,,,,,
,,,,,2628,12-10-12 下午06时40分00秒,26.475,,,,,,,,,,,,,,,,
,,,,,2629,12-10-12 下午07时00分00秒,25.89,,,,,,,,,,,,,,,,
,,,,,2630,12-10-12 下午07时20分00秒,25.55,,,,,,,,,,,,,,,,
,,,,,2631,12-10-12 下午07时40分00秒,25.38,,,,,,,,,,,,,,,,
,,,,,2632,12-10-12 下午08时00分00秒,25.307,,,,,,,,,,,,,,,,
,,,,,2633,12-10-12 下午08时20分00秒,24.581,,,,,,,,,,,,,,,,
,,,,,2634,12-10-12 下午08时40分00秒,24.484,,,,,,,,,,,,,,,,
,,,,,2635,12-10-12 下午09时00分00秒,24.484,,,,,,,,,,,,,,,,
,,,,,2636,12-10-12 下午09时20分00秒,22.992,,,,,,,,,,,,,,,,
,,,,,2637,12-10-12 下午09时40分00秒,22.753,,,,,,,,,,,,,,,,
,,,,,2638,12-10-12 下午10时00分00秒,22.609,,,,,,,,,,,,,,,,
,,,,,2639,12-10-12 下午10时20分00秒,21.032,,,,,,,,,,,,,,,,
,,,,,2640,12-10-12 下午10时40分00秒,20.674,,,,,,,,,,,,,,,,
,,,,,2641,12-10-12 下午11时00分00秒,20.746,,,,,,,,,,,,,,,,
,,,,,2642,12-10-12 下午11时20分00秒,19.793,,,,,,,,,,,,,,,,
,,,,,2643,12-10-12 下午11时40分00秒,19.389,,,,,,,,,,,,,,,,
,,,,,2644,12-10-13 上午12时00分00秒,19.77,,,,,,,,,,,,,,,,
,,,,,2645,12-10-13 上午12时20分00秒,17.843,,,,,,,,,,,,,,,,
,,,,,2646,12-10-13 上午12时40分00秒,17.605,,,,,,,,,,,,,,,,
,,,,,2647,12-10-13 上午01时00分00秒,17.272,,,,,,,,,,,,,,,,
,,,,,2648,12-10-13 上午01时20分00秒,16.129,,,,,,,,,,,,,,,,
,,,,,2649,12-10-13 上午01时40分00秒,15.557,,,,,,,,,,,,,,,,
,,,,,2650,12-10-13 上午02时00分00秒,15.605,,,,,,,,,,,,,,,,
,,,,,2651,12-10-13 上午02时20分00秒,14.266,,,,,,,,,,,,,,,,
,,,,,2652,12-10-13 上午02时40分00秒,14.17,,,,,,,,,,,,,,,,
,,,,,2653,12-10-13 上午03时00分00秒,13.473,,,,,,,,,,,,,,,,
,,,,,2654,12-10-13 上午03时20分00秒,13.834,,,,,,,,,,,,,,,,
,,,,,2655,12-10-13 上午03时40分00秒,13.594,,,,,,,,,,,,,,,,
,,,,,2656,12-10-13 上午04时00分00秒,13.305,,,,,,,,,,,,,,,,
,,,,,2657,12-10-13 上午04时20分00秒,14.098,,,,,,,,,,,,,,,,
,,,,,2658,12-10-13 上午04时40分00秒,14.242,,,,,,,,,,,,,,,,
,,,,,2659,12-10-13 上午05时00分00秒,14.218,,,,,,,,,,,,,,,,
,,,,,2660,12-10-13 上午05时20分00秒,15.342,,,,,,,,,,,,,,,,
,,,,,2661,12-10-13 上午05时40分00秒,15.199,,,,,,,,,,,,,,,,
,,,,,2662,12-10-13 上午06时00分00秒,15.7,,,,,,,,,,,,,,,,
,,,,,2663,12-10-13 上午06时20分00秒,17.058,,,,,,,,,,,,,,,,
,,,,,2664,12-10-13 上午06时40分00秒,16.439,,,,,,,,,,,,,,,,
,,,,,2665,12-10-13 上午07时00分00秒,17.415,,,,,,,,,,,,,,,,
,,,,,2666,12-10-13 上午07时20分00秒,18.866,,,,,,,,,,,,,,,,
,,,,,2667,12-10-13 上午07时40分00秒,18.866,,,,,,,,,,,,,,,,
,,,,,2668,12-10-13 上午08时00分00秒,19.341,,,,,,,,,,,,,,,,
,,,,,2669,12-10-13 上午08时20分00秒,20.46,,,,,,,,,,,,,,,,
,,,,,2670,12-10-13 上午08时40分00秒,20.317,,,,,,,,,,,,,,,,
,,,,,2671,12-10-13 上午09时00分00秒,21.151,,,,,,,,,,,,,,,,
,,,,,2672,12-10-13 上午09时20分00秒,22.729,,,,,,,,,,,,,,,,
,,,,,2673,12-10-13 上午09时40分00秒,22.729,,,,,,,,,,,,,,,,
,,,,,2674,12-10-13 上午10时00分00秒,22.944,,,,,,,,,,,,,,,,
,,,,,2675,12-10-13 上午10时20分00秒,25.065,,,,,,,,,,,,,,,,
,,,,,2676,12-10-13 上午10时40分00秒,24.726,,,,,,,,,,,,,,,,
,,,,,2677,12-10-13 上午11时00分00秒,25.113,,,,,,,,,,,,,,,,
,,,,,2678,12-10-13 上午11时20分00秒,26.451,,,,,,,,,,,,,,,,
,,,,,2679,12-10-13 上午11时40分00秒,26.28,,,,,,,,,,,,,,,,
,,,,,2680,12-10-13 下午12时00分00秒,26.28,,,,,,,,,,,,,,,,
,,,,,2681,12-10-13 下午12时20分00秒,27.358,,,,,,,,,,,,,,,,
,,,,,2682,12-10-13 下午12时40分00秒,27.038,,,,,,,,,,,,,,,,
,,,,,2683,12-10-13 下午01时00分00秒,27.014,,,,,,,,,,,,,,,,
,,,,,2684,12-10-13 下午01时20分00秒,27.949,,,,,,,,,,,,,,,,
,,,,,2685,12-10-13 下午01时40分00秒,27.751,,,,,,,,,,,,,,,,
,,,,,2686,12-10-13 下午02时00分00秒,28.097,,,,,,,,,,,,,,,,
,,,,,2687,12-10-13 下午02时20分00秒,28.221,,,,,,,,,,,,,,,,
,,,,,2688,12-10-13 下午02时40分00秒,28.468,,,,,,,,,,,,,,,,
,,,,,2689,12-10-13 下午03时00分00秒,28.295,,,,,,,,,,,,,,,,
,,,,,2690,12-10-13 下午03时20分00秒,28.147,,,,,,,,,,,,,,,,
,,,,,2691,12-10-13 下午03时40分00秒,28.196,,,,,,,,,,,,,,,,
,,,,,2692,12-10-13 下午04时00分00秒,28.072,,,,,,,,,,,,,,,,
,,,,,2693,12-10-13 下午04时20分00秒,27.702,,,,,,,,,,,,,,,,
,,,,,2694,12-10-13 下午04时40分00秒,27.53,,,,,,,,,,,,,,,,
,,,,,2695,12-10-13 下午05时00分00秒,27.554,,,,,,,,,,,,,,,,
,,,,,2696,12-10-13 下午05时20分00秒,26.989,,,,,,,,,,,,,,,,
,,,,,2697,12-10-13 下午05时40分00秒,27.136,,,,,,,,,,,,,,,,
,,,,,2698,12-10-13 下午06时00分00秒,26.72,,,,,,,,,,,,,,,,
,,,,,2699,12-10-13 下午06时20分00秒,26.671,,,,,,,,,,,,,,,,
,,,,,2700,12-10-13 下午06时40分00秒,26.524,,,,,,,,,,,,,,,,
,,,,,2701,12-10-13 下午07时00分00秒,26.475,,,,,,,,,,,,,,,,
,,,,,2702,12-10-13 下午07时20分00秒,25.55,,,,,,,,,,,,,,,,
,,,,,2703,12-10-13 下午07时40分00秒,25.623,,,,,,,,,,,,,,,,
,,,,,2704,12-10-13 下午08时00分00秒,25.574,,,,,,,,,,,,,,,,
,,,,,2705,12-10-13 下午08时20分00秒,24.339,,,,,,,,,,,,,,,,
,,,,,2706,12-10-13 下午08时40分00秒,24.484,,,,,,,,,,,,,,,,
,,,,,2707,12-10-13 下午09时00分00秒,24.195,,,,,,,,,,,,,,,,
,,,,,2708,12-10-13 下午09时20分00秒,22.92,,,,,,,,,,,,,,,,
,,,,,2709,12-10-13 下午09时40分00秒,22.848,,,,,,,,,,,,,,,,
,,,,,2710,12-10-13 下午10时00分00秒,22.848,,,,,,,,,,,,,,,,
,,,,,2711,12-10-13 下午10时20分00秒,21.032,,,,,,,,,,,,,,,,
,,,,,2712,12-10-13 下午10时40分00秒,20.817,,,,,,,,,,,,,,,,
,,,,,2713,12-10-13 下午11时00分00秒,20.103,,,,,,,,,,,,,,,,
,,,,,2714,12-10-13 下午11时20分00秒,19.746,,,,,,,,,,,,,,,,
,,,,,2715,12-10-13 下午11时40分00秒,19.651,,,,,,,,,,,,,,,,
,,,,,2716,12-10-14 上午12时00分00秒,19.674,,,,,,,,,,,,,,,,
,,,,,2717,12-10-14 上午12时20分00秒,18.01,,,,,,,,,,,,,,,,
,,,,,2718,12-10-14 上午12时40分00秒,17.915,,,,,,,,,,,,,,,,
,,,,,2719,12-10-14 上午01时00分00秒,17.796,,,,,,,,,,,,,,,,
,,,,,2720,12-10-14 上午01时20分00秒,15.986,,,,,,,,,,,,,,,,
,,,,,2721,12-10-14 上午01时40分00秒,15.652,,,,,,,,,,,,,,,,
,,,,,2722,12-10-14 上午02时00分00秒,15.175,,,,,,,,,,,,,,,,
,,,,,2723,12-10-14 上午02时20分00秒,14.026,,,,,,,,,,,,,,,,
,,,,,2724,12-10-14 上午02时40分00秒,14.146,,,,,,,,,,,,,,,,
,,,,,2725,12-10-14 上午03时00分00秒,13.978,,,,,,,,,,,,,,,,
,,,,,2726,12-10-14 上午03时20分00秒,13.353,,,,,,,,,,,,,,,,
,,,,,2727,12-10-14 上午03时40分00秒,13.088,,,,,,,,,,,,,,,,
,,,,,2728,12-10-14 上午04时00分00秒,13.594,,,,,,,,,,,,,,,,
,,,,,2729,12-10-14 上午04时20分00秒,13.642,,,,,,,,,,,,,,,,
,,,,,2730,12-10-14 上午04时40分00秒,13.93,,,,,,,,,,,,,,,,
,,,,,2731,12-10-14 上午05时00分00秒,14.242,,,,,,,,,,,,,,,,
,,,,,2732,12-10-14 上午05时20分00秒,15.509,,,,,,,,,,,,,,,,
,,,,,2733,12-10-14 上午05时40分00秒,15.199,,,,,,,,,,,,,,,,
,,,,,2734,12-10-14 上午06时00分00秒,15.629,,,,,,,,,,,,,,,,
,,,,,2735,12-10-14 上午06时20分00秒,17.011,,,,,,,,,,,,,,,,
,,,,,2736,12-10-14 上午06时40分00秒,16.511,,,,,,,,,,,,,,,,
,,,,,2737,12-10-14 上午07时00分00秒,17.249,,,,,,,,,,,,,,,,
,,,,,2738,12-10-14 上午07时20分00秒,19.08,,,,,,,,,,,,,,,,
,,,,,2739,12-10-14 上午07时40分00秒,18.937,,,,,,,,,,,,,,,,
,,,,,2740,12-10-14 上午08时00分00秒,19.222,,,,,,,,,,,,,,,,
,,,,,2741,12-10-14 上午08时20分00秒,20.627,,,,,,,,,,,,,,,,
,,,,,2742,12-10-14 上午08时40分00秒,20.531,,,,,,,,,,,,,,,,
,,,,,2743,12-10-14 上午09时00分00秒,20.913,,,,,,,,,,,,,,,,
,,,,,2744,12-10-14 上午09时20分00秒,22.92,,,,,,,,,,,,,,,,
,,,,,2745,12-10-14 上午09时40分00秒,22.729,,,,,,,,,,,,,,,,
,,,,,2746,12-10-14 上午10时00分00秒,23.064,,,,,,,,,,,,,,,,
,,,,,2747,12-10-14 上午10时20分00秒,24.774,,,,,,,,,,,,,,,,
,,,,,2748,12-10-14 上午10时40分00秒,24.484,,,,,,,,,,,,,,,,
,,,,,2749,12-10-14 上午11时00分00秒,25.137,,,,,,,,,,,,,,,,
,,,,,2750,12-10-14 上午11时20分00秒,26.549,,,,,,,,,,,,,,,,
,,,,,2751,12-10-14 上午11时40分00秒,26.329,,,,,,,,,,,,,,,,
,,,,,2752,12-10-14 下午12时00分00秒,26.036,,,,,,,,,,,,,,,,
,,,,,2753,12-10-14 下午12时20分00秒,27.308,,,,,,,,,,,,,,,,
,,,,,2754,12-10-14 下午12时40分00秒,27.112,,,,,,,,,,,,,,,,
,,,,,2755,12-10-14 下午01时00分00秒,26.867,,,,,,,,,,,,,,,,
,,,,,2756,12-10-14 下午01时20分00秒,28.147,,,,,,,,,,,,,,,,
,,,,,2757,12-10-14 下午01时40分00秒,27.776,,,,,,,,,,,,,,,,
,,,,,2758,12-10-14 下午02时00分00秒,27.653,,,,,,,,,,,,,,,,
,,,,,2759,12-10-14 下午02时20分00秒,28.493,,,,,,,,,,,,,,,,
,,,,,2760,12-10-14 下午02时40分00秒,28.221,,,,,,,,,,,,,,,,
,,,,,2761,12-10-14 下午03时00分00秒,28.394,,,,,,,,,,,,,,,,
,,,,,2762,12-10-14 下午03时20分00秒,28.221,,,,,,,,,,,,,,,,
,,,,,2763,12-10-14 下午03时40分00秒,28.345,,,,,,,,,,,,,,,,
,,,,,2764,12-10-14 下午04时00分00秒,28.245,,,,,,,,,,,,,,,,
,,,,,2765,12-10-14 下午04时20分00秒,27.825,,,,,,,,,,,,,,,,
,,,,,2766,12-10-14 下午04时40分00秒,27.653,,,,,,,,,,,,,,,,
,,,,,2767,12-10-14 下午05时00分00秒,27.235,,,,,,,,,,,,,,,,
,,,,,2768,12-10-14 下午05时20分00秒,27.087,,,,,,,,,,,,,,,,
,,,,,2769,12-10-14 下午05时40分00秒,27.112,,,,,,,,,,,,,,,,
,,,,,2770,12-10-14 下午06时00分00秒,26.842,,,,,,,,,,,,,,,,
,,,,,2771,12-10-14 下午06时20分00秒,26.646,,,,,,,,,,,,,,,,
,,,,,2772,12-10-14 下午06时40分00秒,26.549,,,,,,,,,,,,,,,,
,,,,,2773,12-10-14 下午07时00分00秒,26.085,,,,,,,,,,,,,,,,
,,,,,2774,12-10-14 下午07时20分00秒,25.525,,,,,,,,,,,,,,,,
,,,,,2775,12-10-14 下午07时40分00秒,25.477,,,,,,,,,,,,,,,,
,,,,,2776,12-10-14 下午08时00分00秒,25.404,,,,,,,,,,,,,,,,
,,,,,2777,12-10-14 下午08时20分00秒,24.46,,,,,,,,,,,,,,,,
,,,,,2778,12-10-14 下午08时40分00秒,24.484,,,,,,,,,,,,,,,,
,,,,,2779,12-10-14 下午09时00分00秒,24.315,,,,,,,,,,,,,,,,
,,,,,2780,12-10-14 下午09时20分00秒,22.944,,,,,,,,,,,,,,,,
,,,,,2781,12-10-14 下午09时40分00秒,22.848,,,,,,,,,,,,,,,,
,,,,,2782,12-10-14 下午10时00分00秒,22.824,,,,,,,,,,,,,,,,
,,,,,2783,12-10-14 下午10时20分00秒,20.793,,,,,,,,,,,,,,,,
,,,,,2784,12-10-14 下午10时40分00秒,20.817,,,,,,,,,,,,,,,,
,,,,,2785,12-10-14 下午11时00分00秒,20.841,,,,,,,,,,,,,,,,
,,,,,2786,12-10-14 下午11时20分00秒,19.841,,,,,,,,,,,,,,,,
,,,,,2787,12-10-14 下午11时40分00秒,19.746,,,,,,,,,,,,,,,,
,,,,,2788,12-10-15 上午12时00分00秒,19.793,,,,,,,,,,,,,,,,
,,,,,2789,12-10-15 上午12时20分00秒,17.891,,,,,,,,,,,,,,,,
,,,,,2790,12-10-15 上午12时40分00秒,17.843,,,,,,,,,,,,,,,,
,,,,,2791,12-10-15 上午01时00分00秒,17.915,,,,,,,,,,,,,,,,
,,,,,2792,12-10-15 上午01时20分00秒,15.843,,,,,,,,,,,,,,,,
,,,,,2793,12-10-15 上午01时40分00秒,15.652,,,,,,,,,,,,,,,,
,,,,,2794,12-10-15 上午02时00分00秒,15.366,,,,,,,,,,,,,,,,
,,,,,2795,12-10-15 上午02时20分00秒,14.146,,,,,,,,,,,,,,,,
,,,,,2796,12-10-15 上午02时40分00秒,13.786,,,,,,,,,,,,,,,,
,,,,,2797,12-10-15 上午03时00分00秒,13.762,,,,,,,,,,,,,,,,
,,,,,2798,12-10-15 上午03时20分00秒,13.546,,,,,,,,,,,,,,,,
,,,,,2799,12-10-15 上午03时40分00秒,13.161,,,,,,,,,,,,,,,,
,,,,,2800,12-10-15 上午04时00分00秒,13.209,,,,,,,,,,,,,,,,
,,,,,2801,12-10-15 上午04时20分00秒,13.906,,,,,,,,,,,,,,,,
,,,,,2802,12-10-15 上午04时40分00秒,13.954,,,,,,,,,,,,,,,,
,,,,,2803,12-10-15 上午05时00分00秒,14.194,,,,,,,,,,,,,,,,
,,,,,2804,12-10-15 上午05时20分00秒,15.031,,,,,,,,,,,,,,,,
,,,,,2805,12-10-15 上午05时40分00秒,15.509,,,,,,,,,,,,,,,,
,,,,,2806,12-10-15 上午06时00分00秒,15.843,,,,,,,,,,,,,,,,
,,,,,2807,12-10-15 上午06时20分00秒,16.844,,,,,,,,,,,,,,,,
,,,,,2808,12-10-15 上午06时40分00秒,16.63,,,,,,,,,,,,,,,,
,,,,,2809,12-10-15 上午07时00分00秒,17.296,,,,,,,,,,,,,,,,
,,,,,2810,12-10-15 上午07时20分00秒,19.151,,,,,,,,,,,,,,,,
,,,,,2811,12-10-15 上午07时40分00秒,18.961,,,,,,,,,,,,,,,,
,,,,,2812,12-10-15 上午08时00分00秒,19.08,,,,,,,,,,,,,,,,
,,,,,2813,12-10-15 上午08时20分00秒,20.722,,,,,,,,,,,,,,,,
,,,,,2814,12-10-15 上午08时40分00秒,20.65,,,,,,,,,,,,,,,,
,,,,,2815,12-10-15 上午09时00分00秒,21.413,,,,,,,,,,,,,,,,
,,,,,2816,12-10-15 上午09时20分00秒,22.8,,,,,,,,,,,,,,,,
,,,,,2817,12-10-15 上午09时40分00秒,22.609,,,,,,,,,,,,,,,,
,,,,,2818,12-10-15 上午10时00分00秒,23.088,,,,,,,,,,,,,,,,
,,,,,2819,12-10-15 上午10时20分00秒,24.823,,,,,,,,,,,,,,,,
,,,,,2820,12-10-15 上午10时40分00秒,24.774,,,,,,,,,,,,,,,,
,,,,,2821,12-10-15 上午11时00分00秒,25.283,,,,,,,,,,,,,,,,
,,,,,2822,12-10-15 上午11时20分00秒,26.378,,,,,,,,,,,,,,,,
,,,,,2823,12-10-15 上午11时40分00秒,26.207,,,,,,,,,,,,,,,,
,,,,,2824,12-10-15 下午12时00分00秒,26.036,,,,,,,,,,,,,,,,
,,,,,2825,12-10-15 下午12时20分00秒,27.259,,,,,,,,,,,,,,,,
,,,,,2826,12-10-15 下午12时40分00秒,27.186,,,,,,,,,,,,,,,,
,,,,,2827,12-10-15 下午01时00分00秒,27.063,,,,,,,,,,,,,,,,
,,,,,2828,12-10-15 下午01时20分00秒,28.196,,,,,,,,,,,,,,,,
,,,,,2829,12-10-15 下午01时40分00秒,27.677,,,,,,,,,,,,,,,,
,,,,,2830,12-10-15 下午02时00分00秒,27.998,,,,,,,,,,,,,,,,
,,,,,2831,12-10-15 下午02时20分00秒,28.394,,,,,,,,,,,,,,,,
,,,,,2832,12-10-15 下午02时40分00秒,28.543,,,,,,,,,,,,,,,,
,,,,,2833,12-10-15 下午03时00分00秒,28.345,,,,,,,,,,,,,,,,
,,,,,2834,12-10-15 下午03时20分00秒,28.394,,,,,,,,,,,,,,,,
,,,,,2835,12-10-15 下午03时40分00秒,28.32,,,,,,,,,,,,,,,,
,,,,,2836,12-10-15 下午04时00分00秒,28.518,,,,,,,,,,,,,,,,
,,,,,2837,12-10-15 下午04时20分00秒,28.295,,,,,,,,,,,,,,,,
,,,,,2838,12-10-15 下午04时40分00秒,27.924,,,,,,,,,,,,,,,,
,,,,,2839,12-10-15 下午05时00分00秒,27.505,,,,,,,,,,,,,,,,
,,,,,2840,12-10-15 下午05时20分00秒,27.21,,,,,,,,,,,,,,,,
,,,,,2841,12-10-15 下午05时40分00秒,26.989,,,,,,,,,,,,,,,,
,,,,,2842,12-10-15 下午06时00分00秒,26.573,,,,,,,,,,,,,,,,
,,,,,2843,12-10-15 下午06时20分00秒,26.598,,,,,,,,,,,,,,,,
,,,,,2844,12-10-15 下午06时40分00秒,26.378,,,,,,,,,,,,,,,,
,,,,,2845,12-10-15 下午07时00分00秒,26.304,,,,,,,,,,,,,,,,
,,,,,2846,12-10-15 下午07时20分00秒,25.841,,,,,,,,,,,,,,,,
,,,,,2847,12-10-15 下午07时40分00秒,25.525,,,,,,,,,,,,,,,,
,,,,,2848,12-10-15 下午08时00分00秒,25.501,,,,,,,,,,,,,,,,
,,,,,2849,12-10-15 下午08时20分00秒,24.823,,,,,,,,,,,,,,,,
,,,,,2850,12-10-15 下午08时40分00秒,24.363,,,,,,,,,,,,,,,,
,,,,,2851,12-10-15 下午09时00分00秒,24.171,,,,,,,,,,,,,,,,
,,,,,2852,12-10-15 下午09时20分00秒,23.184,,,,,,,,,,,,,,,,
,,,,,2853,12-10-15 下午09时40分00秒,22.896,,,,,,,,,,,,,,,,
,,,,,2854,12-10-15 下午10时00分00秒,22.441,,,,,,,,,,,,,,,,
,,,,,2855,12-10-15 下午10时20分00秒,20.65,,,,,,,,,,,,,,,,
,,,,,2856,12-10-15 下午10时40分00秒,20.698,,,,,,,,,,,,,,,,
,,,,,2857,12-10-15 下午11时00分00秒,20.841,,,,,,,,,,,,,,,,
,,,,,2858,12-10-15 下午11时20分00秒,20.412,,,,,,,,,,,,,,,,
,,,,,2859,12-10-15 下午11时40分00秒,19.484,,,,,,,,,,,,,,,,
,,,,,2860,12-10-16 上午12时00分00秒,19.365,,,,,,,,,,,,,,,,
,,,,,2861,12-10-16 上午12时20分00秒,18.485,,,,,,,,,,,,,,,,
,,,,,2862,12-10-16 上午12时40分00秒,17.843,,,,,,,,,,,,,,,,
,,,,,2863,12-10-16 上午01时00分00秒,17.677,,,,,,,,,,,,,,,,
,,,,,2864,12-10-16 上午01时20分00秒,15.676,,,,,,,,,,,,,,,,
,,,,,2865,12-10-16 上午01时40分00秒,15.772,,,,,,,,,,,,,,,,
,,,,,2866,12-10-16 上午02时00分00秒,15.676,,,,,,,,,,,,,,,,
,,,,,2867,12-10-16 上午02时20分00秒,14.098,,,,,,,,,,,,,,,,
,,,,,2868,12-10-16 上午02时40分00秒,14.409,,,,,,,,,,,,,,,,
,,,,,2869,12-10-16 上午03时00分00秒,13.81,,,,,,,,,,,,,,,,
,,,,,2870,12-10-16 上午03时20分00秒,13.112,,,,,,,,,,,,,,,,
,,,,,2871,12-10-16 上午03时40分00秒,13.161,,,,,,,,,,,,,,,,
,,,,,2872,12-10-16 上午04时00分00秒,13.425,,,,,,,,,,,,,,,,
,,,,,2873,12-10-16 上午04时20分00秒,13.738,,,,,,,,,,,,,,,,
,,,,,2874,12-10-16 上午04时40分00秒,13.906,,,,,,,,,,,,,,,,
,,,,,2875,12-10-16 上午05时00分00秒,14.194,,,,,,,,,,,,,,,,
,,,,,2876,12-10-16 上午05时20分00秒,15.318,,,,,,,,,,,,,,,,
,,,,,2877,12-10-16 上午05时40分00秒,14.792,,,,,,,,,,,,,,,,
,,,,,2878,12-10-16 上午06时00分00秒,15.676,,,,,,,,,,,,,,,,
,,,,,2879,12-10-16 上午06时20分00秒,16.392,,,,,,,,,,,,,,,,
,,,,,2880,12-10-16 上午06时40分00秒,16.344,,,,,,,,,,,,,,,,
,,,,,2881,12-10-16 上午07时00分00秒,16.725,,,,,,,,,,,,,,,,
,,,,,2882,12-10-16 上午07时20分00秒,19.318,,,,,,,,,,,,,,,,
,,,,,2883,12-10-16 上午07时40分00秒,18.889,,,,,,,,,,,,,,,,
,,,,,2884,12-10-16 上午08时00分00秒,18.889,,,,,,,,,,,,,,,,
,,,,,2885,12-10-16 上午08时20分00秒,20.507,,,,,,,,,,,,,,,,
,,,,,2886,12-10-16 上午08时40分00秒,20.412,,,,,,,,,,,,,,,,
,,,,,2887,12-10-16 上午09时00分00秒,20.889,,,,,,,,,,,,,,,,
,,,,,2888,12-10-16 上午09时20分00秒,22.896,,,,,,,,,,,,,,,,
,,,,,2889,12-10-16 上午09时40分00秒,22.609,,,,,,,,,,,,,,,,
,,,,,2890,12-10-16 上午10时00分00秒,23.497,,,,,,,,,,,,,,,,
,,,,,2891,12-10-16 上午10时20分00秒,24.75,,,,,,,,,,,,,,,,
,,,,,2892,12-10-16 上午10时40分00秒,24.629,,,,,,,,,,,,,,,,
,,,,,2893,12-10-16 上午11时00分00秒,25.355,,,,,,,,,,,,,,,,
,,,,,2894,12-10-16 上午11时20分00秒,26.329,,,,,,,,,,,,,,,,
,,,,,2895,12-10-16 上午11时40分00秒,25.939,,,,,,,,,,,,,,,,
,,,,,2896,12-10-16 下午12时00分00秒,26.426,,,,,,,,,,,,,,,,
,,,,,2897,12-10-16 下午12时20分00秒,27.186,,,,,,,,,,,,,,,,
,,,,,2898,12-10-16 下午12时40分00秒,26.989,,,,,,,,,,,,,,,,
,,,,,2899,12-10-16 下午01时00分00秒,27.112,,,,,,,,,,,,,,,,
,,,,,2900,12-10-16 下午01时20分00秒,27.776,,,,,,,,,,,,,,,,
,,,,,2901,12-10-16 下午01时40分00秒,27.505,,,,,,,,,,,,,,,,
,,,,,2902,12-10-16 下午02时00分00秒,27.974,,,,,,,,,,,,,,,,
,,,,,2903,12-10-16 下午02时20分00秒,28.27,,,,,,,,,,,,,,,,
,,,,,2904,12-10-16 下午02时40分00秒,28.345,,,,,,,,,,,,,,,,
,,,,,2905,12-10-16 下午03时00分00秒,28.394,,,,,,,,,,,,,,,,
,,,,,2906,12-10-16 下午03时20分00秒,28.394,,,,,,,,,,,,,,,,
,,,,,2907,12-10-16 下午03时40分00秒,28.196,,,,,,,,,,,,,,,,
,,,,,2908,12-10-16 下午04时00分00秒,28.122,,,,,,,,,,,,,,,,
,,,,,2909,12-10-16 下午04时20分00秒,27.702,,,,,,,,,,,,,,,,
,,,,,2910,12-10-16 下午04时40分00秒,27.579,,,,,,,,,,,,,,,,
,,,,,2911,12-10-16 下午05时00分00秒,27.308,,,,,,,,,,,,,,,,
,,,,,2912,12-10-16 下午05时20分00秒,26.989,,,,,,,,,,,,,,,,
,,,,,2913,12-10-16 下午05时40分00秒,27.038,,,,,,,,,,,,,,,,
,,,,,2914,12-10-16 下午06时00分00秒,26.842,,,,,,,,,,,,,,,,
,,,,,2915,12-10-16 下午06时20分00秒,26.524,,,,,,,,,,,,,,,,
,,,,,2916,12-10-16 下午06时40分00秒,26.573,,,,,,,,,,,,,,,,
,,,,,2917,12-10-16 下午07时00分00秒,26.451,,,,,,,,,,,,,,,,
,,,,,2918,12-10-16 下午07时20分00秒,25.841,,,,,,,,,,,,,,,,
,,,,,2919,12-10-16 下午07时40分00秒,25.695,,,,,,,,,,,,,,,,
,,,,,2920,12-10-16 下午08时00分00秒,25.137,,,,,,,,,,,,,,,,
,,,,,2921,12-10-16 下午08时20分00秒,24.46,,,,,,,,,,,,,,,,
,,,,,2922,12-10-16 下午08时40分00秒,24.508,,,,,,,,,,,,,,,,
,,,,,2923,12-10-16 下午09时00分00秒,23.617,,,,,,,,,,,,,,,,
,,,,,2924,12-10-16 下午09时20分00秒,23.04,,,,,,,,,,,,,,,,
,,,,,2925,12-10-16 下午09时40分00秒,22.872,,,,,,,,,,,,,,,,
,,,,,2926,12-10-16 下午10时00分00秒,22.896,,,,,,,,,,,,,,,,
,,,,,2927,12-10-16 下午10时20分00秒,21.175,,,,,,,,,,,,,,,,
,,,,,2928,12-10-16 下午10时40分00秒,20.746,,,,,,,,,,,,,,,,
,,,,,2929,12-10-16 下午11时00分00秒,20.77,,,,,,,,,,,,,,,,
,,,,,2930,12-10-16 下午11时20分00秒,20.007,,,,,,,,,,,,,,,,
,,,,,2931,12-10-16 下午11时40分00秒,19.508,,,,,,,,,,,,,,,,
,,,,,2932,12-10-17 上午12时00分00秒,19.413,,,,,,,,,,,,,,,,
,,,,,2933,12-10-17 上午12时20分00秒,17.843,,,,,,,,,,,,,,,,
,,,,,2934,12-10-17 上午12时40分00秒,17.748,,,,,,,,,,,,,,,,
,,,,,2935,12-10-17 上午01时00分00秒,17.177,,,,,,,,,,,,,,,,
,,,,,2936,12-10-17 上午01时20分00秒,16.249,,,,,,,,,,,,,,,,
,,,,,2937,12-10-17 上午01时40分00秒,16.177,,,,,,,,,,,,,,,,
,,,,,2938,12-10-17 上午02时00分00秒,16.082,,,,,,,,,,,,,,,,
,,,,,2939,12-10-17 上午02时20分00秒,14.122,,,,,,,,,,,,,,,,
,,,,,2940,12-10-17 上午02时40分00秒,14.218,,,,,,,,,,,,,,,,
,,,,,2941,12-10-17 上午03时00分00秒,13.978,,,,,,,,,,,,,,,,
,,,,,2942,12-10-17 上午03时20分00秒,13.185,,,,,,,,,,,,,,,,
,,,,,2943,12-10-17 上午03时40分00秒,13.209,,,,,,,,,,,,,,,,
,,,,,2944,12-10-17 上午04时00分00秒,13.209,,,,,,,,,,,,,,,,
,,,,,2945,12-10-17 上午04时20分00秒,14.122,,,,,,,,,,,,,,,,
,,,,,2946,12-10-17 上午04时40分00秒,13.882,,,,,,,,,,,,,,,,
,,,,,2947,12-10-17 上午05时00分00秒,14.433,,,,,,,,,,,,,,,,
,,,,,2948,12-10-17 上午05时20分00秒,15.438,,,,,,,,,,,,,,,,
,,,,,2949,12-10-17 上午05时40分00秒,15.031,,,,,,,,,,,,,,,,
,,,,,2950,12-10-17 上午06时00分00秒,15.629,,,,,,,,,,,,,,,,
,,,,,2951,12-10-17 上午06时20分00秒,16.82,,,,,,,,,,,,,,,,
,,,,,2952,12-10-17 上午06时40分00秒,16.487,,,,,,,,,,,,,,,,
,,,,,2953,12-10-17 上午07时00分00秒,17.368,,,,,,,,,,,,,,,,
,,,,,2954,12-10-17 上午07时20分00秒,18.961,,,,,,,,,,,,,,,,
,,,,,2955,12-10-17 上午07时40分00秒,18.866,,,,,,,,,,,,,,,,
,,,,,2956,12-10-17 上午08时00分00秒,19.246,,,,,,,,,,,,,,,,
,,,,,2957,12-10-17 上午08时20分00秒,20.484,,,,,,,,,,,,,,,,
,,,,,2958,12-10-17 上午08时40分00秒,20.46,,,,,,,,,,,,,,,,
,,,,,2959,12-10-17 上午09时00分00秒,20.913,,,,,,,,,,,,,,,,
,,,,,2960,12-10-17 上午09时20分00秒,22.753,,,,,,,,,,,,,,,,
,,,,,2961,12-10-17 上午09时40分00秒,22.8,,,,,,,,,,,,,,,,
,,,,,2962,12-10-17 上午10时00分00秒,23.328,,,,,,,,,,,,,,,,
,,,,,2963,12-10-17 上午10时20分00秒,24.871,,,,,,,,,,,,,,,,
,,,,,2964,12-10-17 上午10时40分00秒,24.944,,,,,,,,,,,,,,,,
,,,,,2965,12-10-17 上午11时00分00秒,24.726,,,,,,,,,,,,,,,,
,,,,,2966,12-10-17 上午11时20分00秒,26.353,,,,,,,,,,,,,,,,
,,,,,2967,12-10-17 上午11时40分00秒,26.061,,,,,,,,,,,,,,,,
,,,,,2968,12-10-17 下午12时00分00秒,26.72,,,,,,,,,,,,,,,,
,,,,,2969,12-10-17 下午12时20分00秒,27.259,,,,,,,,,,,,,,,,
,,,,,2970,12-10-17 下午12时40分00秒,27.284,,,,,,,,,,,,,,,,
,,,,,2971,12-10-17 下午01时00分00秒,27.21,,,,,,,,,,,,,,,,
,,,,,2972,12-10-17 下午01时20分00秒,27.825,,,,,,,,,,,,,,,,
,,,,,2973,12-10-17 下午01时40分00秒,27.702,,,,,,,,,,,,,,,,
,,,,,2974,12-10-17 下午02时00分00秒,28.072,,,,,,,,,,,,,,,,
,,,,,2975,12-10-17 下午02时20分00秒,28.295,,,,,,,,,,,,,,,,
,,,,,2976,12-10-17 下午02时40分00秒,28.543,,,,,,,,,,,,,,,,
,,,,,2977,12-10-17 下午03时00分00秒,28.419,,,,,,,,,,,,,,,,
,,,,,2978,12-10-17 下午03时20分00秒,28.444,,,,,,,,,,,,,,,,
,,,,,2979,12-10-17 下午03时40分00秒,28.295,,,,,,,,,,,,,,,,
,,,,,2980,12-10-17 下午04时00分00秒,27.949,,,,,,,,,,,,,,,,
,,,,,2981,12-10-17 下午04时20分00秒,27.554,,,,,,,,,,,,,,,,
,,,,,2982,12-10-17 下午04时40分00秒,27.505,,,,,,,,,,,,,,,,
,,,,,2983,12-10-17 下午05时00分00秒,27.186,,,,,,,,,,,,,,,,
,,,,,2984,12-10-17 下午05时20分00秒,26.94,,,,,,,,,,,,,,,,
,,,,,2985,12-10-17 下午05时40分00秒,27.259,,,,,,,,,,,,,,,,
,,,,,2986,12-10-17 下午06时00分00秒,26.72,,,,,,,,,,,,,,,,
,,,,,2987,12-10-17 下午06时20分00秒,26.353,,,,,,,,,,,,,,,,
,,,,,2988,12-10-17 下午06时40分00秒,26.573,,,,,,,,,,,,,,,,
,,,,,2989,12-10-17 下午07时00分00秒,26.549,,,,,,,,,,,,,,,,
,,,,,2990,12-10-17 下午07时20分00秒,26.231,,,,,,,,,,,,,,,,
,,,,,2991,12-10-17 下午07时40分00秒,25.841,,,,,,,,,,,,,,,,
,,,,,2992,12-10-17 下午08时00分00秒,25.065,,,,,,,,,,,,,,,,
,,,,,2993,12-10-17 下午08时20分00秒,24.171,,,,,,,,,,,,,,,,
,,,,,2994,12-10-17 下午08时40分00秒,24.363,,,,,,,,,,,,,,,,
,,,,,2995,12-10-17 下午09时00分00秒,23.304,,,,,,,,,,,,,,,,
,,,,,2996,12-10-17 下午09时20分00秒,23.04,,,,,,,,,,,,,,,,
,,,,,2997,12-10-17 下午09时40分00秒,22.848,,,,,,,,,,,,,,,,
,,,,,2998,12-10-17 下午10时00分00秒,22.848,,,,,,,,,,,,,,,,
,,,,,2999,12-10-17 下午10时20分00秒,20.555,,,,,,,,,,,,,,,,
,,,,,3000,12-10-17 下午10时40分00秒,20.817,,,,,,,,,,,,,,,,
,,,,,3001,12-10-17 下午11时00分00秒,20.746,,,,,,,,,,,,,,,,
,,,,,3002,12-10-17 下午11时20分00秒,19.698,,,,,,,,,,,,,,,,
,,,,,3003,12-10-17 下午11时40分00秒,19.603,,,,,,,,,,,,,,,,
,,,,,3004,12-10-18 上午12时00分00秒,18.652,,,,,,,,,,,,,,,,
,,,,,3005,12-10-18 上午12时20分00秒,17.701,,,,,,,,,,,,,,,,
,,,,,3006,12-10-18 上午12时40分00秒,17.653,,,,,,,,,,,,,,,,
,,,,,3007,12-10-18 上午01时00分00秒,17.13,,,,,,,,,,,,,,,,
,,,,,3008,12-10-18 上午01时20分00秒,15.891,,,,,,,,,,,,,,,,
,,,,,3009,12-10-18 上午01时40分00秒,15.366,,,,,,,,,,,,,,,,
,,,,,3010,12-10-18 上午02时00分00秒,14.266,,,,,,,,,,,,,,,,
,,,,,3011,12-10-18 上午02时20分00秒,14.29,,,,,,,,,,,,,,,,
,,,,,3012,12-10-18 上午02时40分00秒,13.93,,,,,,,,,,,,,,,,
,,,,,3013,12-10-18 上午03时00分00秒,14.457,,,,,,,,,,,,,,,,
,,,,,3014,12-10-18 上午03时20分00秒,13.305,,,,,,,,,,,,,,,,
,,,,,3015,12-10-18 上午03时40分00秒,13.209,,,,,,,,,,,,,,,,
,,,,,3016,12-10-18 上午04时00分00秒,13.185,,,,,,,,,,,,,,,,
,,,,,3017,12-10-18 上午04时20分00秒,13.93,,,,,,,,,,,,,,,,
,,,,,3018,12-10-18 上午04时40分00秒,14.026,,,,,,,,,,,,,,,,
,,,,,3019,12-10-18 上午05时00分00秒,14.409,,,,,,,,,,,,,,,,
,,,,,3020,12-10-18 上午05时20分00秒,15.079,,,,,,,,,,,,,,,,
,,,,,3021,12-10-18 上午05时40分00秒,15.079,,,,,,,,,,,,,,,,
,,,,,3022,12-10-18 上午06时00分00秒,16.129,,,,,,,,,,,,,,,,
,,,,,3023,12-10-18 上午06时20分00秒,16.892,,,,,,,,,,,,,,,,
,,,,,3024,12-10-18 上午06时40分00秒,16.654,,,,,,,,,,,,,,,,
,,,,,3025,12-10-18 上午07时00分00秒,18.081,,,,,,,,,,,,,,,,
,,,,,3026,12-10-18 上午07时20分00秒,18.937,,,,,,,,,,,,,,,,
,,,,,3027,12-10-18 上午07时40分00秒,18.961,,,,,,,,,,,,,,,,
,,,,,3028,12-10-18 上午08时00分00秒,19.484,,,,,,,,,,,,,,,,
,,,,,3029,12-10-18 上午08时20分00秒,20.77,,,,,,,,,,,,,,,,
,,,,,3030,12-10-18 上午08时40分00秒,20.603,,,,,,,,,,,,,,,,
,,,,,3031,12-10-18 上午09时00分00秒,21.7,,,,,,,,,,,,,,,,
,,,,,3032,12-10-18 上午09时20分00秒,22.561,,,,,,,,,,,,,,,,
,,,,,3033,12-10-18 上午09时40分00秒,22.657,,,,,,,,,,,,,,,,
,,,,,3034,12-10-18 上午10时00分00秒,23.809,,,,,,,,,,,,,,,,
,,,,,3035,12-10-18 上午10时20分00秒,24.653,,,,,,,,,,,,,,,,
,,,,,3036,12-10-18 上午10时40分00秒,24.557,,,,,,,,,,,,,,,,
,,,,,3037,12-10-18 上午11时00分00秒,25.671,,,,,,,,,,,,,,,,
,,,,,3038,12-10-18 上午11时20分00秒,26.402,,,,,,,,,,,,,,,,
,,,,,3039,12-10-18 上午11时40分00秒,26.012,,,,,,,,,,,,,,,,
,,,,,3040,12-10-18 下午12时00分00秒,26.744,,,,,,,,,,,,,,,,
,,,,,3041,12-10-18 下午12时20分00秒,27.112,,,,,,,,,,,,,,,,
,,,,,3042,12-10-18 下午12时40分00秒,26.793,,,,,,,,,,,,,,,,
,,,,,3043,12-10-18 下午01时00分00秒,27.235,,,,,,,,,,,,,,,,
,,,,,3044,12-10-18 下午01时20分00秒,27.949,,,,,,,,,,,,,,,,
,,,,,3045,12-10-18 下午01时40分00秒,27.579,,,,,,,,,,,,,,,,
,,,,,3046,12-10-18 下午02时00分00秒,27.924,,,,,,,,,,,,,,,,
,,,,,3047,12-10-18 下午02时20分00秒,28.221,,,,,,,,,,,,,,,,
,,,,,3048,12-10-18 下午02时40分00秒,28.345,,,,,,,,,,,,,,,,
,,,,,3049,12-10-18 下午03时00分00秒,28.196,,,,,,,,,,,,,,,,
,,,,,3050,12-10-18 下午03时20分00秒,28.072,,,,,,,,,,,,,,,,
,,,,,3051,12-10-18 下午03时40分00秒,28.147,,,,,,,,,,,,,,,,
,,,,,3052,12-10-18 下午04时00分00秒,27.998,,,,,,,,,,,,,,,,
,,,,,3053,12-10-18 下午04时20分00秒,27.998,,,,,,,,,,,,,,,,
,,,,,3054,12-10-18 下午04时40分00秒,28.097,,,,,,,,,,,,,,,,
,,,,,3055,12-10-18 下午05时00分00秒,27.53,,,,,,,,,,,,,,,,
,,,,,3056,12-10-18 下午05时20分00秒,26.965,,,,,,,,,,,,,,,,
,,,,,3057,12-10-18 下午05时40分00秒,26.842,,,,,,,,,,,,,,,,
,,,,,3058,12-10-18 下午06时00分00秒,26.426,,,,,,,,,,,,,,,,
,,,,,3059,12-10-18 下午06时20分00秒,26.402,,,,,,,,,,,,,,,,
,,,,,3060,12-10-18 下午06时40分00秒,26.378,,,,,,,,,,,,,,,,
,,,,,3061,12-10-18 下午07时00分00秒,25.477,,,,,,,,,,,,,,,,
,,,,,3062,12-10-18 下午07时20分00秒,25.355,,,,,,,,,,,,,,,,
,,,,,3063,12-10-18 下午07时40分00秒,25.453,,,,,,,,,,,,,,,,
,,,,,3064,12-10-18 下午08时00分00秒,24.919,,,,,,,,,,,,,,,,
,,,,,3065,12-10-18 下午08时20分00秒,24.436,,,,,,,,,,,,,,,,
,,,,,3066,12-10-18 下午08时40分00秒,24.315,,,,,,,,,,,,,,,,
,,,,,3067,12-10-18 下午09时00分00秒,24.339,,,,,,,,,,,,,,,,
,,,,,3068,12-10-18 下午09时20分00秒,23.232,,,,,,,,,,,,,,,,
,,,,,3069,12-10-18 下午09时40分00秒,22.92,,,,,,,,,,,,,,,,
,,,,,3070,12-10-18 下午10时00分00秒,22.585,,,,,,,,,,,,,,,,
,,,,,3071,12-10-18 下午10时20分00秒,20.627,,,,,,,,,,,,,,,,
,,,,,3072,12-10-18 下午10时40分00秒,20.46,,,,,,,,,,,,,,,,
,,,,,3073,12-10-18 下午11时00分00秒,20.436,,,,,,,,,,,,,,,,
,,,,,3074,12-10-18 下午11时20分00秒,19.532,,,,,,,,,,,,,,,,
,,,,,3075,12-10-18 下午11时40分00秒,19.603,,,,,,,,,,,,,,,,
,,,,,3076,12-10-19 上午12时00分00秒,19.222,,,,,,,,,,,,,,,,
,,,,,3077,12-10-19 上午12时20分00秒,18.105,,,,,,,,,,,,,,,,
,,,,,3078,12-10-19 上午12时40分00秒,17.772,,,,,,,,,,,,,,,,
,,,,,3079,12-10-19 上午01时00分00秒,17.32,,,,,,,,,,,,,,,,
,,,,,3080,12-10-19 上午01时20分00秒,15.915,,,,,,,,,,,,,,,,
,,,,,3081,12-10-19 上午01时40分00秒,15.605,,,,,,,,,,,,,,,,
,,,,,3082,12-10-19 上午02时00分00秒,14.84,,,,,,,,,,,,,,,,
,,,,,3083,12-10-19 上午02时20分00秒,14.433,,,,,,,,,,,,,,,,
,,,,,3084,12-10-19 上午02时40分00秒,14.242,,,,,,,,,,,,,,,,
,,,,,3085,12-10-19 上午03时00分00秒,13.377,,,,,,,,,,,,,,,,
,,,,,3086,12-10-19 上午03时20分00秒,13.57,,,,,,,,,,,,,,,,
,,,,,3087,12-10-19 上午03时40分00秒,13.666,,,,,,,,,,,,,,,,
,,,,,3088,12-10-19 上午04时00分00秒,13.281,,,,,,,,,,,,,,,,
,,,,,3089,12-10-19 上午04时20分00秒,13.522,,,,,,,,,,,,,,,,
,,,,,3090,12-10-19 上午04时40分00秒,13.594,,,,,,,,,,,,,,,,
,,,,,3091,12-10-19 上午05时00分00秒,14.314,,,,,,,,,,,,,,,,
,,,,,3092,12-10-19 上午05时20分00秒,14.936,,,,,,,,,,,,,,,,
,,,,,3093,12-10-19 上午05时40分00秒,14.936,,,,,,,,,,,,,,,,
,,,,,3094,12-10-19 上午06时00分00秒,15.963,,,,,,,,,,,,,,,,
,,,,,3095,12-10-19 上午06时20分00秒,16.606,,,,,,,,,,,,,,,,
,,,,,3096,12-10-19 上午06时40分00秒,16.32,,,,,,,,,,,,,,,,
,,,,,3097,12-10-19 上午07时00分00秒,17.582,,,,,,,,,,,,,,,,
,,,,,3098,12-10-19 上午07时20分00秒,18.889,,,,,,,,,,,,,,,,
,,,,,3099,12-10-19 上午07时40分00秒,18.842,,,,,,,,,,,,,,,,
,,,,,3100,12-10-19 上午08时00分00秒,20.007,,,,,,,,,,,,,,,,
,,,,,3101,12-10-19 上午08时20分00秒,20.293,,,,,,,,,,,,,,,,
,,,,,3102,12-10-19 上午08时40分00秒,20.222,,,,,,,,,,,,,,,,
,,,,,3103,12-10-19 上午09时00分00秒,21.628,,,,,,,,,,,,,,,,
,,,,,3104,12-10-19 上午09时20分00秒,22.465,,,,,,,,,,,,,,,,
,,,,,3105,12-10-19 上午09时40分00秒,22.298,,,,,,,,,,,,,,,,
,,,,,3106,12-10-19 上午10时00分00秒,23.304,,,,,,,,,,,,,,,,
,,,,,3107,12-10-19 上午10时20分00秒,24.726,,,,,,,,,,,,,,,,
,,,,,3108,12-10-19 上午10时40分00秒,24.653,,,,,,,,,,,,,,,,
,,,,,3109,12-10-19 上午11时00分00秒,25.525,,,,,,,,,,,,,,,,
,,,,,3110,12-10-19 上午11时20分00秒,26.012,,,,,,,,,,,,,,,,
,,,,,3111,12-10-19 上午11时40分00秒,25.939,,,,,,,,,,,,,,,,
,,,,,3112,12-10-19 下午12时00分00秒,25.817,,,,,,,,,,,,,,,,
,,,,,3113,12-10-19 下午12时20分00秒,27.161,,,,,,,,,,,,,,,,
,,,,,3114,12-10-19 下午12时40分00秒,27.038,,,,,,,,,,,,,,,,
,,,,,3115,12-10-19 下午01时00分00秒,27.579,,,,,,,,,,,,,,,,
,,,,,3116,12-10-19 下午01时20分00秒,27.604,,,,,,,,,,,,,,,,
,,,,,3117,12-10-19 下午01时40分00秒,27.456,,,,,,,,,,,,,,,,
,,,,,3118,12-10-19 下午02时00分00秒,27.801,,,,,,,,,,,,,,,,
,,,,,3119,12-10-19 下午02时20分00秒,28.072,,,,,,,,,,,,,,,,
,,,,,3120,12-10-19 下午02时40分00秒,28.072,,,,,,,,,,,,,,,,
,,,,,3121,12-10-19 下午03时00分00秒,28.196,,,,,,,,,,,,,,,,
,,,,,3122,12-10-19 下午03时20分00秒,28.023,,,,,,,,,,,,,,,,
,,,,,3123,12-10-19 下午03时40分00秒,28.196,,,,,,,,,,,,,,,,
,,,,,3124,12-10-19 下午04时00分00秒,27.481,,,,,,,,,,,,,,,,
,,,,,3125,12-10-19 下午04时20分00秒,28.072,,,,,,,,,,,,,,,,
,,,,,3126,12-10-19 下午04时40分00秒,27.358,,,,,,,,,,,,,,,,
,,,,,3127,12-10-19 下午05时00分00秒,27.259,,,,,,,,,,,,,,,,
,,,,,3128,12-10-19 下午05时20分00秒,27.186,,,,,,,,,,,,,,,,
,,,,,3129,12-10-19 下午05时40分00秒,26.72,,,,,,,,,,,,,,,,
,,,,,3130,12-10-19 下午06时00分00秒,26.256,,,,,,,,,,,,,,,,
,,,,,3131,12-10-19 下午06时20分00秒,26.329,,,,,,,,,,,,,,,,
,,,,,3132,12-10-19 下午06时40分00秒,26.109,,,,,,,,,,,,,,,,
,,,,,3133,12-10-19 下午07时00分00秒,25.768,,,,,,,,,,,,,,,,
,,,,,3134,12-10-19 下午07时20分00秒,25.55,,,,,,,,,,,,,,,,
,,,,,3135,12-10-19 下午07时40分00秒,25.258,,,,,,,,,,,,,,,,
,,,,,3136,12-10-19 下午08时00分00秒,24.484,,,,,,,,,,,,,,,,
,,,,,3137,12-10-19 下午08时20分00秒,24.388,,,,,,,,,,,,,,,,
,,,,,3138,12-10-19 下午08时40分00秒,24.122,,,,,,,,,,,,,,,,
,,,,,3139,12-10-19 下午09时00分00秒,23.641,,,,,,,,,,,,,,,,
,,,,,3140,12-10-19 下午09时20分00秒,22.968,,,,,,,,,,,,,,,,
,,,,,3141,12-10-19 下午09时40分00秒,22.369,,,,,,,,,,,,,,,,
,,,,,3142,12-10-19 下午10时00分00秒,22.178,,,,,,,,,,,,,,,,
,,,,,3143,12-10-19 下午10时20分00秒,20.46,,,,,,,,,,,,,,,,
,,,,,3144,12-10-19 下午10时40分00秒,20.46,,,,,,,,,,,,,,,,
,,,,,3145,12-10-19 下午11时00分00秒,20.674,,,,,,,,,,,,,,,,
,,,,,3146,12-10-19 下午11时20分00秒,19.793,,,,,,,,,,,,,,,,
,,,,,3147,12-10-19 下午11时40分00秒,19.27,,,,,,,,,,,,,,,,
,,,,,3148,12-10-20 上午12时00分00秒,19.746,,,,,,,,,,,,,,,,
,,,,,3149,12-10-20 上午12时20分00秒,17.677,,,,,,,,,,,,,,,,
,,,,,3150,12-10-20 上午12时40分00秒,17.772,,,,,,,,,,,,,,,,
,,,,,3151,12-10-20 上午01时00分00秒,17.938,,,,,,,,,,,,,,,,
,,,,,3152,12-10-20 上午01时20分00秒,16.272,,,,,,,,,,,,,,,,
,,,,,3153,12-10-20 上午01时40分00秒,15.557,,,,,,,,,,,,,,,,
,,,,,3154,12-10-20 上午02时00分00秒,14.888,,,,,,,,,,,,,,,,
,,,,,3155,12-10-20 上午02时20分00秒,14.457,,,,,,,,,,,,,,,,
,,,,,3156,12-10-20 上午02时40分00秒,13.786,,,,,,,,,,,,,,,,
,,,,,3157,12-10-20 上午03时00分00秒,14.002,,,,,,,,,,,,,,,,
,,,,,3158,12-10-20 上午03时20分00秒,13.209,,,,,,,,,,,,,,,,
,,,,,3159,12-10-20 上午03时40分00秒,12.823,,,,,,,,,,,,,,,,
,,,,,3160,12-10-20 上午04时00分00秒,13.064,,,,,,,,,,,,,,,,
,,,,,3161,12-10-20 上午04时20分00秒,13.714,,,,,,,,,,,,,,,,
,,,,,3162,12-10-20 上午04时40分00秒,13.449,,,,,,,,,,,,,,,,
,,,,,3163,12-10-20 上午05时00分00秒,14.649,,,,,,,,,,,,,,,,
,,,,,3164,12-10-20 上午05时20分00秒,14.649,,,,,,,,,,,,,,,,
,,,,,3165,12-10-20 上午05时40分00秒,14.745,,,,,,,,,,,,,,,,
,,,,,3166,12-10-20 上午06时00分00秒,15.485,,,,,,,,,,,,,,,,
,,,,,3167,12-10-20 上午06时20分00秒,17.13,,,,,,,,,,,,,,,,
,,,,,3168,12-10-20 上午06时40分00秒,16.844,,,,,,,,,,,,,,,,
,,,,,3169,12-10-20 上午07时00分00秒,17.201,,,,,,,,,,,,,,,,
,,,,,3170,12-10-20 上午07时20分00秒,18.723,,,,,,,,,,,,,,,,
,,,,,3171,12-10-20 上午07时40分00秒,18.699,,,,,,,,,,,,,,,,
,,,,,3172,12-10-20 上午08时00分00秒,19.318,,,,,,,,,,,,,,,,
,,,,,3173,12-10-20 上午08时20分00秒,20.531,,,,,,,,,,,,,,,,
,,,,,3174,12-10-20 上午08时40分00秒,20.079,,,,,,,,,,,,,,,,
,,,,,3175,12-10-20 上午09时00分00秒,21.199,,,,,,,,,,,,,,,,
,,,,,3176,12-10-20 上午09时20分00秒,22.681,,,,,,,,,,,,,,,,
,,,,,3177,12-10-20 上午09时40分00秒,22.274,,,,,,,,,,,,,,,,
,,,,,3178,12-10-20 上午10时00分00秒,23.328,,,,,,,,,,,,,,,,
,,,,,3179,12-10-20 上午10时20分00秒,24.508,,,,,,,,,,,,,,,,
,,,,,3180,12-10-20 上午10时40分00秒,24.798,,,,,,,,,,,,,,,,
,,,,,3181,12-10-20 上午11时00分00秒,24.919,,,,,,,,,,,,,,,,
,,,,,3182,12-10-20 上午11时20分00秒,26.329,,,,,,,,,,,,,,,,
,,,,,3183,12-10-20 上午11时40分00秒,26.158,,,,,,,,,,,,,,,,
,,,,,3184,12-10-20 下午12时00分00秒,25.841,,,,,,,,,,,,,,,,
,,,,,3185,12-10-20 下午12时20分00秒,27.087,,,,,,,,,,,,,,,,
,,,,,3186,12-10-20 下午12时40分00秒,26.842,,,,,,,,,,,,,,,,
,,,,,3187,12-10-20 下午01时00分00秒,26.695,,,,,,,,,,,,,,,,
,,,,,3188,12-10-20 下午01时20分00秒,27.604,,,,,,,,,,,,,,,,
,,,,,3189,12-10-20 下午01时40分00秒,27.431,,,,,,,,,,,,,,,,
,,,,,3190,12-10-20 下午02时00分00秒,28.097,,,,,,,,,,,,,,,,
,,,,,3191,12-10-20 下午02时20分00秒,28.394,,,,,,,,,,,,,,,,
,,,,,3192,12-10-20 下午02时40分00秒,27.825,,,,,,,,,,,,,,,,
,,,,,3193,12-10-20 下午03时00分00秒,27.998,,,,,,,,,,,,,,,,
,,,,,3194,12-10-20 下午03时20分00秒,27.801,,,,,,,,,,,,,,,,
,,,,,3195,12-10-20 下午03时40分00秒,27.924,,,,,,,,,,,,,,,,
,,,,,3196,12-10-20 下午04时00分00秒,27.333,,,,,,,,,,,,,,,,
,,,,,3197,12-10-20 下午04时20分00秒,27.579,,,,,,,,,,,,,,,,
,,,,,3198,12-10-20 下午04时40分00秒,27.21,,,,,,,,,,,,,,,,
,,,,,3199,12-10-20 下午05时00分00秒,26.916,,,,,,,,,,,,,,,,
,,,,,3200,12-10-20 下午05时20分00秒,26.695,,,,,,,,,,,,,,,,
,,,,,3201,12-10-20 下午05时40分00秒,26.769,,,,,,,,,,,,,,,,
,,,,,3202,12-10-20 下午06时00分00秒,26.28,,,,,,,,,,,,,,,,
,,,,,3203,12-10-20 下午06时20分00秒,26.5,,,,,,,,,,,,,,,,
,,,,,3204,12-10-20 下午06时40分00秒,26.402,,,,,,,,,,,,,,,,
,,,,,3205,12-10-20 下午07时00分00秒,25.598,,,,,,,,,,,,,,,,
,,,,,3206,12-10-20 下午07时20分00秒,25.21,,,,,,,,,,,,,,,,
,,,,,3207,12-10-20 下午07时40分00秒,25.162,,,,,,,,,,,,,,,,
,,,,,3208,12-10-20 下午08时00分00秒,25.258,,,,,,,,,,,,,,,,
,,,,,3209,12-10-20 下午08时20分00秒,24.581,,,,,,,,,,,,,,,,
,,,,,3210,12-10-20 下午08时40分00秒,24.315,,,,,,,,,,,,,,,,
,,,,,3211,12-10-20 下午09时00分00秒,24.171,,,,,,,,,,,,,,,,
,,,,,3212,12-10-20 下午09时20分00秒,22.944,,,,,,,,,,,,,,,,
,,,,,3213,12-10-20 下午09时40分00秒,22.92,,,,,,,,,,,,,,,,
,,,,,3214,12-10-20 下午10时00分00秒,22.226,,,,,,,,,,,,,,,,
,,,,,3215,12-10-20 下午10时20分00秒,21.342,,,,,,,,,,,,,,,,
,,,,,3216,12-10-20 下午10时40分00秒,20.746,,,,,,,,,,,,,,,,
,,,,,3217,12-10-20 下午11时00分00秒,20.174,,,,,,,,,,,,,,,,
,,,,,3218,12-10-20 下午11时20分00秒,19.365,,,,,,,,,,,,,,,,
,,,,,3219,12-10-20 下午11时40分00秒,19.175,,,,,,,,,,,,,,,,
,,,,,3220,12-10-21 上午12时00分00秒,20.388,,,,,,,,,,,,,,,,
,,,,,3221,12-10-21 上午12时20分00秒,18.152,,,,,,,,,,,,,,,,
,,,,,3222,12-10-21 上午12时40分00秒,17.772,,,,,,,,,,,,,,,,
,,,,,3223,12-10-21 上午01时00分00秒,17.677,,,,,,,,,,,,,,,,
,,,,,3224,12-10-21 上午01时20分00秒,15.509,,,,,,,,,,,,,,,,
,,,,,3225,12-10-21 上午01时40分00秒,15.557,,,,,,,,,,,,,,,,
,,,,,3226,12-10-21 上午02时00分00秒,15.342,,,,,,,,,,,,,,,,
,,,,,3227,12-10-21 上午02时20分00秒,14.409,,,,,,,,,,,,,,,,
,,,,,3228,12-10-21 上午02时40分00秒,13.786,,,,,,,,,,,,,,,,
,,,,,3229,12-10-21 上午03时00分00秒,13.93,,,,,,,,,,,,,,,,
,,,,,3230,12-10-21 上午03时20分00秒,13.377,,,,,,,,,,,,,,,,
,,,,,3231,12-10-21 上午03时40分00秒,13.161,,,,,,,,,,,,,,,,
,,,,,3232,12-10-21 上午04时00分00秒,13.57,,,,,,,,,,,,,,,,
,,,,,3233,12-10-21 上午04时20分00秒,14.026,,,,,,,,,,,,,,,,
,,,,,3234,12-10-21 上午04时40分00秒,14.17,,,,,,,,,,,,,,,,
,,,,,3235,12-10-21 上午05时00分00秒,14.433,,,,,,,,,,,,,,,,
,,,,,3236,12-10-21 上午05时20分00秒,15.127,,,,,,,,,,,,,,,,
,,,,,3237,12-10-21 上午05时40分00秒,15.557,,,,,,,,,,,,,,,,
,,,,,3238,12-10-21 上午06时00分00秒,15.366,,,,,,,,,,,,,,,,
,,,,,3239,12-10-21 上午06时20分00秒,16.654,,,,,,,,,,,,,,,,
,,,,,3240,12-10-21 上午06时40分00秒,16.749,,,,,,,,,,,,,,,,
,,,,,3241,12-10-21 上午07时00分00秒,17.391,,,,,,,,,,,,,,,,
,,,,,3242,12-10-21 上午07时20分00秒,18.794,,,,,,,,,,,,,,,,
,,,,,3243,12-10-21 上午07时40分00秒,18.533,,,,,,,,,,,,,,,,
,,,,,3244,12-10-21 上午08时00分00秒,19.365,,,,,,,,,,,,,,,,
,,,,,3245,12-10-21 上午08时20分00秒,20.317,,,,,,,,,,,,,,,,
,,,,,3246,12-10-21 上午08时40分00秒,20.317,,,,,,,,,,,,,,,,
,,,,,3247,12-10-21 上午09时00分00秒,21.461,,,,,,,,,,,,,,,,
,,,,,3248,12-10-21 上午09时20分00秒,22.561,,,,,,,,,,,,,,,,
,,,,,3249,12-10-21 上午09时40分00秒,22.393,,,,,,,,,,,,,,,,
,,,,,3250,12-10-21 上午10时00分00秒,22.8,,,,,,,,,,,,,,,,
,,,,,3251,12-10-21 上午10时20分00秒,24.823,,,,,,,,,,,,,,,,
,,,,,3252,12-10-21 上午10时40分00秒,24.291,,,,,,,,,,,,,,,,
,,,,,3253,12-10-21 上午11时00分00秒,25.404,,,,,,,,,,,,,,,,
,,,,,3254,12-10-21 上午11时20分00秒,26.109,,,,,,,,,,,,,,,,
,,,,,3255,12-10-21 上午11时40分00秒,25.987,,,,,,,,,,,,,,,,
,,,,,3256,12-10-21 下午12时00分00秒,26.622,,,,,,,,,,,,,,,,
,,,,,3257,12-10-21 下午12时20分00秒,26.769,,,,,,,,,,,,,,,,
,,,,,3258,12-10-21 下午12时40分00秒,26.867,,,,,,,,,,,,,,,,
,,,,,3259,12-10-21 下午01时00分00秒,26.573,,,,,,,,,,,,,,,,
,,,,,3260,12-10-21 下午01时20分00秒,27.751,,,,,,,,,,,,,,,,
,,,,,3261,12-10-21 下午01时40分00秒,27.382,,,,,,,,,,,,,,,,
,,,,,3262,12-10-21 下午02时00分00秒,27.899,,,,,,,,,,,,,,,,
,,,,,3263,12-10-21 下午02时20分00秒,28.295,,,,,,,,,,,,,,,,
,,,,,3264,12-10-21 下午02时40分00秒,28.196,,,,,,,,,,,,,,,,
,,,,,3265,12-10-21 下午03时00分00秒,28.122,,,,,,,,,,,,,,,,
,,,,,3266,12-10-21 下午03时20分00秒,28.147,,,,,,,,,,,,,,,,
,,,,,3267,12-10-21 下午03时40分00秒,28.147,,,,,,,,,,,,,,,,
,,,,,3268,12-10-21 下午04时00分00秒,27.677,,,,,,,,,,,,,,,,
,,,,,3269,12-10-21 下午04时20分00秒,27.407,,,,,,,,,,,,,,,,
,,,,,3270,12-10-21 下午04时40分00秒,27.481,,,,,,,,,,,,,,,,
,,,,,3271,12-10-21 下午05时00分00秒,27.481,,,,,,,,,,,,,,,,
,,,,,3272,12-10-21 下午05时20分00秒,27.579,,,,,,,,,,,,,,,,
,,,,,3273,12-10-21 下午05时40分00秒,27.161,,,,,,,,,,,,,,,,
,,,,,3274,12-10-21 下午06时00分00秒,26.353,,,,,,,,,,,,,,,,
,,,,,3275,12-10-21 下午06时20分00秒,26.695,,,,,,,,,,,,,,,,
,,,,,3276,12-10-21 下午06时40分00秒,26.573,,,,,,,,,,,,,,,,
,,,,,3277,12-10-21 下午07时00分00秒,25.768,,,,,,,,,,,,,,,,
,,,,,3278,12-10-21 下午07时20分00秒,25.647,,,,,,,,,,,,,,,,
,,,,,3279,12-10-21 下午07时40分00秒,25.331,,,,,,,,,,,,,,,,
,,,,,3280,12-10-21 下午08时00分00秒,25.21,,,,,,,,,,,,,,,,
,,,,,3281,12-10-21 下午08时20分00秒,24.702,,,,,,,,,,,,,,,,
,,,,,3282,12-10-21 下午08时40分00秒,23.905,,,,,,,,,,,,,,,,
,,,,,3283,12-10-21 下午09时00分00秒,23.28,,,,,,,,,,,,,,,,
,,,,,3284,12-10-21 下午09时20分00秒,22.202,,,,,,,,,,,,,,,,
,,,,,3285,12-10-21 下午09时40分00秒,24.146,,,,,,,,,,,,,,,,
,,,,,3286,12-10-21 下午10时00分00秒,22.202,,,,,,,,,,,,,,,,
,,,,,3287,12-10-21 下午10时20分00秒,20.246,,,,,,,,,,,,,,,,
,,,,,3288,12-10-21 下午10时40分00秒,21.557,,,,,,,,,,,,,,,,
,,,,,3289,12-10-21 下午11时00分00秒,20.174,,,,,,,,,,,,,,,,
,,,,,3290,12-10-21 下午11时20分00秒,19.888,,,,,,,,,,,,,,,,
,,,,,3291,12-10-21 下午11时40分00秒,20.412,,,,,,,,,,,,,,,,
,,,,,3292,12-10-22 上午12时00分00秒,20.698,,,,,,,,,,,,,,,,
,,,,,3293,12-10-22 上午12时20分00秒,20.841,,,,,,,,,,,,,,,,
,,,,,3294,12-10-22 上午12时40分00秒,20.936,,,,,,,,,,,,,,,,
,,,,,3295,12-10-22 上午01时00分00秒,20.984,,,,,,,,,,,,,,,,
,,,,,3296,12-10-22 上午01时20分00秒,20.984,,,,,,,,,,,,,,,,
,,,,,3297,12-10-22 上午01时40分00秒,20.984,,,,,,,,,,,,,,,,
,,,,,3298,12-10-22 上午02时00分00秒,20.936,,,,,,,,,,,,,,,,
,,,,,3299,12-10-22 上午02时20分00秒,19.722,,,,,,,,,,,,,,,,
,,,,,3300,12-10-22 上午02时40分00秒,19.222,,,,,,,,,,,,,,,,
,,,,,3301,12-10-22 上午03时00分00秒,18.414,,,,,,,,,,,,,,,,
,,,,,3302,12-10-22 上午03时20分00秒,17.582,,,,,,,,,,,,,,,,
,,,,,3303,12-10-22 上午03时40分00秒,17.249,,,,,,,,,,,,,,,,
,,,,,3304,12-10-22 上午04时00分00秒,16.082,,,,,,,,,,,,,,,,
,,,,,3305,12-10-22 上午04时20分00秒,15.796,,,,,,,,,,,,,,,,
,,,,,3306,12-10-22 上午04时40分00秒,15.796,,,,,,,,,,,,,,,,
,,,,,3307,12-10-22 上午05时00分00秒,13.786,,,,,,,,,,,,,,,,
,,,,,3308,12-10-22 上午05时20分00秒,13.762,,,,,,,,,,,,,,,,
,,,,,3309,12-10-22 上午05时40分00秒,13.714,,,,,,,,,,,,,,,,
,,,,,3310,12-10-22 上午06时00分00秒,12.968,,,,,,,,,,,,,,,,
,,,,,3311,12-10-22 上午06时20分00秒,13.233,,,,,,,,,,,,,,,,
,,,,,3312,12-10-22 上午06时40分00秒,13.137,,,,,,,,,,,,,,,,
,,,,,3313,12-10-22 上午07时00分00秒,12.678,,,,,,,,,,,,,,,,
,,,,,3314,12-10-22 上午07时20分00秒,13.473,,,,,,,,,,,,,,,,
,,,,,3315,12-10-22 上午07时40分00秒,13.546,,,,,,,,,,,,,,,,
,,,,,3316,12-10-22 上午08时00分00秒,15.605,,,,,,,,,,,,,,,,
,,,,,3317,12-10-22 上午08时20分00秒,15.342,,,,,,,,,,,,,,,,
,,,,,3318,12-10-22 上午08时40分00秒,14.625,,,,,,,,,,,,,,,,
,,,,,3319,12-10-22 上午09时00分00秒,16.701,,,,,,,,,,,,,,,,
,,,,,3320,12-10-22 上午09时20分00秒,23.4,,,,,,,,,,,,,,,,
,,,,,3321,12-10-22 上午09时40分00秒,22.513,,,,,,,,,,,,,,,,
,,,,,3322,12-10-22 上午10时00分00秒,24.243,,,,,,,,,,,,,,,,
,,,,,3323,12-10-22 上午10时20分00秒,24.823,,,,,,,,,,,,,,,,
,,,,,3324,12-10-22 上午10时40分00秒,24.75,,,,,,,,,,,,,,,,
,,,,,3325,12-10-22 上午11时00分00秒,26.28,,,,,,,,,,,,,,,,
,,,,,3326,12-10-22 上午11时20分00秒,26.134,,,,,,,,,,,,,,,,
,,,,,3327,12-10-22 上午11时40分00秒,25.987,,,,,,,,,,,,,,,,
,,,,,3328,12-10-22 下午12时00分00秒,27.087,,,,,,,,,,,,,,,,
,,,,,3329,12-10-22 下午12时20分00秒,26.867,,,,,,,,,,,,,,,,
,,,,,3330,12-10-22 下午12时40分00秒,27.161,,,,,,,,,,,,,,,,
,,,,,3331,12-10-22 下午01时00分00秒,27.776,,,,,,,,,,,,,,,,
,,,,,3332,12-10-22 下午01时20分00秒,28.493,,,,,,,,,,,,,,,,
,,,,,3333,12-10-22 下午01时40分00秒,27.924,,,,,,,,,,,,,,,,
,,,,,3334,12-10-22 下午02时00分00秒,27.899,,,,,,,,,,,,,,,,
,,,,,3335,12-10-22 下午02时20分00秒,28.717,,,,,,,,,,,,,,,,
,,,,,3336,12-10-22 下午02时40分00秒,28.493,,,,,,,,,,,,,,,,
,,,,,3337,12-10-22 下午03时00分00秒,28.468,,,,,,,,,,,,,,,,
,,,,,3338,12-10-22 下午03时20分00秒,28.593,,,,,,,,,,,,,,,,
,,,,,3339,12-10-22 下午03时40分00秒,28.493,,,,,,,,,,,,,,,,
,,,,,3340,12-10-22 下午04时00分00秒,27.579,,,,,,,,,,,,,,,,
,,,,,3341,12-10-22 下午04时20分00秒,28.394,,,,,,,,,,,,,,,,
,,,,,3342,12-10-22 下午04时40分00秒,27.751,,,,,,,,,,,,,,,,
,,,,,3343,12-10-22 下午05时00分00秒,27.382,,,,,,,,,,,,,,,,
,,,,,3344,12-10-22 下午05时20分00秒,26.793,,,,,,,,,,,,,,,,
,,,,,3345,12-10-22 下午05时40分00秒,27.014,,,,,,,,,,,,,,,,
,,,,,3346,12-10-22 下午06时00分00秒,26.916,,,,,,,,,,,,,,,,
,,,,,3347,12-10-22 下午06时20分00秒,26.793,,,,,,,,,,,,,,,,
,,,,,3348,12-10-22 下午06时40分00秒,26.426,,,,,,,,,,,,,,,,
,,,,,3349,12-10-22 下午07时00分00秒,26.353,,,,,,,,,,,,,,,,
,,,,,3350,12-10-22 下午07时20分00秒,25.695,,,,,,,,,,,,,,,,
,,,,,3351,12-10-22 下午07时40分00秒,25.671,,,,,,,,,,,,,,,,
,,,,,3352,12-10-22 下午08时00分00秒,24.677,,,,,,,,,,,,,,,,
,,,,,3353,12-10-22 下午08时20分00秒,24.847,,,,,,,,,,,,,,,,
,,,,,3354,12-10-22 下午08时40分00秒,24.46,,,,,,,,,,,,,,,,
,,,,,3355,12-10-22 下午09时00分00秒,24.267,,,,,,,,,,,,,,,,
,,,,,3356,12-10-22 下午09时20分00秒,23.4,,,,,,,,,,,,,,,,
,,,,,3357,12-10-22 下午09时40分00秒,23.088,,,,,,,,,,,,,,,,
,,,,,3358,12-10-22 下午10时00分00秒,21.246,,,,,,,,,,,,,,,,
,,,,,3359,12-10-22 下午10时20分00秒,21.056,,,,,,,,,,,,,,,,
,,,,,3360,12-10-22 下午10时40分00秒,21.032,,,,,,,,,,,,,,,,
,,,,,3361,12-10-22 下午11时00分00秒,19.865,,,,,,,,,,,,,,,,
,,,,,3362,12-10-22 下午11时20分00秒,19.888,,,,,,,,,,,,,,,,
,,,,,3363,12-10-22 下午11时40分00秒,19.674,,,,,,,,,,,,,,,,
,,,,,3364,12-10-23 上午12时00分00秒,18.319,,,,,,,,,,,,,,,,
,,,,,3365,12-10-23 上午12时20分00秒,17.629,,,,,,,,,,,,,,,,
,,,,,3366,12-10-23 上午12时40分00秒,17.986,,,,,,,,,,,,,,,,
,,,,,3367,12-10-23 上午01时00分00秒,16.749,,,,,,,,,,,,,,,,
,,,,,3368,12-10-23 上午01时20分00秒,15.652,,,,,,,,,,,,,,,,
,,,,,3369,12-10-23 上午01时40分00秒,15.652,,,,,,,,,,,,,,,,
,,,,,3370,12-10-23 上午02时00分00秒,15.724,,,,,,,,,,,,,,,,
,,,,,3371,12-10-23 上午02时20分00秒,14.337,,,,,,,,,,,,,,,,
,,,,,3372,12-10-23 上午02时40分00秒,13.738,,,,,,,,,,,,,,,,
,,,,,3373,12-10-23 上午03时00分00秒,13.305,,,,,,,,,,,,,,,,
,,,,,3374,12-10-23 上午03时20分00秒,13.329,,,,,,,,,,,,,,,,
,,,,,3375,12-10-23 上午03时40分00秒,13.449,,,,,,,,,,,,,,,,
,,,,,3376,12-10-23 上午04时00分00秒,13.522,,,,,,,,,,,,,,,,
,,,,,3377,12-10-23 上午04时20分00秒,13.978,,,,,,,,,,,,,,,,
,,,,,3378,12-10-23 上午04时40分00秒,14.074,,,,,,,,,,,,,,,,
,,,,,3379,12-10-23 上午05时00分00秒,14.314,,,,,,,,,,,,,,,,
,,,,,3380,12-10-23 上午05时20分00秒,15.27,,,,,,,,,,,,,,,,
,,,,,3381,12-10-23 上午05时40分00秒,15.055,,,,,,,,,,,,,,,,
,,,,,3382,12-10-23 上午06时00分00秒,16.368,,,,,,,,,,,,,,,,
,,,,,3383,12-10-23 上午06时20分00秒,16.606,,,,,,,,,,,,,,,,
,,,,,3384,12-10-23 上午06时40分00秒,16.773,,,,,,,,,,,,,,,,
,,,,,3385,12-10-23 上午07时00分00秒,18.557,,,,,,,,,,,,,,,,
,,,,,3386,12-10-23 上午07时20分00秒,18.866,,,,,,,,,,,,,,,,
,,,,,3387,12-10-23 上午07时40分00秒,18.794,,,,,,,,,,,,,,,,
,,,,,3388,12-10-23 上午08时00分00秒,19.151,,,,,,,,,,,,,,,,
,,,,,3389,12-10-23 上午08时20分00秒,20.46,,,,,,,,,,,,,,,,
,,,,,3390,12-10-23 上午08时40分00秒,20.341,,,,,,,,,,,,,,,,
,,,,,3391,12-10-23 上午09时00分00秒,22.369,,,,,,,,,,,,,,,,
,,,,,3392,12-10-23 上午09时20分00秒,22.298,,,,,,,,,,,,,,,,
,,,,,3393,12-10-23 上午09时40分00秒,22.202,,,,,,,,,,,,,,,,
,,,,,3394,12-10-23 上午10时00分00秒,24.171,,,,,,,,,,,,,,,,
,,,,,3395,12-10-23 上午10时20分00秒,24.532,,,,,,,,,,,,,,,,
,,,,,3396,12-10-23 上午10时40分00秒,24.508,,,,,,,,,,,,,,,,
,,,,,3397,12-10-23 上午11时00分00秒,26.109,,,,,,,,,,,,,,,,
,,,,,3398,12-10-23 上午11时20分00秒,26.28,,,,,,,,,,,,,,,,
,,,,,3399,12-10-23 上午11时40分00秒,25.793,,,,,,,,,,,,,,,,
,,,,,3400,12-10-23 下午12时00分00秒,27.235,,,,,,,,,,,,,,,,
,,,,,3401,12-10-23 下午12时20分00秒,27.161,,,,,,,,,,,,,,,,
,,,,,3402,12-10-23 下午12时40分00秒,26.573,,,,,,,,,,,,,,,,
,,,,,3403,12-10-23 下午01时00分00秒,28.518,,,,,,,,,,,,,,,,
,,,,,3404,12-10-23 下午01时20分00秒,27.702,,,,,,,,,,,,,,,,
,,,,,3405,12-10-23 下午01时40分00秒,27.308,,,,,,,,,,,,,,,,
,,,,,3406,12-10-23 下午02时00分00秒,27.801,,,,,,,,,,,,,,,,
,,,,,3407,12-10-23 下午02时20分00秒,28.097,,,,,,,,,,,,,,,,
,,,,,3408,12-10-23 下午02时40分00秒,28.097,,,,,,,,,,,,,,,,
,,,,,3409,12-10-23 下午03时00分00秒,28.221,,,,,,,,,,,,,,,,
,,,,,3410,12-10-23 下午03时20分00秒,28.097,,,,,,,,,,,,,,,,
,,,,,3411,12-10-23 下午03时40分00秒,28.196,,,,,,,,,,,,,,,,
,,,,,3412,12-10-23 下午04时00分00秒,27.161,,,,,,,,,,,,,,,,
,,,,,3413,12-10-23 下午04时20分00秒,28.122,,,,,,,,,,,,,,,,
,,,,,3414,12-10-23 下午04时40分00秒,27.259,,,,,,,,,,,,,,,,
,,,,,3415,12-10-23 下午05时00分00秒,26.524,,,,,,,,,,,,,,,,
,,,,,3416,12-10-23 下午05时20分00秒,26.891,,,,,,,,,,,,,,,,
,,,,,3417,12-10-23 下午05时40分00秒,26.769,,,,,,,,,,,,,,,,
,,,,,3418,12-10-23 下午06时00分00秒,26.012,,,,,,,,,,,,,,,,
,,,,,3419,12-10-23 下午06时20分00秒,26.426,,,,,,,,,,,,,,,,
,,,,,3420,12-10-23 下午06时40分00秒,26.231,,,,,,,,,,,,,,,,
,,,,,3421,12-10-23 下午07时00分00秒,24.895,,,,,,,,,,,,,,,,
,,,,,3422,12-10-23 下午07时20分00秒,25.623,,,,,,,,,,,,,,,,
,,,,,3423,12-10-23 下午07时40分00秒,25.404,,,,,,,,,,,,,,,,
,,,,,3424,12-10-23 下午08时00分00秒,24.726,,,,,,,,,,,,,,,,
,,,,,3425,12-10-23 下午08时20分00秒,24.557,,,,,,,,,,,,,,,,
,,,,,3426,12-10-23 下午08时40分00秒,24.291,,,,,,,,,,,,,,,,
,,,,,3427,12-10-23 下午09时00分00秒,22.824,,,,,,,,,,,,,,,,
,,,,,3428,12-10-23 下午09时20分00秒,22.944,,,,,,,,,,,,,,,,
,,,,,3429,12-10-23 下午09时40分00秒,22.8,,,,,,,,,,,,,,,,
,,,,,3430,12-10-23 下午10时00分00秒,21.27,,,,,,,,,,,,,,,,
,,,,,3431,12-10-23 下午10时20分00秒,20.365,,,,,,,,,,,,,,,,
,,,,,3432,12-10-23 下午10时40分00秒,20.555,,,,,,,,,,,,,,,,
,,,,,3433,12-10-23 下午11时00分00秒,20.317,,,,,,,,,,,,,,,,
,,,,,3434,12-10-23 下午11时20分00秒,20.079,,,,,,,,,,,,,,,,
,,,,,3435,12-10-23 下午11时40分00秒,19.651,,,,,,,,,,,,,,,,
,,,,,3436,12-10-24 上午12时00分00秒,19.151,,,,,,,,,,,,,,,,
,,,,,3437,12-10-24 上午12时20分00秒,18.176,,,,,,,,,,,,,,,,
,,,,,3438,12-10-24 上午12时40分00秒,17.819,,,,,,,,,,,,,,,,
,,,,,3439,12-10-24 上午01时00分00秒,17.867,,,,,,,,,,,,,,,,
,,,,,3440,12-10-24 上午01时20分00秒,15.557,,,,,,,,,,,,,,,,
,,,,,3441,12-10-24 上午01时40分00秒,15.366,,,,,,,,,,,,,,,,
,,,,,3442,12-10-24 上午02时00分00秒,15.079,,,,,,,,,,,,,,,,
,,,,,3443,12-10-24 上午02时20分00秒,14.314,,,,,,,,,,,,,,,,
,,,,,3444,12-10-24 上午02时40分00秒,13.906,,,,,,,,,,,,,,,,
,,,,,3445,12-10-24 上午03时00分00秒,13.112,,,,,,,,,,,,,,,,
,,,,,3446,12-10-24 上午03时20分00秒,12.871,,,,,,,,,,,,,,,,
,,,,,3447,12-10-24 上午03时40分00秒,13.185,,,,,,,,,,,,,,,,
,,,,,3448,12-10-24 上午04时00分00秒,13.353,,,,,,,,,,,,,,,,
,,,,,3449,12-10-24 上午04时20分00秒,13.738,,,,,,,,,,,,,,,,
,,,,,3450,12-10-24 上午04时40分00秒,13.954,,,,,,,,,,,,,,,,
,,,,,3451,12-10-24 上午05时00分00秒,15.031,,,,,,,,,,,,,,,,
,,,,,3452,12-10-24 上午05时20分00秒,14.697,,,,,,,,,,,,,,,,
,,,,,3453,12-10-24 上午05时40分00秒,14.433,,,,,,,,,,,,,,,,
,,,,,3454,12-10-24 上午06时00分00秒,15.414,,,,,,,,,,,,,,,,
,,,,,3455,12-10-24 上午06时20分00秒,16.463,,,,,,,,,,,,,,,,
,,,,,3456,12-10-24 上午06时40分00秒,17.106,,,,,,,,,,,,,,,,
,,,,,3457,12-10-24 上午07时00分00秒,17.938,,,,,,,,,,,,,,,,
,,,,,3458,12-10-24 上午07时20分00秒,19.008,,,,,,,,,,,,,,,,
,,,,,3459,12-10-24 上午07时40分00秒,18.461,,,,,,,,,,,,,,,,
,,,,,3460,12-10-24 上午08时00分00秒,20.055,,,,,,,,,,,,,,,,
,,,,,3461,12-10-24 上午08时20分00秒,20.341,,,,,,,,,,,,,,,,
,,,,,3462,12-10-24 上午08时40分00秒,20.365,,,,,,,,,,,,,,,,
,,,,,3463,12-10-24 上午09时00分00秒,22.465,,,,,,,,,,,,,,,,
,,,,,3464,12-10-24 上午09时20分00秒,22.298,,,,,,,,,,,,,,,,
,,,,,3465,12-10-24 上午09时40分00秒,22.226,,,,,,,,,,,,,,,,
,,,,,3466,12-10-24 上午10时00分00秒,23.881,,,,,,,,,,,,,,,,
,,,,,3467,12-10-24 上午10时20分00秒,24.726,,,,,,,,,,,,,,,,
,,,,,3468,12-10-24 上午10时40分00秒,24.726,,,,,,,,,,,,,,,,
,,,,,3469,12-10-24 上午11时00分00秒,25.065,,,,,,,,,,,,,,,,
,,,,,3470,12-10-24 上午11时20分00秒,26.012,,,,,,,,,,,,,,,,
,,,,,3471,12-10-24 上午11时40分00秒,25.963,,,,,,,,,,,,,,,,
,,,,,3472,12-10-24 下午12时00分00秒,26.989,,,,,,,,,,,,,,,,
,,,,,3473,12-10-24 下午12时20分00秒,26.793,,,,,,,,,,,,,,,,
,,,,,3474,12-10-24 下午12时40分00秒,26.769,,,,,,,,,,,,,,,,
,,,,,3475,12-10-24 下午01时00分00秒,27.235,,,,,,,,,,,,,,,,
,,,,,3476,12-10-24 下午01时20分00秒,27.407,,,,,,,,,,,,,,,,
,,,,,3477,12-10-24 下午01时40分00秒,27.431,,,,,,,,,,,,,,,,
,,,,,3478,12-10-24 下午02时00分00秒,27.579,,,,,,,,,,,,,,,,
,,,,,3479,12-10-24 下午02时20分00秒,28.147,,,,,,,,,,,,,,,,
,,,,,3480,12-10-24 下午02时40分00秒,27.998,,,,,,,,,,,,,,,,
,,,,,3481,12-10-24 下午03时00分00秒,27.702,,,,,,,,,,,,,,,,
,,,,,3482,12-10-24 下午03时20分00秒,27.875,,,,,,,,,,,,,,,,
,,,,,3483,12-10-24 下午03时40分00秒,27.653,,,,,,,,,,,,,,,,
,,,,,3484,12-10-24 下午04时00分00秒,27.653,,,,,,,,,,,,,,,,
,,,,,3485,12-10-24 下午04时20分00秒,27.235,,,,,,,,,,,,,,,,
,,,,,3486,12-10-24 下午04时40分00秒,27.308,,,,,,,,,,,,,,,,
,,,,,3487,12-10-24 下午05时00分00秒,26.769,,,,,,,,,,,,,,,,
,,,,,3488,12-10-24 下午05时20分00秒,26.793,,,,,,,,,,,,,,,,
,,,,,3489,12-10-24 下午05时40分00秒,26.989,,,,,,,,,,,,,,,,
,,,,,3490,12-10-24 下午06时00分00秒,25.866,,,,,,,,,,,,,,,,
,,,,,3491,12-10-24 下午06时20分00秒,26.402,,,,,,,,,,,,,,,,
,,,,,3492,12-10-24 下午06时40分00秒,26.451,,,,,,,,,,,,,,,,
,,,,,3493,12-10-24 下午07时00分00秒,25.963,,,,,,,,,,,,,,,,
,,,,,3494,12-10-24 下午07时20分00秒,25.38,,,,,,,,,,,,,,,,
,,,,,3495,12-10-24 下午07时40分00秒,25.21,,,,,,,,,,,,,,,,
,,,,,3496,12-10-24 下午08时00分00秒,24.098,,,,,,,,,,,,,,,,
,,,,,3497,12-10-24 下午08时20分00秒,24.677,,,,,,,,,,,,,,,,
,,,,,3498,12-10-24 下午08时40分00秒,24.171,,,,,,,,,,,,,,,,
,,,,,3499,12-10-24 下午09时00分00秒,22.896,,,,,,,,,,,,,,,,
,,,,,3500,12-10-24 下午09时20分00秒,22.992,,,,,,,,,,,,,,,,
,,,,,3501,12-10-24 下午09时40分00秒,23.088,,,,,,,,,,,,,,,,
,,,,,3502,12-10-24 下午10时00分00秒,22.321,,,,,,,,,,,,,,,,
,,,,,3503,12-10-24 下午10时20分00秒,20.531,,,,,,,,,,,,,,,,
,,,,,3504,12-10-24 下午10时40分00秒,20.531,,,,,,,,,,,,,,,,
,,,,,3505,12-10-24 下午11时00分00秒,20.841,,,,,,,,,,,,,,,,
,,,,,3506,12-10-24 下午11时20分00秒,19.888,,,,,,,,,,,,,,,,
,,,,,3507,12-10-24 下午11时40分00秒,19.651,,,,,,,,,,,,,,,,
,,,,,3508,12-10-25 上午12时00分00秒,19.722,,,,,,,,,,,,,,,,
,,,,,3509,12-10-25 上午12时20分00秒,17.701,,,,,,,,,,,,,,,,
,,,,,3510,12-10-25 上午12时40分00秒,17.819,,,,,,,,,,,,,,,,
,,,,,3511,12-10-25 上午01时00分00秒,17.938,,,,,,,,,,,,,,,,
,,,,,3512,12-10-25 上午01时20分00秒,15.509,,,,,,,,,,,,,,,,
,,,,,3513,12-10-25 上午01时40分00秒,15.461,,,,,,,,,,,,,,,,
,,,,,3514,12-10-25 上午02时00分00秒,14.816,,,,,,,,,,,,,,,,
,,,,,3515,12-10-25 上午02时20分00秒,14.266,,,,,,,,,,,,,,,,
,,,,,3516,12-10-25 上午02时40分00秒,14.218,,,,,,,,,,,,,,,,
,,,,,3517,12-10-25 上午03时00分00秒,13.137,,,,,,,,,,,,,,,,
,,,,,3518,12-10-25 上午03时20分00秒,12.823,,,,,,,,,,,,,,,,
,,,,,3519,12-10-25 上午03时40分00秒,13.112,,,,,,,,,,,,,,,,
,,,,,3520,12-10-25 上午04时00分00秒,13.185,,,,,,,,,,,,,,,,
,,,,,3521,12-10-25 上午04时20分00秒,13.858,,,,,,,,,,,,,,,,
,,,,,3522,12-10-25 上午04时40分00秒,13.858,,,,,,,,,,,,,,,,
,,,,,3523,12-10-25 上午05时00分00秒,13.738,,,,,,,,,,,,,,,,
,,,,,3524,12-10-25 上午05时20分00秒,14.649,,,,,,,,,,,,,,,,
,,,,,3525,12-10-25 上午05时40分00秒,14.29,,,,,,,,,,,,,,,,
,,,,,3526,12-10-25 上午06时00分00秒,15.963,,,,,,,,,,,,,,,,
,,,,,3527,12-10-25 上午06时20分00秒,16.153,,,,,,,,,,,,,,,,
,,,,,3528,12-10-25 上午06时40分00秒,15.557,,,,,,,,,,,,,,,,
,,,,,3529,12-10-25 上午07时00分00秒,18.01,,,,,,,,,,,,,,,,
,,,,,3530,12-10-25 上午07时20分00秒,18.509,,,,,,,,,,,,,,,,
,,,,,3531,12-10-25 上午07时40分00秒,18.224,,,,,,,,,,,,,,,,
,,,,,3532,12-10-25 上午08时00分00秒,19.746,,,,,,,,,,,,,,,,
,,,,,3533,12-10-25 上午08时20分00秒,20.341,,,,,,,,,,,,,,,,
,,,,,3534,12-10-25 上午08时40分00秒,20.317,,,,,,,,,,,,,,,,
,,,,,3535,12-10-25 上午09时00分00秒,22.321,,,,,,,,,,,,,,,,
,,,,,3536,12-10-25 上午09时20分00秒,22.393,,,,,,,,,,,,,,,,
,,,,,3537,12-10-25 上午09时40分00秒,22.25,,,,,,,,,,,,,,,,
,,,,,3538,12-10-25 上午10时00分00秒,24.219,,,,,,,,,,,,,,,,
,,,,,3539,12-10-25 上午10时20分00秒,24.581,,,,,,,,,,,,,,,,
,,,,,3540,12-10-25 上午10时40分00秒,24.291,,,,,,,,,,,,,,,,
,,,,,3541,12-10-25 上午11时00分00秒,26.207,,,,,,,,,,,,,,,,
,,,,,3542,12-10-25 上午11时20分00秒,26.378,,,,,,,,,,,,,,,,
,,,,,3543,12-10-25 上午11时40分00秒,25.817,,,,,,,,,,,,,,,,
,,,,,3544,12-10-25 下午12时00分00秒,25.793,,,,,,,,,,,,,,,,
,,,,,3545,12-10-25 下午12时20分00秒,26.695,,,,,,,,,,,,,,,,
,,,,,3546,12-10-25 下午12时40分00秒,26.524,,,,,,,,,,,,,,,,
,,,,,3547,12-10-25 下午01时00分00秒,26.916,,,,,,,,,,,,,,,,
,,,,,3548,12-10-25 下午01时20分00秒,27.899,,,,,,,,,,,,,,,,
,,,,,3549,12-10-25 下午01时40分00秒,27.284,,,,,,,,,,,,,,,,
,,,,,3550,12-10-25 下午02时00分00秒,27.136,,,,,,,,,,,,,,,,
,,,,,3551,12-10-25 下午02时20分00秒,27.974,,,,,,,,,,,,,,,,
,,,,,3552,12-10-25 下午02时40分00秒,27.801,,,,,,,,,,,,,,,,
,,,,,3553,12-10-25 下午03时00分00秒,27.604,,,,,,,,,,,,,,,,
,,,,,3554,12-10-25 下午03时20分00秒,27.998,,,,,,,,,,,,,,,,
,,,,,3555,12-10-25 下午03时40分00秒,28.147,,,,,,,,,,,,,,,,
,,,,,3556,12-10-25 下午04时00分00秒,27.161,,,,,,,,,,,,,,,,
,,,,,3557,12-10-25 下午04时20分00秒,27.431,,,,,,,,,,,,,,,,
,,,,,3558,12-10-25 下午04时40分00秒,27.161,,,,,,,,,,,,,,,,
,,,,,3559,12-10-25 下午05时00分00秒,26.475,,,,,,,,,,,,,,,,
,,,,,3560,12-10-25 下午05时20分00秒,27.161,,,,,,,,,,,,,,,,
,,,,,3561,12-10-25 下午05时40分00秒,26.793,,,,,,,,,,,,,,,,
,,,,,3562,12-10-25 下午06时00分00秒,26.158,,,,,,,,,,,,,,,,
,,,,,3563,12-10-25 下午06时20分00秒,26.378,,,,,,,,,,,,,,,,
,,,,,3564,12-10-25 下午06时40分00秒,25.987,,,,,,,,,,,,,,,,
,,,,,3565,12-10-25 下午07时00分00秒,25.501,,,,,,,,,,,,,,,,
,,,,,3566,12-10-25 下午07时20分00秒,25.55,,,,,,,,,,,,,,,,
,,,,,3567,12-10-25 下午07时40分00秒,25.428,,,,,,,,,,,,,,,,
,,,,,3568,12-10-25 下午08时00分00秒,24.75,,,,,,,,,,,,,,,,
,,,,,3569,12-10-25 下午08时20分00秒,24.339,,,,,,,,,,,,,,,,
,,,,,3570,12-10-25 下午08时40分00秒,24.339,,,,,,,,,,,,,,,,
,,,,,3571,12-10-25 下午09时00分00秒,23.376,,,,,,,,,,,,,,,,
,,,,,3572,12-10-25 下午09时20分00秒,23.352,,,,,,,,,,,,,,,,
,,,,,3573,12-10-25 下午09时40分00秒,24.823,,,,,,,,,,,,,,,,
,,,,,3574,12-10-25 下午10时00分00秒,22.058,,,,,,,,,,,,,,,,
,,,,,3575,12-10-25 下午10时20分00秒,21.079,,,,,,,,,,,,,,,,
,,,,,3576,12-10-25 下午10时40分00秒,20.317,,,,,,,,,,,,,,,,
,,,,,3577,12-10-25 下午11时00分00秒,20.793,,,,,,,,,,,,,,,,
,,,,,3578,12-10-25 下午11时20分00秒,19.865,,,,,,,,,,,,,,,,
,,,,,3579,12-10-25 下午11时40分00秒,19.127,,,,,,,,,,,,,,,,
,,,,,3580,12-10-26 上午12时00分00秒,17.819,,,,,,,,,,,,,,,,
,,,,,3581,12-10-26 上午12时20分00秒,17.368,,,,,,,,,,,,,,,,
,,,,,3582,12-10-26 上午12时40分00秒,17.344,,,,,,,,,,,,,,,,
,,,,,3583,12-10-26 上午01时00分00秒,16.939,,,,,,,,,,,,,,,,
,,,,,3584,12-10-26 上午01时20分00秒,15.819,,,,,,,,,,,,,,,,
,,,,,3585,12-10-26 上午01时40分00秒,15.724,,,,,,,,,,,,,,,,
,,,,,3586,12-10-26 上午02时00分00秒,14.816,,,,,,,,,,,,,,,,
,,,,,3587,12-10-26 上午02时20分00秒,13.594,,,,,,,,,,,,,,,,
,,,,,3588,12-10-26 上午02时40分00秒,13.473,,,,,,,,,,,,,,,,
,,,,,3589,12-10-26 上午03时00分00秒,13.738,,,,,,,,,,,,,,,,
,,,,,3590,12-10-26 上午03时20分00秒,13.257,,,,,,,,,,,,,,,,
,,,,,3591,12-10-26 上午03时40分00秒,13.257,,,,,,,,,,,,,,,,
,,,,,3592,12-10-26 上午04时00分00秒,13.353,,,,,,,,,,,,,,,,
,,,,,3593,12-10-26 上午04时20分00秒,13.834,,,,,,,,,,,,,,,,
,,,,,3594,12-10-26 上午04时40分00秒,13.786,,,,,,,,,,,,,,,,
,,,,,3595,12-10-26 上午05时00分00秒,13.738,,,,,,,,,,,,,,,,
,,,,,3596,12-10-26 上午05时20分00秒,14.96,,,,,,,,,,,,,,,,
,,,,,3597,12-10-26 上午05时40分00秒,15.247,,,,,,,,,,,,,,,,
,,,,,3598,12-10-26 上午06时00分00秒,15.891,,,,,,,,,,,,,,,,
,,,,,3599,12-10-26 上午06时20分00秒,16.034,,,,,,,,,,,,,,,,
,,,,,3600,12-10-26 上午06时40分00秒,16.368,,,,,,,,,,,,,,,,
,,,,,3601,12-10-26 上午07时00分00秒,17.962,,,,,,,,,,,,,,,,
,,,,,3602,12-10-26 上午07时20分00秒,18.105,,,,,,,,,,,,,,,,
,,,,,3603,12-10-26 上午07时40分00秒,17.891,,,,,,,,,,,,,,,,
,,,,,3604,12-10-26 上午08时00分00秒,18.889,,,,,,,,,,,,,,,,
,,,,,3605,12-10-26 上午08时20分00秒,19.984,,,,,,,,,,,,,,,,
,,,,,3606,12-10-26 上午08时40分00秒,20.984,,,,,,,,,,,,,,,,
,,,,,3607,12-10-26 上午09时00分00秒,21.413,,,,,,,,,,,,,,,,
,,,,,3608,12-10-26 上午09时20分00秒,22.393,,,,,,,,,,,,,,,,
,,,,,3609,12-10-26 上午09时40分00秒,22.513,,,,,,,,,,,,,,,,
,,,,,3610,12-10-26 上午10时00分00秒,24.412,,,,,,,,,,,,,,,,
,,,,,3611,12-10-26 上午10时20分00秒,24.823,,,,,,,,,,,,,,,,
,,,,,3612,12-10-26 上午10时40分00秒,24.605,,,,,,,,,,,,,,,,
,,,,,3613,12-10-26 上午11时00分00秒,26.036,,,,,,,,,,,,,,,,
,,,,,3614,12-10-26 上午11时20分00秒,26.451,,,,,,,,,,,,,,,,
,,,,,3615,12-10-26 上午11时40分00秒,25.768,,,,,,,,,,,,,,,,
,,,,,3616,12-10-26 下午12时00分00秒,26.353,,,,,,,,,,,,,,,,
,,,,,3617,12-10-26 下午12时20分00秒,27.554,,,,,,,,,,,,,,,,
,,,,,3618,12-10-26 下午12时40分00秒,27.21,,,,,,,,,,,,,,,,
,,,,,3619,12-10-26 下午01时00分00秒,27.899,,,,,,,,,,,,,,,,
,,,,,3620,12-10-26 下午01时20分00秒,27.358,,,,,,,,,,,,,,,,
,,,,,3621,12-10-26 下午01时40分00秒,27.333,,,,,,,,,,,,,,,,
,,,,,3622,12-10-26 下午02时00分00秒,28.493,,,,,,,,,,,,,,,,
,,,,,3623,12-10-26 下午02时20分00秒,28.147,,,,,,,,,,,,,,,,
,,,,,3624,12-10-26 下午02时40分00秒,28.593,,,,,,,,,,,,,,,,
,,,,,3625,12-10-26 下午03时00分00秒,28.841,,,,,,,,,,,,,,,,
,,,,,3626,12-10-26 下午03时20分00秒,28.742,,,,,,,,,,,,,,,,
,,,,,3627,12-10-26 下午03时40分00秒,28.023,,,,,,,,,,,,,,,,
,,,,,3628,12-10-26 下午04时00分00秒,27.998,,,,,,,,,,,,,,,,
,,,,,3629,12-10-26 下午04时20分00秒,29.315,,,,,,,,,,,,,,,,
,,,,,3630,12-10-26 下午04时40分00秒,28.048,,,,,,,,,,,,,,,,
,,,,,3631,12-10-26 下午05时00分00秒,27.579,,,,,,,,,,,,,,,,
,,,,,3632,12-10-26 下午05时20分00秒,26.842,,,,,,,,,,,,,,,,
,,,,,3633,12-10-26 下午05时40分00秒,27.53,,,,,,,,,,,,,,,,
,,,,,3634,12-10-26 下午06时00分00秒,25.939,,,,,,,,,,,,,,,,
,,,,,3635,12-10-26 下午06时20分00秒,26.72,,,,,,,,,,,,,,,,
,,,,,3636,12-10-26 下午06时40分00秒,26.353,,,,,,,,,,,,,,,,
,,,,,3637,12-10-26 下午07时00分00秒,24.823,,,,,,,,,,,,,,,,
,,,,,3638,12-10-26 下午07时20分00秒,25.186,,,,,,,,,,,,,,,,
,,,,,3639,12-10-26 下午07时40分00秒,25.162,,,,,,,,,,,,,,,,
,,,,,3640,12-10-26 下午08时00分00秒,23.954,,,,,,,,,,,,,,,,
,,,,,3641,12-10-26 下午08时20分00秒,26.158,,,,,,,,,,,,,,,,
,,,,,3642,12-10-26 下午08时40分00秒,24.122,,,,,,,,,,,,,,,,
,,,,,3643,12-10-26 下午09时00分00秒,22.321,,,,,,,,,,,,,,,,
,,,,,3644,12-10-26 下午09时20分00秒,22.345,,,,,,,,,,,,,,,,
,,,,,3645,12-10-26 下午09时40分00秒,22.537,,,,,,,,,,,,,,,,
,,,,,3646,12-10-26 下午10时00分00秒,21.891,,,,,,,,,,,,,,,,
,,,,,3647,12-10-26 下午10时20分00秒,20.031,,,,,,,,,,,,,,,,
,,,,,3648,12-10-26 下午10时40分00秒,20.698,,,,,,,,,,,,,,,,
,,,,,3649,12-10-26 下午11时00分00秒,21.079,,,,,,,,,,,,,,,,
,,,,,3650,12-10-26 下午11时20分00秒,19.056,,,,,,,,,,,,,,,,
,,,,,3651,12-10-26 下午11时40分00秒,18.937,,,,,,,,,,,,,,,,
,,,,,3652,12-10-27 上午12时00分00秒,21.413,,,,,,,,,,,,,,,,
,,,,,3653,12-10-27 上午12时20分00秒,17.486,,,,,,,,,,,,,,,,
,,,,,3654,12-10-27 上午12时40分00秒,16.963,,,,,,,,,,,,,,,,
,,,,,3655,12-10-27 上午01时00分00秒,16.177,,,,,,,,,,,,,,,,
,,,,,3656,12-10-27 上午01时20分00秒,15.891,,,,,,,,,,,,,,,,
,,,,,3657,12-10-27 上午01时40分00秒,15.461,,,,,,,,,,,,,,,,
,,,,,3658,12-10-27 上午02时00分00秒,15.199,,,,,,,,,,,,,,,,
,,,,,3659,12-10-27 上午02时20分00秒,13.978,,,,,,,,,,,,,,,,
,,,,,3660,12-10-27 上午02时40分00秒,13.642,,,,,,,,,,,,,,,,
,,,,,3661,12-10-27 上午03时00分00秒,13.714,,,,,,,,,,,,,,,,
,,,,,3662,12-10-27 上午03时20分00秒,12.823,,,,,,,,,,,,,,,,
,,,,,3663,12-10-27 上午03时40分00秒,12.992,,,,,,,,,,,,,,,,
,,,,,3664,12-10-27 上午04时00分00秒,13.329,,,,,,,,,,,,,,,,
,,,,,3665,12-10-27 上午04时20分00秒,13.642,,,,,,,,,,,,,,,,
,,,,,3666,12-10-27 上午04时40分00秒,13.594,,,,,,,,,,,,,,,,
,,,,,3667,12-10-27 上午05时00分00秒,14.266,,,,,,,,,,,,,,,,
,,,,,3668,12-10-27 上午05时20分00秒,14.816,,,,,,,,,,,,,,,,
,,,,,3669,12-10-27 上午05时40分00秒,15.533,,,,,,,,,,,,,,,,
,,,,,3670,12-10-27 上午06时00分00秒,15.557,,,,,,,,,,,,,,,,
,,,,,3671,12-10-27 上午06时20分00秒,15.509,,,,,,,,,,,,,,,,
,,,,,3672,12-10-27 上午06时40分00秒,16.439,,,,,,,,,,,,,,,,
,,,,,3673,12-10-27 上午07时00分00秒,17.938,,,,,,,,,,,,,,,,
,,,,,3674,12-10-27 上午07时20分00秒,18.509,,,,,,,,,,,,,,,,
,,,,,3675,12-10-27 上午07时40分00秒,18.033,,,,,,,,,,,,,,,,
,,,,,3676,12-10-27 上午08时00分00秒,19.389,,,,,,,,,,,,,,,,
,,,,,3677,12-10-27 上午08时20分00秒,20.079,,,,,,,,,,,,,,,,
,,,,,3678,12-10-27 上午08时40分00秒,20.507,,,,,,,,,,,,,,,,
,,,,,3679,12-10-27 上午09时00分00秒,21.557,,,,,,,,,,,,,,,,
,,,,,3680,12-10-27 上午09时20分00秒,22.25,,,,,,,,,,,,,,,,
,,,,,3681,12-10-27 上午09时40分00秒,22.417,,,,,,,,,,,,,,,,
,,,,,3682,12-10-27 上午10时00分00秒,23.713,,,,,,,,,,,,,,,,
,,,,,3683,12-10-27 上午10时20分00秒,24.484,,,,,,,,,,,,,,,,
,,,,,3684,12-10-27 上午10时40分00秒,24.267,,,,,,,,,,,,,,,,
,,,,,3685,12-10-27 上午11时00分00秒,26.158,,,,,,,,,,,,,,,,
,,,,,3686,12-10-27 上午11时20分00秒,26.304,,,,,,,,,,,,,,,,
,,,,,3687,12-10-27 上午11时40分00秒,25.963,,,,,,,,,,,,,,,,
,,,,,3688,12-10-27 下午12时00分00秒,27.161,,,,,,,,,,,,,,,,
,,,,,3689,12-10-27 下午12时20分00秒,27.21,,,,,,,,,,,,,,,,
,,,,,3690,12-10-27 下午12时40分00秒,26.769,,,,,,,,,,,,,,,,
,,,,,3691,12-10-27 下午01时00分00秒,27.702,,,,,,,,,,,,,,,,
,,,,,3692,12-10-27 下午01时20分00秒,27.407,,,,,,,,,,,,,,,,
,,,,,3693,12-10-27 下午01时40分00秒,26.329,,,,,,,,,,,,,,,,
,,,,,3694,12-10-27 下午02时00分00秒,27.161,,,,,,,,,,,,,,,,
,,,,,3695,12-10-27 下午02时20分00秒,28.147,,,,,,,,,,,,,,,,
,,,,,3696,12-10-27 下午02时40分00秒,27.653,,,,,,,,,,,,,,,,
,,,,,3697,12-10-27 下午03时00分00秒,27.949,,,,,,,,,,,,,,,,
,,,,,3698,12-10-27 下午03时20分00秒,28.717,,,,,,,,,,,,,,,,
,,,,,3699,12-10-27 下午03时40分00秒,28.32,,,,,,,,,,,,,,,,
,,,,,3700,12-10-27 下午04时00分00秒,26.891,,,,,,,,,,,,,,,,
,,,,,3701,12-10-27 下午04时20分00秒,27.333,,,,,,,,,,,,,,,,
,,,,,3702,12-10-27 下午04时40分00秒,27.407,,,,,,,,,,,,,,,,
,,,,,3703,12-10-27 下午05时00分00秒,26.549,,,,,,,,,,,,,,,,
,,,,,3704,12-10-27 下午05时20分00秒,26.72,,,,,,,,,,,,,,,,
,,,,,3705,12-10-27 下午05时40分00秒,26.916,,,,,,,,,,,,,,,,
,,,,,3706,12-10-27 下午06时00分00秒,25.55,,,,,,,,,,,,,,,,
,,,,,3707,12-10-27 下午06时20分00秒,26.549,,,,,,,,,,,,,,,,
,,,,,3708,12-10-27 下午06时40分00秒,25.89,,,,,,,,,,,,,,,,
,,,,,3709,12-10-27 下午07时00分00秒,25.55,,,,,,,,,,,,,,,,
,,,,,3710,12-10-27 下午07时20分00秒,25.307,,,,,,,,,,,,,,,,
,,,,,3711,12-10-27 下午07时40分00秒,25.234,,,,,,,,,,,,,,,,
,,,,,3712,12-10-27 下午08时00分00秒,24.653,,,,,,,,,,,,,,,,
,,,,,3713,12-10-27 下午08时20分00秒,24.219,,,,,,,,,,,,,,,,
,,,,,3714,12-10-27 下午08时40分00秒,24.122,,,,,,,,,,,,,,,,
,,,,,3715,12-10-27 下午09时00分00秒,23.93,,,,,,,,,,,,,,,,
,,,,,3716,12-10-27 下午09时20分00秒,23.521,,,,,,,,,,,,,,,,
,,,,,3717,12-10-27 下午09时40分00秒,22.896,,,,,,,,,,,,,,,,
,,,,,3718,12-10-27 下午10时00分00秒,21.223,,,,,,,,,,,,,,,,
,,,,,3719,12-10-27 下午10时20分00秒,20.889,,,,,,,,,,,,,,,,
,,,,,3720,12-10-27 下午10时40分00秒,20.555,,,,,,,,,,,,,,,,
,,,,,3721,12-10-27 下午11时00分00秒,19.508,,,,,,,,,,,,,,,,
,,,,,3722,12-10-27 下午11时20分00秒,20.031,,,,,,,,,,,,,,,,
,,,,,3723,12-10-27 下午11时40分00秒,20.103,,,,,,,,,,,,,,,,
,,,,,3724,12-10-28 上午12时00分00秒,18.152,,,,,,,,,,,,,,,,
,,,,,3725,12-10-28 上午12时20分00秒,17.558,,,,,,,,,,,,,,,,
,,,,,3726,12-10-28 上午12时40分00秒,17.748,,,,,,,,,,,,,,,,
,,,,,3727,12-10-28 上午01时00分00秒,17.962,,,,,,,,,,,,,,,,
,,,,,3728,12-10-28 上午01时20分00秒,15.533,,,,,,,,,,,,,,,,
,,,,,3729,12-10-28 上午01时40分00秒,15.438,,,,,,,,,,,,,,,,
,,,,,3730,12-10-28 上午02时00分00秒,15.199,,,,,,,,,,,,,,,,
,,,,,3731,12-10-28 上午02时20分00秒,13.858,,,,,,,,,,,,,,,,
,,,,,3732,12-10-28 上午02时40分00秒,14.218,,,,,,,,,,,,,,,,
,,,,,3733,12-10-28 上午03时00分00秒,13.04,,,,,,,,,,,,,,,,
,,,,,3734,12-10-28 上午03时20分00秒,13.112,,,,,,,,,,,,,,,,
,,,,,3735,12-10-28 上午03时40分00秒,13.305,,,,,,,,,,,,,,,,
,,,,,3736,12-10-28 上午04时00分00秒,13.954,,,,,,,,,,,,,,,,
,,,,,3737,12-10-28 上午04时20分00秒,13.834,,,,,,,,,,,,,,,,
,,,,,3738,12-10-28 上午04时40分00秒,14.146,,,,,,,,,,,,,,,,
,,,,,3739,12-10-28 上午05时00分00秒,14.266,,,,,,,,,,,,,,,,
,,,,,3740,12-10-28 上午05时20分00秒,15.103,,,,,,,,,,,,,,,,
,,,,,3741,12-10-28 上午05时40分00秒,15.055,,,,,,,,,,,,,,,,
,,,,,3742,12-10-28 上午06时00分00秒,16.749,,,,,,,,,,,,,,,,
,,,,,3743,12-10-28 上午06时20分00秒,16.32,,,,,,,,,,,,,,,,
,,,,,3744,12-10-28 上午06时40分00秒,16.272,,,,,,,,,,,,,,,,
,,,,,3745,12-10-28 上午07时00分00秒,18.366,,,,,,,,,,,,,,,,
,,,,,3746,12-10-28 上午07时20分00秒,18.747,,,,,,,,,,,,,,,,
,,,,,3747,12-10-28 上午07时40分00秒,18.319,,,,,,,,,,,,,,,,
,,,,,3748,12-10-28 上午08时00分00秒,19.555,,,,,,,,,,,,,,,,
,,,,,3749,12-10-28 上午08时20分00秒,20.103,,,,,,,,,,,,,,,,
,,,,,3750,12-10-28 上午08时40分00秒,20.341,,,,,,,,,,,,,,,,
,,,,,3751,12-10-28 上午09时00分00秒,21.7,,,,,,,,,,,,,,,,
,,,,,3752,12-10-28 上午09时20分00秒,22.298,,,,,,,,,,,,,,,,
,,,,,3753,12-10-28 上午09时40分00秒,22.393,,,,,,,,,,,,,,,,
,,,,,3754,12-10-28 上午10时00分00秒,23.978,,,,,,,,,,,,,,,,
,,,,,3755,12-10-28 上午10时20分00秒,24.75,,,,,,,,,,,,,,,,
,,,,,3756,12-10-28 上午10时40分00秒,24.46,,,,,,,,,,,,,,,,
,,,,,3757,12-10-28 上午11时00分00秒,26.304,,,,,,,,,,,,,,,,
,,,,,3758,12-10-28 上午11时20分00秒,26.256,,,,,,,,,,,,,,,,
,,,,,3759,12-10-28 上午11时40分00秒,26.304,,,,,,,,,,,,,,,,
,,,,,3760,12-10-28 下午12时00分00秒,27.358,,,,,,,,,,,,,,,,
,,,,,3761,12-10-28 下午12时20分00秒,26.402,,,,,,,,,,,,,,,,
,,,,,3762,12-10-28 下午12时40分00秒,26.842,,,,,,,,,,,,,,,,
,,,,,3763,12-10-28 下午01时00分00秒,26.622,,,,,,,,,,,,,,,,
,,,,,3764,12-10-28 下午01时20分00秒,28.023,,,,,,,,,,,,,,,,
,,,,,3765,12-10-28 下午01时40分00秒,27.431,,,,,,,,,,,,,,,,
,,,,,3766,12-10-28 下午02时00分00秒,27.949,,,,,,,,,,,,,,,,
,,,,,3767,12-10-28 下午02时20分00秒,28.717,,,,,,,,,,,,,,,,
,,,,,3768,12-10-28 下午02时40分00秒,28.369,,,,,,,,,,,,,,,,
,,,,,3769,12-10-28 下午03时00分00秒,27.85,,,,,,,,,,,,,,,,
,,,,,3770,12-10-28 下午03时20分00秒,28.097,,,,,,,,,,,,,,,,
,,,,,3771,12-10-28 下午03时40分00秒,28.493,,,,,,,,,,,,,,,,
,,,,,3772,12-10-28 下午04时00分00秒,27.677,,,,,,,,,,,,,,,,
,,,,,3773,12-10-28 下午04时20分00秒,27.407,,,,,,,,,,,,,,,,
,,,,,3774,12-10-28 下午04时40分00秒,27.456,,,,,,,,,,,,,,,,
,,,,,3775,12-10-28 下午05时00分00秒,27.333,,,,,,,,,,,,,,,,
,,,,,3776,12-10-28 下午05时20分00秒,27.161,,,,,,,,,,,,,,,,
,,,,,3777,12-10-28 下午05时40分00秒,26.72,,,,,,,,,,,,,,,,
,,,,,3778,12-10-28 下午06时00分00秒,26.061,,,,,,,,,,,,,,,,
,,,,,3779,12-10-28 下午06时20分00秒,26.695,,,,,,,,,,,,,,,,
,,,,,3780,12-10-28 下午06时40分00秒,26.426,,,,,,,,,,,,,,,,
,,,,,3781,12-10-28 下午07时00分00秒,25.283,,,,,,,,,,,,,,,,
,,,,,3782,12-10-28 下午07时20分00秒,25.671,,,,,,,,,,,,,,,,
,,,,,3783,12-10-28 下午07时40分00秒,25.331,,,,,,,,,,,,,,,,
,,,,,3784,12-10-28 下午08时00分00秒,24.098,,,,,,,,,,,,,,,,
,,,,,3785,12-10-28 下午08时20分00秒,24.605,,,,,,,,,,,,,,,,
,,,,,3786,12-10-28 下午08时40分00秒,24.436,,,,,,,,,,,,,,,,
,,,,,3787,12-10-28 下午09时00分00秒,23.954,,,,,,,,,,,,,,,,
,,,,,3788,12-10-28 下午09时20分00秒,23.833,,,,,,,,,,,,,,,,
,,,,,3789,12-10-28 下午09时40分00秒,23.737,,,,,,,,,,,,,,,,
,,,,,3790,12-10-28 下午10时00分00秒,21.175,,,,,,,,,,,,,,,,
,,,,,3791,12-10-28 下午10时20分00秒,21.032,,,,,,,,,,,,,,,,
,,,,,3792,12-10-28 下午10时40分00秒,20.055,,,,,,,,,,,,,,,,
,,,,,3793,12-10-28 下午11时00分00秒,20.555,,,,,,,,,,,,,,,,
,,,,,3794,12-10-28 下午11时20分00秒,20.222,,,,,,,,,,,,,,,,
,,,,,3795,12-10-28 下午11时40分00秒,19.175,,,,,,,,,,,,,,,,
,,,,,3796,12-10-29 上午12时00分00秒,18.105,,,,,,,,,,,,,,,,
,,,,,3797,12-10-29 上午12时20分00秒,17.463,,,,,,,,,,,,,,,,
,,,,,3798,12-10-29 上午12时40分00秒,17.843,,,,,,,,,,,,,,,,
,,,,,3799,12-10-29 上午01时00分00秒,16.963,,,,,,,,,,,,,,,,
,,,,,3800,12-10-29 上午01时20分00秒,15.986,,,,,,,,,,,,,,,,
,,,,,3801,12-10-29 上午01时40分00秒,15.509,,,,,,,,,,,,,,,,
,,,,,3802,12-10-29 上午02时00分00秒,14.242,,,,,,,,,,,,,,,,
,,,,,3803,12-10-29 上午02时20分00秒,14.002,,,,,,,,,,,,,,,,
,,,,,3804,12-10-29 上午02时40分00秒,14.05,,,,,,,,,,,,,,,,
,,,,,3805,12-10-29 上午03时00分00秒,13.954,,,,,,,,,,,,,,,,
,,,,,3806,12-10-29 上午03时20分00秒,13.353,,,,,,,,,,,,,,,,
,,,,,3807,12-10-29 上午03时40分00秒,13.353,,,,,,,,,,,,,,,,
,,,,,3808,12-10-29 上午04时00分00秒,13.401,,,,,,,,,,,,,,,,
,,,,,3809,12-10-29 上午04时20分00秒,13.473,,,,,,,,,,,,,,,,
,,,,,3810,12-10-29 上午04时40分00秒,13.546,,,,,,,,,,,,,,,,
,,,,,3811,12-10-29 上午05时00分00秒,14.888,,,,,,,,,,,,,,,,
,,,,,3812,12-10-29 上午05时20分00秒,15.605,,,,,,,,,,,,,,,,
,,,,,3813,12-10-29 上午05时40分00秒,15.031,,,,,,,,,,,,,,,,
,,,,,3814,12-10-29 上午06时00分00秒,15.748,,,,,,,,,,,,,,,,
,,,,,3815,12-10-29 上午06时20分00秒,16.558,,,,,,,,,,,,,,,,
,,,,,3816,12-10-29 上午06时40分00秒,16.487,,,,,,,,,,,,,,,,
,,,,,3817,12-10-29 上午07时00分00秒,18.129,,,,,,,,,,,,,,,,
,,,,,3818,12-10-29 上午07时20分00秒,18.961,,,,,,,,,,,,,,,,
,,,,,3819,12-10-29 上午07时40分00秒,18.937,,,,,,,,,,,,,,,,
,,,,,3820,12-10-29 上午08时00分00秒,19.365,,,,,,,,,,,,,,,,
,,,,,3821,12-10-29 上午08时20分00秒,20.269,,,,,,,,,,,,,,,,
,,,,,3822,12-10-29 上午08时40分00秒,20.484,,,,,,,,,,,,,,,,
,,,,,3823,12-10-29 上午09时00分00秒,22.154,,,,,,,,,,,,,,,,
,,,,,3824,12-10-29 上午09时20分00秒,22.585,,,,,,,,,,,,,,,,
,,,,,3825,12-10-29 上午09时40分00秒,22.441,,,,,,,,,,,,,,,,
,,,,,3826,12-10-29 上午10时00分00秒,24.098,,,,,,,,,,,,,,,,
,,,,,3827,12-10-29 上午10时20分00秒,24.992,,,,,,,,,,,,,,,,