"","Hot_Cold","Treatment","UID","D1","D2","D3","D4","D5","D6","D7","D8","D9","D10","D11","D12","D13","D14","D15","D16","D17","D18","D19","D20","D21","D22","D23","D24","D25","D26","D27","D28","D29","D30","D31","D32","D33","D34","D35","D36","D37","D38","D39","D40"
"1","C","211","C_211_1",0,0,0,0,0,0,0,0,0,0,0,0,0,0,0,0,0,0,0,0,0,0,0,0,0,0,0,0,0,0,0,0,0,0,0,0,0,0,0,0
"2","C","211","C_211_2",0,0,0,0,0,0,0,3,3,2,5,3,1,4,2,2,1,2,4,2,1,2,1,0,1,0,0,0,0,0,0,0,0,0,0,0,0,0,0,0
"3","C","211","C_211_3",0,0,0,0,0,0,0,2,2,3,6,2,4,2,2,0,0,1,0,0,0,0,0,0,0,0,0,0,0,0,0,0,0,0,0,0,0,0,0,0
"4","C","211","C_211_4",0,0,0,0,0,0,0,0,4,0,1,4,1,2,1,1,1,0,0,2,0,0,0,0,0,0,0,0,0,0,0,0,0,0,0,0,0,0,0,0
"5","C","211","C_211_5",0,0,0,0,0,0,4,4,3,5,5,1,4,3,0,6,1,2,1,4,2,2,4,0,1,4,1,0,1,0,0,0,0,0,0,0,0,0,0,0
"6","C","211","C_211_6",0,0,0,0,0,0,0,3,4,1,3,3,0,4,0,3,0,0,0,0,0,0,0,0,0,0,0,0,0,0,0,0,0,0,0,0,0,0,0,0
"7","C","211","C_211_7",0,0,0,0,0,0,9,4,4,3,7,1,4,4,3,0,2,1,0,0,0,0,0,0,0,0,0,0,0,0,0,0,0,0,0,0,0,0,0,0
"8","C","211","C_211_8",0,0,0,0,0,0,0,0,0,0,0,0,0,0,0,0,0,0,0,0,0,0,0,0,0,0,0,0,0,0,0,0,0,0,0,0,0,0,0,0
"9","C","211","C_211_9",0,0,0,0,0,0,0,6,5,1,6,7,1,4,2,4,0,0,0,3,0,2,3,2,0,0,0,3,0,0,0,0,0,0,0,0,0,0,0,0
"10","C","211","C_211_10",0,0,0,0,0,0,0,3,2,4,6,0,4,1,4,1,3,3,2,0,0,0,0,0,0,0,0,0,0,0,0,0,0,0,0,0,0,0,0,0
"11","C","211","C_211_11",0,0,0,0,0,0,2,5,1,6,4,0,5,1,1,0,1,2,1,0,0,0,0,0,0,0,0,0,0,0,0,0,0,0,0,0,0,0,0,0
"12","C","211","C_211_12",0,0,0,0,0,0,2,4,4,3,7,2,5,3,3,0,0,0,0,0,0,0,0,0,0,0,0,0,0,0,0,0,0,0,0,0,0,0,0,0
"13","C","211","C_211_13",0,0,0,0,0,0,0,0,2,3,3,0,0,0,0,0,0,0,0,0,0,0,0,0,0,0,0,0,0,0,0,0,0,0,0,0,0,0,0,0
"14","C","211","C_211_14",0,0,0,0,0,0,0,2,1,3,5,0,3,1,2,0,3,0,1,0,0,0,0,0,0,0,0,0,0,0,0,0,0,0,0,0,0,0,0,0
"15","C","211","C_211_15",0,0,0,0,0,0,0,0,0,0,0,0,0,0,0,0,0,0,0,0,0,0,0,0,0,0,0,0,0,0,0,0,0,0,0,0,0,0,0,0
"16","C","211","C_211_16",0,0,0,0,0,0,0,1,3,1,4,1,3,1,0,0,0,0,0,0,0,0,0,0,0,0,0,0,0,0,0,0,0,0,0,0,0,0,0,0
"17","C","211","C_211_17",0,0,0,0,0,0,0,1,2,2,5,0,1,0,0,0,0,0,0,0,0,0,0,0,0,0,0,0,0,0,0,0,0,0,0,0,0,0,0,0
"18","C","211","C_211_18",0,0,0,0,0,0,0,2,3,3,5,3,3,2,5,3,1,4,1,4,0,0,3,3,3,0,2,0,1,0,0,0,0,0,0,0,0,0,0,0
"19","C","211","C_211_19",0,0,0,0,0,0,0,0,0,0,0,0,0,0,0,0,0,0,0,0,0,0,0,0,0,0,0,0,0,0,0,0,0,0,0,0,0,0,0,0
"20","C","211","C_211_20",0,0,0,0,0,0,0,0,0,0,0,0,0,0,0,0,0,0,0,0,0,0,0,0,0,0,0,0,0,0,0,0,0,0,0,0,0,0,0,0
"21","C","211","C_211_21",0,0,0,0,0,0,11,5,3,5,8,0,6,5,3,4,1,1,3,0,1,0,0,0,0,0,0,0,0,0,0,0,0,0,0,0,0,0,0,0
"22","C","211","C_211_22",0,0,0,0,0,0,0,0,0,0,0,0,0,0,0,0,0,0,0,0,0,0,0,0,0,0,0,0,0,0,0,0,0,0,0,0,0,0,0,0
"23","C","211","C_211_23",0,0,0,0,0,0,0,0,4,3,1,7,0,2,3,0,5,4,2,5,2,0,0,0,0,0,0,0,0,0,0,0,0,0,0,0,0,0,0,0
"24","C","211","C_211_24",0,0,0,0,0,0,6,0,0,0,0,0,0,0,0,0,0,0,0,0,0,0,0,0,0,0,0,0,0,0,0,0,0,0,0,0,0,0,0,0
"25","C","211","C_211_25",0,0,0,0,0,0,0,2,4,2,5,9,2,3,3,4,1,2,0,0,0,0,0,0,0,0,0,0,0,0,0,0,0,0,0,0,0,0,0,0
"26","C","211","C_211_26",0,0,0,0,0,0,6,4,2,5,4,0,5,1,3,2,5,0,0,0,0,0,0,0,0,0,0,0,0,0,0,0,0,0,0,0,0,0,0,0
"27","C","211","C_211_27",0,0,0,0,0,0,0,0,0,0,0,0,0,0,0,0,0,0,0,0,0,0,0,0,0,0,0,0,0,0,0,0,0,0,0,0,0,0,0,0
"28","C","211","C_211_28",0,0,0,0,0,0,0,0,0,0,0,0,0,0,0,0,0,0,0,0,0,0,0,0,0,0,0,0,0,0,0,0,0,0,0,0,0,0,0,0
"29","C","211","C_211_29",0,0,0,0,0,0,0,0,0,0,0,0,0,0,0,0,0,0,0,0,0,0,0,0,0,0,0,0,0,0,0,0,0,0,0,0,0,0,0,0
"30","C","211","C_211_30",0,0,0,0,0,0,0,4,4,2,4,6,0,5,1,5,2,3,2,0,5,1,0,0,0,0,0,0,0,0,0,0,0,0,0,0,0,0,0,0
"31","C","211","C_211_31",0,0,0,0,0,0,8,4,2,4,5,1,3,2,2,0,0,0,0,0,0,0,0,0,0,0,0,0,0,0,0,0,0,0,0,0,0,0,0,0
"32","C","211","C_211_32",0,0,0,0,0,0,7,3,2,5,7,0,3,2,0,1,0,0,0,0,0,0,0,0,0,0,0,0,0,0,0,0,0,0,0,0,0,0,0,0
"33","C","211","C_211_33",0,0,0,0,0,0,0,3,0,4,3,0,3,0,0,0,0,0,0,0,0,0,0,0,0,0,0,0,0,0,0,0,0,0,0,0,0,0,0,0
"34","C","211","C_211_34",0,0,0,0,0,0,8,4,4,6,4,2,2,3,3,1,2,0,0,0,0,0,0,0,0,0,0,0,0,0,0,0,0,0,0,0,0,0,0,0
"35","C","211","C_211_35",0,0,0,0,0,0,4,3,1,2,6,2,1,2,4,0,2,0,0,0,0,0,0,0,0,0,0,0,0,0,0,0,0,0,0,0,0,0,0,0
"36","C","211","C_211_36",0,0,0,0,0,2,7,3,1,4,5,0,4,1,3,2,1,3,0,0,0,0,0,0,0,0,0,0,0,0,0,0,0,0,0,0,0,0,0,0
"37","C","312","C_312_1",0,0,0,0,0,0,0,0,0,0,0,0,0,0,0,0,0,0,0,0,0,0,0,0,0,0,0,0,0,0,0,0,0,0,0,0,0,0,0,0
"38","C","312","C_312_2",0,0,0,0,0,0,0,2,2,4,2,1,0,0,0,0,0,0,0,0,0,0,0,0,0,0,0,0,0,0,0,0,0,0,0,0,0,0,0,0
"39","C","312","C_312_3",0,0,0,0,0,0,0,0,0,0,0,0,0,0,0,0,0,0,0,0,0,0,0,0,0,0,0,0,0,0,0,0,0,0,0,0,0,0,0,0
"40","C","312","C_312_4",0,0,0,0,0,0,0,0,0,4,4,4,5,2,2,0,0,0,0,0,0,0,0,0,0,0,0,0,0,0,0,0,0,0,0,0,0,0,0,0
"41","C","312","C_312_5",0,0,0,0,0,0,0,2,6,3,5,4,0,2,0,0,0,0,0,0,0,0,0,0,0,0,0,0,0,0,0,0,0,0,0,0,0,0,0,0
"42","C","312","C_312_6",0,0,0,0,0,0,0,0,0,0,0,0,0,0,0,0,0,0,0,0,0,0,0,0,0,0,0,0,0,0,0,0,0,0,0,0,0,0,0,0
"43","C","312","C_312_7",0,0,0,0,0,0,0,0,4,3,4,4,2,4,3,0,2,0,0,0,0,0,0,0,0,0,0,0,0,0,0,0,0,0,0,0,0,0,0,0
"44","C","312","C_312_8",0,0,0,0,0,0,0,0,1,2,3,2,2,2,0,0,0,0,0,0,0,0,0,0,0,0,0,0,0,0,0,0,0,0,0,0,0,0,0,0
"45","C","312","C_312_9",0,0,0,0,0,0,0,0,1,3,4,4,3,2,0,0,0,0,0,0,0,0,0,0,0,0,0,0,0,0,0,0,0,0,0,0,0,0,0,0
"46","C","312","C_312_10",0,0,0,0,0,0,0,2,2,4,5,2,3,6,2,2,3,4,2,2,0,1,0,0,0,0,0,0,0,0,0,0,0,0,0,0,0,0,0,0
"47","C","312","C_312_11",0,0,0,0,0,0,0,0,0,0,0,0,0,0,0,0,0,0,0,0,0,0,0,0,0,0,0,0,0,0,0,0,0,0,0,0,0,0,0,0
"48","C","312","C_312_12",0,0,0,0,0,0,0,0,2,2,3,2,4,4,3,1,0,0,0,0,0,0,0,0,0,0,0,0,0,0,0,0,0,0,0,0,0,0,0,0
"49","C","312","C_312_13",0,0,0,0,0,0,0,2,5,2,6,4,4,3,4,3,0,1,2,0,0,0,0,0,0,0,0,0,0,0,0,0,0,0,0,0,0,0,0,0
"50","C","312","C_312_14",0,0,0,0,0,0,0,3,5,4,4,3,2,1,0,0,0,0,0,0,0,0,0,0,0,0,0,0,0,0,0,0,0,0,0,0,0,0,0,0
"51","C","312","C_312_15",0,0,0,0,0,0,0,1,5,2,5,4,2,3,3,2,2,3,0,2,1,0,0,0,0,0,0,0,0,0,0,0,0,0,0,0,0,0,0,0
"52","C","312","C_312_16",0,0,0,0,0,0,0,2,4,4,3,4,3,1,1,1,0,0,0,0,0,0,0,0,0,0,0,0,0,0,0,0,0,0,0,0,0,0,0,0
"53","C","312","C_312_17",0,0,0,0,0,0,0,2,4,2,1,2,1,0,0,0,0,0,0,0,0,0,0,0,0,0,0,0,0,0,0,0,0,0,0,0,0,0,0,0
"54","C","312","C_312_18",0,0,0,0,0,0,0,2,2,1,3,2,2,3,0,0,0,0,0,0,0,0,0,0,0,0,0,0,0,0,0,0,0,0,0,0,0,0,0,0
"55","C","312","C_312_19",0,0,0,0,0,0,0,0,2,2,4,4,2,4,5,1,3,5,2,3,1,0,0,0,0,0,0,0,0,0,0,0,0,0,0,0,0,0,0,0
"56","C","312","C_312_20",0,0,0,0,0,0,0,0,2,7,3,5,3,2,3,4,3,3,2,0,0,0,0,0,0,0,0,0,0,0,0,0,0,0,0,0,0,0,0,0
"57","C","312","C_312_21",0,0,0,0,0,0,0,0,0,9,4,4,4,0,0,0,0,0,0,0,0,0,0,0,0,0,0,0,0,0,0,0,0,0,0,0,0,0,0,0
"58","C","312","C_312_22",0,0,0,0,0,0,0,0,0,2,3,1,4,2,0,0,2,1,2,3,0,0,0,0,0,0,0,0,0,0,0,0,0,0,0,0,0,0,0,0
"59","C","312","C_312_23",0,0,0,0,0,0,0,0,2,2,4,4,5,2,4,3,2,2,0,0,0,0,0,0,0,0,0,0,0,0,0,0,0,0,0,0,0,0,0,0
"60","C","312","C_312_24",0,0,0,0,0,0,0,0,0,0,0,0,0,0,0,0,0,0,0,0,0,0,0,0,0,0,0,0,0,0,0,0,0,0,0,0,0,0,0,0
"61","C","312","C_312_25",0,0,0,0,0,0,0,0,0,0,0,4,3,0,2,4,1,2,1,0,0,0,0,0,0,0,0,0,0,0,0,0,0,0,0,0,0,0,0,0
"62","C","312","C_312_26",0,0,0,0,0,0,0,0,2,0,2,0,0,0,0,0,0,0,0,0,0,0,0,0,0,0,0,0,0,0,0,0,0,0,0,0,0,0,0,0
"63","C","312","C_312_27",0,0,0,0,0,0,0,0,0,0,2,2,2,1,1,0,0,0,0,0,0,0,0,0,0,0,0,0,0,0,0,0,0,0,0,0,0,0,0,0
"64","C","312","C_312_28",0,0,0,0,0,0,0,0,2,4,2,2,4,3,3,2,0,1,0,0,0,0,0,0,0,0,0,0,0,0,0,0,0,0,0,0,0,0,0,0
"65","C","312","C_312_29",0,0,0,0,0,0,0,0,0,1,3,4,0,2,1,3,1,2,2,2,0,0,0,0,0,0,0,0,0,0,0,0,0,0,0,0,0,0,0,0
"66","C","312","C_312_30",0,0,0,0,0,0,0,0,0,0,0,0,0,0,0,0,0,0,0,0,0,0,0,0,0,0,0,0,0,0,0,0,0,0,0,0,0,0,0,0
"67","C","312","C_312_31",0,0,0,0,0,0,0,0,2,4,2,3,0,0,0,0,0,0,0,0,0,0,0,0,0,0,0,0,0,0,0,0,0,0,0,0,0,0,0,0
"68","C","312","C_312_32",0,0,0,0,0,0,0,0,0,0,0,0,0,0,0,0,0,0,0,0,0,0,0,0,0,0,0,0,0,0,0,0,0,0,0,0,0,0,0,0
"69","C","312","C_312_33",0,0,0,0,0,0,0,0,0,0,0,1,0,3,1,1,3,0,0,0,0,0,0,0,0,0,0,0,0,0,0,0,0,0,0,0,0,0,0,0
"70","C","312","C_312_34",0,0,0,0,0,0,0,4,1,1,0,0,0,0,0,0,0,0,0,0,0,0,0,0,0,0,0,0,0,0,0,0,0,0,0,0,0,0,0,0
"71","C","312","C_312_35",0,0,0,0,0,0,0,4,3,3,4,3,4,6,3,1,0,0,0,0,0,0,0,0,0,0,0,0,0,0,0,0,0,0,0,0,0,0,0,0
"72","C","312","C_312_36",0,0,0,0,0,0,0,0,1,1,0,0,0,0,0,0,0,0,0,0,0,0,0,0,0,0,0,0,0,0,0,0,0,0,0,0,0,0,0,0
"73","C","321","C_321_1",0,0,0,0,0,0,0,0,0,0,0,0,0,0,0,0,0,0,0,0,0,0,0,0,0,0,0,0,0,0,0,0,0,0,0,0,0,0,0,0
"74","C","321","C_321_2",0,0,0,0,0,0,2,4,1,5,4,2,2,2,0,0,0,0,0,0,0,0,0,0,0,0,0,0,0,0,0,0,0,0,0,0,0,0,0,0
"75","C","321","C_321_3",0,0,0,0,0,0,4,6,4,0,7,0,5,3,0,4,3,3,2,3,3,0,0,0,0,0,0,0,0,0,0,0,0,0,0,0,0,0,0,0
"76","C","321","C_321_4",0,0,0,0,0,0,0,2,6,4,2,5,3,1,5,3,2,0,0,0,0,0,0,0,0,0,0,0,0,0,0,0,0,0,0,0,0,0,0,0
"77","C","321","C_321_5",0,0,0,0,0,0,0,6,4,5,5,5,0,0,0,0,0,0,0,0,0,0,0,0,0,0,0,0,0,0,0,0,0,0,0,0,0,0,0,0
"78","C","321","C_321_6",0,0,0,0,0,0,0,0,0,4,3,2,6,1,7,4,0,3,5,1,1,0,0,1,0,0,0,0,0,0,0,0,0,0,0,0,0,0,0,0
"79","C","321","C_321_7",0,0,0,0,0,0,0,3,4,4,1,3,2,1,2,3,2,1,2,0,4,1,0,2,0,0,0,0,0,0,0,0,0,0,0,0,0,0,0,0
"80","C","321","C_321_8",0,0,0,0,0,0,0,2,5,3,2,6,2,3,4,4,2,4,2,4,3,0,2,3,2,1,1,0,0,0,0,0,0,0,0,0,0,0,0,0
"81","C","321","C_321_9",0,0,0,0,0,0,4,5,3,5,5,2,3,4,1,3,3,3,0,0,0,0,0,0,0,0,0,0,0,0,0,0,0,0,0,0,0,0,0,0
"82","C","321","C_321_10",0,0,0,0,0,0,3,3,5,2,3,5,0,3,0,2,2,2,1,0,0,0,0,0,0,0,0,0,0,0,0,0,0,0,0,0,0,0,0,0
"83","C","321","C_321_11",0,0,0,0,0,0,0,0,0,0,0,0,0,0,0,0,0,0,0,0,0,0,0,0,0,0,0,0,0,0,0,0,0,0,0,0,0,0,0,0
"84","C","321","C_321_12",0,0,0,0,0,0,0,0,2,3,3,6,3,4,5,1,4,3,1,2,0,0,0,0,0,0,0,0,0,0,0,0,0,0,0,0,0,0,0,0
"85","C","321","C_321_13",0,0,0,0,0,0,0,1,0,2,0,0,0,0,0,0,0,0,0,0,0,0,0,0,0,0,0,0,0,0,0,0,0,0,0,0,0,0,0,0
"86","C","321","C_321_14",0,0,0,0,0,0,0,3,6,4,5,5,3,2,0,0,0,0,0,0,0,0,0,0,0,0,0,0,0,0,0,0,0,0,0,0,0,0,0,0
"87","C","321","C_321_15",0,0,0,0,0,0,0,0,0,1,0,0,0,0,0,0,0,0,0,0,0,0,0,0,0,0,0,0,0,0,0,0,0,0,0,0,0,0,0,0
"88","C","321","C_321_16",0,0,0,0,0,0,0,0,1,3,4,3,4,2,5,2,4,4,2,2,5,2,2,3,2,1,1,0,0,2,0,0,0,0,0,0,0,0,0,0
"89","C","321","C_321_17",0,0,0,0,0,0,0,0,0,0,0,0,0,0,0,0,0,0,0,0,0,0,0,0,0,0,0,0,0,0,0,0,0,0,0,0,0,0,0,0
"90","C","321","C_321_18",0,0,0,0,0,0,0,0,0,0,0,0,0,0,0,0,0,0,0,0,0,0,0,0,0,0,0,0,0,0,0,0,0,0,0,0,0,0,0,0
"91","C","321","C_321_19",0,0,0,0,0,0,2,5,3,2,5,1,1,3,0,0,1,0,0,0,0,0,0,0,0,0,0,0,0,0,0,0,0,0,0,0,0,0,0,0
"92","C","321","C_321_20",0,0,0,0,0,0,0,0,0,4,2,3,2,3,4,2,1,4,0,1,0,0,0,0,0,0,0,0,0,0,0,0,0,0,0,0,0,0,0,0
"93","C","321","C_321_21",0,0,0,0,0,0,0,0,2,1,2,0,0,0,0,0,0,0,0,0,0,0,0,0,0,0,0,0,0,0,0,0,0,0,0,0,0,0,0,0
"94","C","321","C_321_22",0,0,0,0,0,0,2,5,3,4,5,3,4,5,4,2,5,2,3,2,1,2,3,0,0,0,0,0,0,0,0,0,0,0,0,0,0,0,0,0
"95","C","321","C_321_23",0,0,0,0,0,0,0,0,2,4,4,2,3,7,2,4,4,3,2,3,1,2,1,0,1,0,0,0,0,0,0,0,0,0,0,0,0,0,0,0
"96","C","321","C_321_24",0,0,0,0,0,0,0,0,2,3,3,2,2,3,2,1,1,2,4,2,1,1,4,1,1,0,0,0,0,0,0,0,0,0,0,0,0,0,0,0
"97","C","321","C_321_25",0,0,0,0,0,0,0,2,4,3,4,2,2,5,3,0,5,2,3,1,3,2,1,3,0,0,3,3,1,0,0,0,0,0,0,0,0,0,0,0
"98","C","321","C_321_26",0,0,0,0,0,0,1,3,6,2,5,3,2,3,4,1,1,0,0,0,0,0,0,0,0,0,0,0,0,0,0,0,0,0,0,0,0,0,0,0
"99","C","321","C_321_27",0,0,0,0,0,0,1,3,4,2,5,4,5,1,3,0,4,1,0,0,0,0,0,0,0,0,0,0,0,0,0,0,0,0,0,0,0,0,0,0
"100","C","321","C_321_28",0,0,0,0,0,0,4,7,5,3,5,2,2,8,1,3,6,0,0,0,0,0,0,0,0,0,0,0,0,0,0,0,0,0,0,0,0,0,0,0
"101","C","321","C_321_29",0,0,0,0,0,0,0,0,2,4,4,4,5,4,3,2,3,1,1,0,0,0,0,0,0,0,0,0,0,0,0,0,0,0,0,0,0,0,0,0
"102","C","321","C_321_30",0,0,0,0,0,0,0,0,4,4,4,2,4,6,2,3,3,2,2,2,3,5,0,0,0,0,0,0,0,0,0,0,0,0,0,0,0,0,0,0
"103","C","321","C_321_31",0,0,0,0,0,0,0,0,0,0,0,0,0,0,0,0,0,0,0,0,0,0,0,0,0,0,0,0,0,0,0,0,0,0,0,0,0,0,0,0
"104","C","321","C_321_32",0,0,0,0,0,0,0,5,3,4,6,2,3,7,0,3,3,3,1,5,2,3,4,3,1,1,0,0,0,0,0,0,0,0,0,0,0,0,0,0
"105","C","321","C_321_33",0,0,0,0,0,0,0,0,2,2,4,3,1,5,2,3,5,3,2,2,0,0,0,0,0,0,0,0,0,0,0,0,0,0,0,0,0,0,0,0
"106","C","321","C_321_34",0,0,0,0,0,0,0,0,1,3,5,3,2,4,1,3,2,1,2,2,3,2,3,2,0,3,0,0,0,0,0,0,0,0,0,0,0,0,0,0
"107","C","321","C_321_35",0,0,0,0,0,0,0,4,3,1,4,6,2,5,4,3,2,5,3,1,3,3,4,0,1,0,1,0,0,0,0,0,0,0,0,0,0,0,0,0
"108","C","321","C_321_36",0,0,0,0,0,0,0,4,2,2,5,4,3,4,2,4,1,4,1,0,0,0,0,0,0,0,0,0,0,0,0,0,0,0,0,0,0,0,0,0
"109","C","413","C_413_1",0,0,0,0,0,0,0,0,0,0,0,0,0,0,0,0,0,0,0,0,0,0,0,0,0,0,0,0,0,0,0,0,0,0,0,0,0,0,0,0
"110","C","413","C_413_2",0,0,0,0,0,0,0,4,4,2,2,3,4,0,0,0,0,0,0,0,0,0,0,0,0,0,0,0,0,0,0,0,0,0,0,0,0,0,0,0
"111","C","413","C_413_3",0,0,0,0,0,0,0,0,0,0,3,3,2,4,2,5,0,3,0,0,0,0,0,0,0,0,0,0,0,0,0,0,0,0,0,0,0,0,0,0
"112","C","413","C_413_4",0,0,0,0,0,0,0,0,0,2,1,3,2,3,1,0,0,0,0,0,0,0,0,0,0,0,0,0,0,0,0,0,0,0,0,0,0,0,0,0
"113","C","413","C_413_5",0,0,0,0,0,0,0,0,0,4,3,1,2,2,0,0,0,0,0,0,0,0,0,0,0,0,0,0,0,0,0,0,0,0,0,0,0,0,0,0
"114","C","413","C_413_6",0,0,0,0,0,0,1,3,3,1,3,4,0,0,0,0,0,0,0,0,0,0,0,0,0,0,0,0,0,0,0,0,0,0,0,0,0,0,0,0
"115","C","413","C_413_7",0,0,0,0,0,0,6,2,3,5,2,2,6,4,0,0,0,0,0,0,0,0,0,0,0,0,0,0,0,0,0,0,0,0,0,0,0,0,0,0
"116","C","413","C_413_8",0,0,0,0,0,0,0,2,3,3,0,3,2,2,1,0,0,0,0,0,0,0,0,0,0,0,0,0,0,0,0,0,0,0,0,0,0,0,0,0
"117","C","413","C_413_9",0,0,0,0,0,0,0,0,0,0,0,0,0,0,0,0,0,0,0,0,0,0,0,0,0,0,0,0,0,0,0,0,0,0,0,0,0,0,0,0
"118","C","413","C_413_10",0,0,0,0,0,0,0,0,0,0,0,0,0,0,0,0,0,0,0,0,0,0,0,0,0,0,0,0,0,0,0,0,0,0,0,0,0,0,0,0
"119","C","413","C_413_11",0,0,0,0,0,0,3,3,2,2,2,2,2,0,0,0,0,0,0,0,0,0,0,0,0,0,0,0,0,0,0,0,0,0,0,0,0,0,0,0
"120","C","413","C_413_12",0,0,0,0,0,0,2,5,3,3,5,4,4,1,1,0,0,0,0,0,0,0,0,0,0,0,0,0,0,0,0,0,0,0,0,0,0,0,0,0
"121","C","413","C_413_13",0,0,0,0,0,0,4,2,2,1,3,0,0,0,0,0,0,0,0,0,0,0,0,0,0,0,0,0,0,0,0,0,0,0,0,0,0,0,0,0
"122","C","413","C_413_14",0,0,0,0,0,0,0,0,0,0,0,0,0,0,0,0,0,0,0,0,0,0,0,0,0,0,0,0,0,0,0,0,0,0,0,0,0,0,0,0
"123","C","413","C_413_15",0,0,0,0,0,0,0,0,0,0,4,2,3,1,0,0,0,0,0,0,0,0,0,0,0,0,0,0,0,0,0,0,0,0,0,0,0,0,0,0
"124","C","413","C_413_16",0,0,0,0,0,0,0,0,0,0,0,0,0,0,0,0,0,0,0,0,0,0,0,0,0,0,0,0,0,0,0,0,0,0,0,0,0,0,0,0
"125","C","413","C_413_17",0,0,0,0,0,0,0,0,0,4,4,2,4,6,0,0,0,0,0,0,0,0,0,0,0,0,0,0,0,0,0,0,0,0,0,0,0,0,0,0
"126","C","413","C_413_18",0,0,0,0,0,0,4,4,3,4,2,3,2,0,0,0,0,0,0,0,0,0,0,0,0,0,0,0,0,0,0,0,0,0,0,0,0,0,0,0
"127","C","413","C_413_19",0,0,0,0,0,0,2,3,3,4,4,3,2,0,0,0,0,0,0,0,0,0,0,0,0,0,0,0,0,0,0,0,0,0,0,0,0,0,0,0
"128","C","413","C_413_20",0,0,0,0,0,0,0,0,0,0,0,0,0,0,0,0,0,0,0,0,0,0,0,0,0,0,0,0,0,0,0,0,0,0,0,0,0,0,0,0
"129","C","413","C_413_21",0,0,0,0,0,0,0,0,0,2,2,2,2,2,3,0,2,0,0,0,1,1,1,1,0,0,0,0,0,0,0,0,0,0,0,0,0,0,0,0
"130","C","413","C_413_22",0,0,0,0,0,0,0,0,0,0,2,0,2,0,0,0,0,0,0,0,0,0,0,0,0,0,0,0,0,0,0,0,0,0,0,0,0,0,0,0
"131","C","413","C_413_23",0,0,0,0,0,0,0,0,0,0,1,4,1,2,3,1,0,0,0,0,0,0,0,0,0,0,0,0,0,0,0,0,0,0,0,0,0,0,0,0
"132","C","413","C_413_24",0,0,0,0,0,0,0,0,2,3,0,0,3,1,0,0,0,0,0,0,0,0,0,0,0,0,0,0,0,0,0,0,0,0,0,0,0,0,0,0
"133","C","413","C_413_25",0,0,0,0,0,0,0,0,0,3,3,2,2,1,0,0,0,0,0,0,0,0,0,0,0,0,0,0,0,0,0,0,0,0,0,0,0,0,0,0
"134","C","413","C_413_26",0,0,0,0,0,0,0,0,0,0,0,1,3,0,1,3,0,1,2,1,0,0,0,0,0,0,0,0,0,0,0,0,0,0,0,0,0,0,0,0
"135","C","413","C_413_27",0,0,0,0,0,0,0,0,0,0,0,0,0,0,0,0,0,0,0,0,0,0,0,0,0,0,0,0,0,0,0,0,0,0,0,0,0,0,0,0
"136","C","413","C_413_28",0,0,0,0,0,0,0,0,0,4,2,2,2,3,0,0,0,0,0,0,0,0,0,0,0,0,0,0,0,0,0,0,0,0,0,0,0,0,0,0
"137","C","413","C_413_29",0,0,0,0,0,0,0,0,0,0,0,0,0,0,0,0,0,0,0,0,0,0,0,0,0,0,0,0,0,0,0,0,0,0,0,0,0,0,0,0
"138","C","413","C_413_30",0,0,0,0,0,0,0,4,4,4,4,4,2,2,3,4,2,1,0,0,0,0,0,0,0,0,0,0,0,0,0,0,0,0,0,0,0,0,0,0
"139","C","413","C_413_31",0,0,0,0,0,0,0,0,0,0,0,0,0,0,0,0,0,0,0,0,0,0,0,0,0,0,0,0,0,0,0,0,0,0,0,0,0,0,0,0
"140","C","413","C_413_32",0,0,0,0,0,0,0,0,0,2,3,2,3,2,4,4,0,0,0,0,0,0,0,0,0,0,0,0,0,0,0,0,0,0,0,0,0,0,0,0
"141","C","413","C_413_33",0,0,0,0,0,0,0,0,0,0,0,0,0,0,0,0,0,0,0,0,0,0,0,0,0,0,0,0,0,0,0,0,0,0,0,0,0,0,0,0
"142","C","413","C_413_34",0,0,0,0,0,0,0,0,0,0,1,3,1,2,0,0,0,0,0,0,0,0,0,0,0,0,0,0,0,0,0,0,0,0,0,0,0,0,0,0
"143","C","413","C_413_35",0,0,0,0,0,0,0,0,0,0,4,4,4,3,2,2,0,0,0,0,0,0,0,0,0,0,0,0,0,0,0,0,0,0,0,0,0,0,0,0
"144","C","413","C_413_36",0,0,0,0,0,0,0,0,0,3,2,2,3,4,1,2,2,0,0,0,0,0,0,0,0,0,0,0,0,0,0,0,0,0,0,0,0,0,0,0
"145","C","422","C_422_1",0,0,0,0,0,0,0,0,0,0,0,0,0,0,0,0,0,0,0,0,0,0,0,0,0,0,0,0,0,0,0,0,0,0,0,0,0,0,0,0
"146","C","422","C_422_2",0,0,0,0,0,0,0,2,4,4,5,0,2,4,1,0,0,0,0,0,0,0,0,0,0,0,0,0,0,0,0,0,0,0,0,0,0,0,0,0
"147","C","422","C_422_3",0,0,0,0,0,0,0,4,4,6,0,0,0,0,0,0,0,0,0,0,0,0,0,0,0,0,0,0,0,0,0,0,0,0,0,0,0,0,0,0
"148","C","422","C_422_4",0,0,0,0,0,0,0,0,0,0,0,0,0,0,0,0,0,0,0,0,0,0,0,0,0,0,0,0,0,0,0,0,0,0,0,0,0,0,0,0
"149","C","422","C_422_5",0,0,0,0,0,1,6,4,3,3,4,1,1,3,3,1,0,0,0,0,0,0,0,0,0,0,0,0,0,0,0,0,0,0,0,0,0,0,0,0
"150","C","422","C_422_6",0,0,0,0,0,0,0,4,4,3,6,2,3,4,0,0,0,0,0,0,0,0,0,0,0,0,0,0,0,0,0,0,0,0,0,0,0,0,0,0
"151","C","422","C_422_7",0,0,0,0,0,0,0,0,0,0,0,0,0,0,0,0,0,0,0,0,0,0,0,0,0,0,0,0,0,0,0,0,0,0,0,0,0,0,0,0
"152","C","422","C_422_8",0,0,0,0,0,0,0,1,5,4,5,7,0,5,1,0,0,0,0,0,0,0,0,0,0,0,0,0,0,0,0,0,0,0,0,0,0,0,0,0
"153","C","422","C_422_9",0,0,0,0,0,0,2,2,4,1,5,2,2,4,4,3,2,4,2,1,1,4,3,2,0,1,2,1,1,0,0,0,0,0,0,0,0,0,0,0
"154","C","422","C_422_10",0,0,0,0,0,0,1,3,2,2,5,3,1,6,1,4,2,3,1,3,0,3,1,0,1,2,0,0,0,0,0,0,0,0,0,0,0,0,0,0
"155","C","422","C_422_11",0,0,0,0,0,0,0,0,0,0,0,0,0,0,0,0,0,0,0,0,0,0,0,0,0,0,0,0,0,0,0,0,0,0,0,0,0,0,0,0
"156","C","422","C_422_12",0,0,0,0,0,0,0,0,1,2,3,3,3,2,2,2,0,2,6,1,2,2,3,0,0,0,0,0,0,0,0,0,0,0,0,0,0,0,0,0
"157","C","422","C_422_13",0,0,0,0,0,0,0,0,0,0,0,0,0,0,0,0,0,0,0,0,0,0,0,0,0,0,0,0,0,0,0,0,0,0,0,0,0,0,0,0
"158","C","422","C_422_14",0,0,0,0,0,2,1,2,2,3,4,0,2,2,3,1,2,0,0,0,0,0,0,0,0,0,0,0,0,0,0,0,0,0,0,0,0,0,0,0
"159","C","422","C_422_15",0,0,0,0,0,0,0,0,0,0,0,0,0,0,0,0,0,0,0,0,0,0,0,0,0,0,0,0,0,0,0,0,0,0,0,0,0,0,0,0
"160","C","422","C_422_16",0,0,0,0,0,0,0,3,4,3,3,2,2,5,4,0,2,3,2,1,1,1,0,3,2,1,2,1,2,1,2,0,0,0,0,0,0,0,0,0
"161","C","422","C_422_17",0,0,0,0,0,0,0,4,4,4,4,3,2,4,4,2,2,4,2,1,1,0,0,0,0,0,0,0,0,0,0,0,0,0,0,0,0,0,0,0
"162","C","422","C_422_18",0,0,0,0,0,0,0,0,0,0,0,0,0,0,0,0,0,0,0,0,0,0,0,0,0,0,0,0,0,0,0,0,0,0,0,0,0,0,0,0
"163","C","422","C_422_19",0,0,0,0,0,0,0,0,0,0,0,0,0,0,0,0,0,0,0,0,0,0,0,0,0,0,0,0,0,0,0,0,0,0,0,0,0,0,0,0
"164","C","422","C_422_20",0,0,0,0,0,0,0,2,5,3,5,2,3,7,2,2,2,2,0,0,0,0,0,0,0,0,0,0,0,0,0,0,0,0,0,0,0,0,0,0
"165","C","422","C_422_21",0,0,0,0,0,0,0,0,0,0,4,2,2,2,2,1,3,1,3,1,1,1,0,2,5,1,1,0,0,0,0,0,0,0,0,0,0,0,0,0
"166","C","422","C_422_22",0,0,0,0,0,0,0,0,0,0,2,1,3,2,1,4,0,3,2,2,1,0,0,0,0,1,0,0,0,0,0,0,0,0,0,0,0,0,0,0
"167","C","422","C_422_23",0,0,0,0,0,0,0,0,0,0,0,0,0,0,0,0,0,0,0,0,0,0,0,0,0,0,0,0,0,0,0,0,0,0,0,0,0,0,0,0
"168","C","422","C_422_24",0,0,0,0,0,0,0,4,4,9,2,2,3,5,1,3,1,1,4,0,0,0,0,0,0,0,0,0,0,0,0,0,0,0,0,0,0,0,0,0
"169","C","422","C_422_25",0,0,0,0,0,0,2,1,5,2,4,4,2,1,1,3,2,3,3,1,3,2,0,0,0,0,0,0,0,0,0,0,0,0,0,0,0,0,0,0
"170","C","422","C_422_26",0,0,0,0,0,0,0,0,2,2,2,0,0,0,0,0,0,0,0,0,0,0,0,0,0,0,0,0,0,0,0,0,0,0,0,0,0,0,0,0
"171","C","422","C_422_27",0,0,0,0,0,0,0,2,4,2,3,2,2,1,0,0,0,0,0,0,0,0,0,0,0,0,0,0,0,0,0,0,0,0,0,0,0,0,0,0
"172","C","422","C_422_28",0,0,0,0,0,0,5,4,5,6,4,2,3,2,1,2,1,3,0,0,0,0,0,0,0,0,0,0,0,0,0,0,0,0,0,0,0,0,0,0
"173","C","422","C_422_29",0,0,0,0,0,0,0,0,2,2,2,1,2,0,0,0,0,0,0,0,0,0,0,0,0,0,0,0,0,0,0,0,0,0,0,0,0,0,0,0
"174","C","422","C_422_30",0,0,0,0,0,0,0,0,0,3,2,2,0,0,0,0,0,0,0,0,0,0,0,0,0,0,0,0,0,0,0,0,0,0,0,0,0,0,0,0
"175","C","422","C_422_31",0,0,0,0,0,0,1,5,2,2,3,3,3,4,0,1,0,0,0,0,0,0,0,0,0,0,0,0,0,0,0,0,0,0,0,0,0,0,0,0
"176","C","422","C_422_32",0,0,0,0,0,0,0,0,0,0,0,0,0,0,0,0,0,0,0,0,0,0,0,0,0,0,0,0,0,0,0,0,0,0,0,0,0,0,0,0
"177","C","422","C_422_33",0,0,0,0,0,0,0,0,0,0,0,0,0,0,0,0,0,0,0,0,0,0,0,0,0,0,0,0,0,0,0,0,0,0,0,0,0,0,0,0
"178","C","422","C_422_34",0,0,0,0,0,0,2,4,5,7,5,4,4,3,3,0,0,0,0,0,0,0,0,0,0,0,0,0,0,0,0,0,0,0,0,0,0,0,0,0
"179","C","422","C_422_35",0,0,0,0,0,0,0,0,1,0,3,3,0,1,4,1,3,1,2,0,0,0,0,0,0,0,0,0,0,0,0,0,0,0,0,0,0,0,0,0
"180","C","422","C_422_36",0,0,0,0,0,0,0,0,0,0,0,0,0,0,0,0,0,0,0,0,0,0,0,0,0,0,0,0,0,0,0,0,0,0,0,0,0,0,0,0
"181","C","431","C_431_1",0,0,0,0,0,0,0,0,3,4,3,3,4,3,4,1,4,2,3,1,2,3,2,0,3,0,2,1,3,0,0,0,2,0,0,0,0,0,0,0
"182","C","431","C_431_2",0,0,0,0,0,0,0,5,5,5,7,4,3,2,3,3,2,1,0,4,0,2,1,1,2,1,0,0,0,0,0,0,0,0,0,0,0,0,0,0
"183","C","431","C_431_3",0,0,0,0,0,0,0,4,2,2,3,2,2,3,3,1,2,1,0,0,0,0,0,0,0,0,0,0,0,0,0,0,0,0,0,0,0,0,0,0
"184","C","431","C_431_4",0,0,0,0,0,0,2,5,3,4,7,6,1,3,2,0,0,0,0,0,0,0,0,0,0,0,0,0,0,0,0,0,0,0,0,0,0,0,0,0
"185","C","431","C_431_5",0,0,0,0,0,0,0,0,0,0,0,0,0,0,0,0,0,0,0,0,0,0,0,0,0,0,0,0,0,0,0,0,0,0,0,0,0,0,0,0
"186","C","431","C_431_6",0,0,0,0,0,0,0,0,1,3,1,1,1,0,0,0,0,0,0,0,0,0,0,0,0,0,0,0,0,0,0,0,0,0,0,0,0,0,0,0
"187","C","431","C_431_7",0,0,0,0,0,0,0,0,0,2,5,2,1,2,4,2,0,0,2,1,2,1,0,0,0,0,0,0,0,0,0,0,0,0,0,0,0,0,0,0
"188","C","431","C_431_8",0,0,0,0,0,0,0,4,1,5,4,3,3,3,2,1,3,1,4,2,0,0,0,0,0,0,0,0,0,0,0,0,0,0,0,0,0,0,0,0
"189","C","431","C_431_9",0,0,0,0,0,0,3,5,5,5,5,5,3,4,4,0,6,5,2,3,0,3,2,0,4,2,0,0,1,1,0,2,0,0,0,0,0,0,0,0
"190","C","431","C_431_10",0,0,0,0,0,0,0,0,2,4,2,6,4,3,3,4,3,3,3,4,3,2,1,1,2,0,0,0,0,0,0,0,0,0,0,0,0,0,0,0
"191","C","431","C_431_11",0,0,0,0,0,0,0,4,4,6,6,5,5,3,3,5,3,1,2,3,3,3,1,3,1,4,1,1,0,0,0,0,0,0,0,0,0,0,0,0
"192","C","431","C_431_12",0,0,0,0,0,0,0,0,2,2,2,2,2,2,1,1,0,0,0,0,0,0,0,0,0,0,0,0,0,0,0,0,0,0,0,0,0,0,0,0
"193","C","431","C_431_13",0,0,0,0,0,0,0,4,3,3,4,3,2,3,5,2,3,2,1,4,1,2,1,0,0,0,0,0,0,0,0,0,0,0,0,0,0,0,0,0
"194","C","431","C_431_14",0,0,0,0,0,0,0,3,4,3,6,3,4,1,2,6,0,0,0,0,0,0,0,0,0,0,0,0,0,0,0,0,0,0,0,0,0,0,0,0
"195","C","431","C_431_15",0,0,0,0,0,0,0,0,0,3,3,2,3,2,2,3,1,1,0,0,0,0,0,0,0,0,0,0,0,0,0,0,0,0,0,0,0,0,0,0
"196","C","431","C_431_16",0,0,0,0,0,0,0,0,0,0,0,0,0,0,0,0,0,0,0,0,0,0,0,0,0,0,0,0,0,0,0,0,0,0,0,0,0,0,0,0
"197","C","431","C_431_17",0,0,0,0,0,0,0,3,3,4,3,4,5,5,1,2,2,2,3,1,1,4,4,1,0,0,2,1,0,2,0,1,0,0,0,0,0,0,0,0
"198","C","431","C_431_18",0,0,0,0,0,0,0,3,4,5,4,5,4,2,3,6,3,2,2,5,1,4,1,4,0,1,0,1,0,1,0,0,0,0,0,0,0,0,0,0
"199","C","431","C_431_19",0,0,0,0,0,0,0,4,4,4,6,3,3,4,0,3,1,2,4,0,4,2,1,2,0,2,0,2,0,0,0,0,0,0,0,0,0,0,0,0
"200","C","431","C_431_20",0,0,0,0,0,0,6,5,3,4,5,4,2,2,6,2,1,2,4,2,2,2,1,1,3,0,1,2,0,0,0,0,0,0,0,0,0,0,0,0
"201","C","431","C_431_21",0,0,0,0,0,0,0,4,2,4,4,5,2,3,4,3,2,3,3,4,3,3,3,2,1,2,3,0,1,0,0,0,0,0,0,0,0,0,0,0
"202","C","431","C_431_22",0,0,0,0,0,0,0,0,0,0,0,0,0,0,0,0,0,0,0,0,0,0,0,0,0,0,0,0,0,0,0,0,0,0,0,0,0,0,0,0
"203","C","431","C_431_23",0,0,0,0,0,0,0,0,3,4,1,4,2,3,1,2,0,0,0,0,0,0,0,0,0,0,0,0,0,0,0,0,0,0,0,0,0,0,0,0
"204","C","431","C_431_24",0,0,0,0,0,0,2,4,3,3,4,4,2,4,3,2,2,1,3,1,1,0,0,0,0,0,0,0,0,0,0,0,0,0,0,0,0,0,0,0
"205","C","431","C_431_25",0,0,0,0,0,0,0,0,0,0,0,0,0,0,0,0,0,0,0,0,0,0,0,0,0,0,0,0,0,0,0,0,0,0,0,0,0,0,0,0
"206","C","431","C_431_26",0,0,0,0,0,0,0,0,0,2,4,2,1,3,1,4,1,0,4,2,3,1,3,3,0,1,0,0,1,0,0,0,0,0,0,0,0,0,0,0
"207","C","431","C_431_27",0,0,0,0,0,0,0,4,4,2,4,3,1,0,0,0,0,0,0,0,0,0,0,0,0,0,0,0,0,0,0,0,0,0,0,0,0,0,0,0
"208","C","431","C_431_28",0,0,0,0,0,0,0,0,0,0,0,0,0,0,0,0,0,0,0,0,0,0,0,0,0,0,0,0,0,0,0,0,0,0,0,0,0,0,0,0
"209","C","431","C_431_29",0,0,0,0,0,0,0,0,2,4,4,5,3,4,8,5,3,4,1,3,2,5,1,6,3,1,1,0,0,0,0,0,0,0,0,0,0,0,0,0
"210","C","431","C_431_30",0,0,0,0,0,0,0,4,4,5,3,5,3,2,4,0,3,1,3,2,1,3,1,0,0,0,0,0,0,0,0,0,0,0,0,0,0,0,0,0
"211","C","431","C_431_31",0,0,0,0,0,0,0,0,0,0,3,4,1,4,3,2,2,3,3,0,2,4,1,2,0,1,1,4,0,0,0,0,0,0,0,0,0,0,0,0
"212","C","431","C_431_32",0,0,0,0,0,0,0,4,4,4,6,5,2,3,4,3,2,4,1,3,0,0,0,0,0,0,0,0,0,0,0,0,0,0,0,0,0,0,0,0
"213","C","431","C_431_33",0,0,0,0,0,0,0,0,0,5,5,4,1,4,3,4,3,0,4,2,3,1,1,1,0,0,0,1,0,0,0,0,0,0,0,0,0,0,0,0
"214","C","431","C_431_34",0,0,0,0,0,0,0,0,0,0,0,0,0,0,0,0,0,0,0,0,0,0,0,0,0,0,0,0,0,0,0,0,0,0,0,0,0,0,0,0
"215","C","431","C_431_35",0,0,0,0,0,0,0,0,2,2,4,2,3,3,1,2,2,0,0,0,0,0,0,0,0,0,0,0,0,0,0,0,0,0,0,0,0,0,0,0
"216","C","431","C_431_36",0,0,0,0,0,0,0,3,4,6,7,7,0,4,4,2,0,2,5,2,1,3,3,2,0,0,0,0,0,0,0,0,0,0,0,0,0,0,0,0
"217","C","514","C_514_1",0,0,0,0,0,0,0,0,0,0,0,0,0,0,0,0,0,0,0,0,0,0,0,0,0,0,0,0,0,0,0,0,0,0,0,0,0,0,0,0
"218","C","514","C_514_2",0,0,0,0,0,0,0,0,0,0,0,0,0,0,0,0,0,0,0,0,0,0,0,0,0,0,0,0,0,0,0,0,0,0,0,0,0,0,0,0
"219","C","514","C_514_3",0,0,0,0,0,0,0,0,0,0,0,0,0,0,0,0,0,0,0,0,0,0,0,0,0,0,0,0,0,0,0,0,0,0,0,0,0,0,0,0
"220","C","514","C_514_4",0,0,0,0,0,0,0,0,0,0,0,0,0,0,0,0,0,0,0,0,0,0,0,0,0,0,0,0,0,0,0,0,0,0,0,0,0,0,0,0
"221","C","514","C_514_5",0,0,0,0,0,0,0,2,6,3,3,4,5,3,0,3,1,0,0,0,0,0,0,0,0,0,0,0,0,0,0,0,0,0,0,0,0,0,0,0
"222","C","514","C_514_6",0,0,0,0,0,0,4,4,4,4,3,6,1,1,3,0,0,0,0,0,0,0,0,0,0,0,0,0,0,0,0,0,0,0,0,0,0,0,0,0
"223","C","514","C_514_7",0,0,0,0,0,0,0,4,2,0,1,0,0,0,0,0,0,0,0,0,0,0,0,0,0,0,0,0,0,0,0,0,0,0,0,0,0,0,0,0
"224","C","514","C_514_8",0,0,0,0,0,0,0,0,0,0,0,0,0,0,0,0,0,0,0,0,0,0,0,0,0,0,0,0,0,0,0,0,0,0,0,0,0,0,0,0
"225","C","514","C_514_9",0,0,0,0,0,0,0,0,0,2,0,1,0,0,0,0,0,0,0,0,0,0,0,0,0,0,0,0,0,0,0,0,0,0,0,0,0,0,0,0
"226","C","514","C_514_10",0,0,0,0,0,0,0,0,0,0,0,0,0,0,0,0,0,0,0,0,0,0,0,0,0,0,0,0,0,0,0,0,0,0,0,0,0,0,0,0
"227","C","514","C_514_11",0,0,0,0,0,0,0,0,0,3,3,2,2,0,0,0,0,0,0,0,0,0,0,0,0,0,0,0,0,0,0,0,0,0,0,0,0,0,0,0
"228","C","514","C_514_12",0,0,0,0,0,0,0,4,3,1,4,2,4,0,0,0,0,0,0,0,0,0,0,0,0,0,0,0,0,0,0,0,0,0,0,0,0,0,0,0
"229","C","514","C_514_13",0,0,0,0,0,0,0,0,0,2,2,2,2,0,0,0,0,0,0,0,0,0,0,0,0,0,0,0,0,0,0,0,0,0,0,0,0,0,0,0
"230","C","514","C_514_14",0,0,0,0,0,0,0,3,1,4,4,4,4,1,3,3,2,1,0,0,0,0,0,0,0,0,0,0,0,0,0,0,0,0,0,0,0,0,0,0
"231","C","514","C_514_15",0,0,0,0,0,0,0,2,4,2,4,1,3,1,0,0,0,0,0,0,0,0,0,0,0,0,0,0,0,0,0,0,0,0,0,0,0,0,0,0
"232","C","514","C_514_16",0,0,0,0,0,0,0,2,4,2,3,5,2,4,3,0,1,0,0,0,0,0,0,0,0,0,0,0,0,0,0,0,0,0,0,0,0,0,0,0
"233","C","514","C_514_17",0,0,0,0,0,0,0,0,0,0,0,0,0,0,0,0,0,0,0,0,0,0,0,0,0,0,0,0,0,0,0,0,0,0,0,0,0,0,0,0
"234","C","514","C_514_18",0,0,0,0,0,0,2,4,2,1,0,0,0,0,0,0,0,0,0,0,0,0,0,0,0,0,0,0,0,0,0,0,0,0,0,0,0,0,0,0
"235","C","514","C_514_19",0,0,0,0,0,0,0,0,0,0,0,0,0,0,0,0,0,0,0,0,0,0,0,0,0,0,0,0,0,0,0,0,0,0,0,0,0,0,0,0
"236","C","514","C_514_20",0,0,0,0,0,0,3,5,5,3,4,3,3,0,0,0,0,0,0,0,0,0,0,0,0,0,0,0,0,0,0,0,0,0,0,0,0,0,0,0
"237","C","514","C_514_21",0,0,0,0,0,0,2,3,4,2,3,0,0,0,0,0,0,0,0,0,0,0,0,0,0,0,0,0,0,0,0,0,0,0,0,0,0,0,0,0
"238","C","514","C_514_22",0,0,0,0,0,2,4,4,3,4,4,3,4,1,3,1,1,0,0,0,0,0,0,0,0,0,0,0,0,0,0,0,0,0,0,0,0,0,0,0
"239","C","514","C_514_23",0,0,0,0,0,0,0,0,0,0,2,0,0,0,0,0,0,0,0,0,0,0,0,0,0,0,0,0,0,0,0,0,0,0,0,0,0,0,0,0
"240","C","514","C_514_24",0,0,0,0,0,0,1,2,4,4,4,2,3,4,1,0,0,0,0,0,0,0,0,0,0,0,0,0,0,0,0,0,0,0,0,0,0,0,0,0
"241","C","514","C_514_25",0,0,0,0,0,0,0,0,0,0,0,2,3,1,0,2,1,0,0,1,0,0,0,0,0,0,0,0,0,0,0,0,0,0,0,0,0,0,0,0
"242","C","514","C_514_26",0,0,0,0,0,0,0,0,0,0,0,0,0,0,0,0,0,0,0,0,0,0,0,0,0,0,0,0,0,0,0,0,0,0,0,0,0,0,0,0
"243","C","514","C_514_27",0,0,0,0,0,0,0,0,0,0,2,2,4,2,2,1,4,0,1,0,0,0,0,0,0,0,0,0,0,0,0,0,0,0,0,0,0,0,0,0
"244","C","514","C_514_28",0,0,0,0,0,0,0,0,0,0,0,0,0,0,0,0,0,0,0,0,0,0,0,0,0,0,0,0,0,0,0,0,0,0,0,0,0,0,0,0
"245","C","514","C_514_29",0,0,0,0,0,0,0,0,2,2,4,4,3,2,0,0,0,0,0,0,0,0,0,0,0,0,0,0,0,0,0,0,0,0,0,0,0,0,0,0
"246","C","514","C_514_30",0,0,0,0,0,0,0,0,2,1,4,2,2,4,2,3,3,2,0,0,0,0,0,0,0,0,0,0,0,0,0,0,0,0,0,0,0,0,0,0
"247","C","514","C_514_31",0,0,0,0,0,0,1,5,2,3,3,5,1,2,1,0,0,0,0,0,0,0,0,0,0,0,0,0,0,0,0,0,0,0,0,0,0,0,0,0
"248","C","514","C_514_32",0,0,0,0,0,0,0,5,4,2,3,3,2,2,1,0,0,0,0,0,0,0,0,0,0,0,0,0,0,0,0,0,0,0,0,0,0,0,0,0
"249","C","514","C_514_33",0,0,0,0,0,0,0,0,0,0,0,0,0,0,0,0,0,0,0,0,0,0,0,0,0,0,0,0,0,0,0,0,0,0,0,0,0,0,0,0
"250","C","514","C_514_34",0,0,0,0,0,0,0,0,2,1,1,2,1,1,2,0,0,0,0,0,0,0,0,0,0,0,0,0,0,0,0,0,0,0,0,0,0,0,0,0
"251","C","514","C_514_35",0,0,0,0,0,0,0,0,0,0,0,0,0,0,0,0,0,0,0,0,0,0,0,0,0,0,0,0,0,0,0,0,0,0,0,0,0,0,0,0
"252","C","514","C_514_36",0,0,0,0,0,0,2,2,2,2,4,2,4,0,1,1,0,0,0,0,0,0,0,0,0,0,0,0,0,0,0,0,0,0,0,0,0,0,0,0
"253","C","523","C_523_1",0,0,0,0,0,0,0,2,4,3,3,4,4,2,2,4,3,4,3,1,1,2,3,0,0,0,0,0,0,0,0,0,0,0,0,0,0,0,0,0
"254","C","523","C_523_2",0,0,0,0,0,0,0,4,3,3,5,2,4,3,1,2,4,1,3,1,3,2,0,0,0,0,0,0,0,0,0,0,0,0,0,0,0,0,0,0
"255","C","523","C_523_3",0,0,0,0,0,0,0,0,0,0,0,0,0,0,0,0,0,0,0,0,0,0,0,0,0,0,0,0,0,0,0,0,0,0,0,0,0,0,0,0
"256","C","523","C_523_4",0,0,0,0,0,0,0,5,2,3,3,5,4,2,4,0,0,0,0,0,0,0,0,0,0,0,0,0,0,0,0,0,0,0,0,0,0,0,0,0
"257","C","523","C_523_5",0,0,0,0,0,0,0,0,0,2,0,0,0,0,0,0,0,0,0,0,0,0,0,0,0,0,0,0,0,0,0,0,0,0,0,0,0,0,0,0
"258","C","523","C_523_6",0,0,0,0,0,0,1,4,3,3,4,4,3,4,1,3,4,2,3,3,4,1,0,0,0,0,0,0,0,0,0,0,0,0,0,0,0,0,0,0
"259","C","523","C_523_7",0,0,0,0,0,0,2,3,3,2,3,3,2,0,0,0,0,0,0,0,0,0,0,0,0,0,0,0,0,0,0,0,0,0,0,0,0,0,0,0
"260","C","523","C_523_8",0,0,0,0,0,0,0,0,0,0,0,0,0,0,0,0,0,0,0,0,0,0,0,0,0,0,0,0,0,0,0,0,0,0,0,0,0,0,0,0
"261","C","523","C_523_9",0,0,0,0,0,0,0,0,2,4,3,5,1,7,0,0,0,0,0,0,0,0,0,0,0,0,0,0,0,0,0,0,0,0,0,0,0,0,0,0
"262","C","523","C_523_10",0,0,0,0,0,0,0,4,4,4,2,4,2,0,2,1,1,2,3,1,1,1,0,0,0,0,0,0,0,0,0,0,0,0,0,0,0,0,0,0
"263","C","523","C_523_11",0,0,0,0,0,0,0,0,2,2,2,2,4,1,2,0,0,0,0,0,0,0,0,0,0,0,0,0,0,0,0,0,0,0,0,0,0,0,0,0
"264","C","523","C_523_12",0,0,0,0,0,0,4,4,4,2,2,4,1,3,2,1,2,4,0,2,0,0,0,0,0,0,0,0,0,0,0,0,0,0,0,0,0,0,0,0
"265","C","523","C_523_13",0,0,0,0,0,0,2,2,2,2,1,2,1,2,2,0,1,0,0,0,0,0,0,0,0,0,0,0,0,0,0,0,0,0,0,0,0,0,0,0
"266","C","523","C_523_14",0,0,0,0,0,0,0,2,2,4,0,0,0,0,0,0,0,0,0,0,0,0,0,0,0,0,0,0,0,0,0,0,0,0,0,0,0,0,0,0
"267","C","523","C_523_15",0,0,0,0,0,0,0,0,4,3,1,5,5,4,2,2,0,0,0,0,0,0,0,0,0,0,0,0,0,0,0,0,0,0,0,0,0,0,0,0
"268","C","523","C_523_16",0,0,0,0,0,0,0,2,5,3,3,2,3,2,2,2,2,1,2,1,0,0,0,0,0,0,0,0,0,0,0,0,0,0,0,0,0,0,0,0
"269","C","523","C_523_17",0,0,0,0,0,0,0,3,2,2,2,5,3,3,3,2,2,4,3,0,0,0,0,0,0,0,0,0,0,0,0,0,0,0,0,0,0,0,0,0
"270","C","523","C_523_18",0,0,0,0,0,0,0,2,5,5,4,4,4,5,3,3,2,3,3,5,1,1,2,0,0,0,0,0,0,0,0,0,0,0,0,0,0,0,0,0
"271","C","523","C_523_19",0,0,0,0,0,0,0,0,0,2,2,5,2,1,2,2,2,0,1,0,0,0,0,0,0,0,0,0,0,0,0,0,0,0,0,0,0,0,0,0
"272","C","523","C_523_20",0,0,0,0,0,0,6,4,4,4,4,3,4,4,1,3,5,4,1,4,3,2,3,3,0,1,2,4,0,0,0,0,0,0,0,0,0,0,0,0
"273","C","523","C_523_21",0,0,0,0,0,0,0,0,0,0,0,0,0,0,0,0,0,0,0,0,0,0,0,0,0,0,0,0,0,0,0,0,0,0,0,0,0,0,0,0
"274","C","523","C_523_22",0,0,0,0,0,0,0,0,0,0,0,0,0,0,0,0,0,0,0,0,0,0,0,0,0,0,0,0,0,0,0,0,0,0,0,0,0,0,0,0
"275","C","523","C_523_23",0,0,0,0,0,0,5,4,6,3,4,6,4,4,4,1,0,0,0,0,0,0,0,0,0,0,0,0,0,0,0,0,0,0,0,0,0,0,0,0
"276","C","523","C_523_24",0,0,0,0,0,0,0,0,0,0,0,0,0,0,0,0,0,0,0,0,0,0,0,0,0,0,0,0,0,0,0,0,0,0,0,0,0,0,0,0
"277","C","523","C_523_25",0,0,0,0,0,0,0,0,2,2,4,3,2,1,0,0,0,0,0,0,0,0,0,0,0,0,0,0,0,0,0,0,0,0,0,0,0,0,0,0
"278","C","523","C_523_26",0,0,0,0,0,0,1,2,4,4,2,3,3,4,0,3,3,2,3,1,0,1,3,3,0,1,0,0,0,0,0,0,0,0,0,0,0,0,0,0
"279","C","523","C_523_27",0,0,0,0,0,0,0,0,2,2,4,4,4,2,4,2,6,2,0,0,0,0,0,0,0,0,0,0,0,0,0,0,0,0,0,0,0,0,0,0
"280","C","523","C_523_28",0,0,0,0,0,0,0,0,2,1,4,3,2,2,3,1,3,1,0,0,0,0,0,0,0,0,0,0,0,0,0,0,0,0,0,0,0,0,0,0
"281","C","523","C_523_29",0,0,0,0,0,0,0,2,5,4,4,4,6,3,3,4,2,3,6,0,3,0,2,2,0,1,0,2,0,0,0,0,0,0,0,0,0,0,0,0
"282","C","523","C_523_30",0,0,0,0,0,0,0,3,3,3,3,3,3,1,0,3,3,0,2,2,3,0,0,0,0,0,0,0,0,0,0,0,0,0,0,0,0,0,0,0
"283","C","523","C_523_31",0,0,0,0,0,0,0,2,3,3,2,5,3,4,1,4,3,5,3,1,1,5,3,0,0,0,0,0,0,0,0,0,0,0,0,0,0,0,0,0
"284","C","523","C_523_32",0,0,0,0,0,0,0,0,0,0,0,0,0,0,0,0,0,0,0,0,0,0,0,0,0,0,0,0,0,0,0,0,0,0,0,0,0,0,0,0
"285","C","523","C_523_33",0,0,0,0,0,0,0,0,0,0,0,0,0,0,0,0,0,0,0,0,0,0,0,0,0,0,0,0,0,0,0,0,0,0,0,0,0,0,0,0
"286","C","523","C_523_34",0,0,0,0,0,0,0,0,0,0,0,0,0,0,0,0,0,0,0,0,0,0,0,0,0,0,0,0,0,0,0,0,0,0,0,0,0,0,0,0
"287","C","523","C_523_35",0,0,0,0,0,0,0,0,2,2,4,2,4,4,2,3,2,3,3,2,2,2,3,2,1,1,1,2,0,2,0,0,0,0,0,0,0,0,0,0
"288","C","523","C_523_36",0,0,0,0,0,0,0,2,2,2,2,3,3,1,0,1,3,0,0,0,0,0,0,0,0,0,0,0,0,0,0,0,0,0,0,0,0,0,0,0
"289","C","532","C_532_1",0,0,0,0,0,0,0,4,6,2,6,4,4,6,0,0,0,0,0,0,0,0,0,0,0,0,0,0,0,0,0,0,0,0,0,0,0,0,0,0
"290","C","532","C_532_2",0,0,0,0,0,0,0,5,3,6,4,5,2,4,0,0,0,0,0,0,0,0,0,0,0,0,0,0,0,0,0,0,0,0,0,0,0,0,0,0
"291","C","532","C_532_3",0,0,0,0,0,0,0,0,0,0,0,0,0,0,0,0,0,0,0,0,0,0,0,0,0,0,0,0,0,0,0,0,0,0,0,0,0,0,0,0
"292","C","532","C_532_4",0,0,0,0,0,0,0,2,6,5,3,5,4,4,5,0,0,0,0,0,0,0,0,0,0,0,0,0,0,0,0,0,0,0,0,0,0,0,0,0
"293","C","532","C_532_5",0,0,0,0,0,0,8,7,5,7,5,3,0,0,0,0,0,0,0,0,0,0,0,0,0,0,0,0,0,0,0,0,0,0,0,0,0,0,0,0
"294","C","532","C_532_6",0,0,0,0,0,0,0,0,0,0,0,0,0,0,0,0,0,0,0,0,0,0,0,0,0,0,0,0,0,0,0,0,0,0,0,0,0,0,0,0
"295","C","532","C_532_7",0,0,0,0,0,0,2,6,6,0,0,0,0,0,0,0,0,0,0,0,0,0,0,0,0,0,0,0,0,0,0,0,0,0,0,0,0,0,0,0
"296","C","532","C_532_8",0,0,0,0,0,0,0,2,6,4,0,3,3,4,3,2,1,4,1,2,2,2,3,1,0,0,0,0,0,0,0,0,0,0,0,0,0,0,0,0
"297","C","532","C_532_9",0,0,0,0,0,0,0,3,4,1,3,2,3,2,0,0,0,0,0,0,0,0,0,0,0,0,0,0,0,0,0,0,0,0,0,0,0,0,0,0
"298","C","532","C_532_10",0,0,0,0,0,0,0,0,0,0,0,0,0,0,0,0,0,0,0,0,0,0,0,0,0,0,0,0,0,0,0,0,0,0,0,0,0,0,0,0
"299","C","532","C_532_11",0,0,0,0,0,0,0,2,4,4,1,4,6,3,3,2,3,2,1,4,0,4,1,0,4,3,2,0,2,1,1,0,0,0,0,0,0,0,0,0
"300","C","532","C_532_12",0,0,0,0,0,0,0,0,4,3,0,0,0,0,0,0,0,0,0,0,0,0,0,0,0,0,0,0,0,0,0,0,0,0,0,0,0,0,0,0
"301","C","532","C_532_13",0,0,0,0,0,0,0,0,3,0,0,0,0,0,0,0,0,0,0,0,0,0,0,0,0,0,0,0,0,0,0,0,0,0,0,0,0,0,0,0
"302","C","532","C_532_14",0,0,0,0,0,1,6,6,6,4,3,5,4,2,1,4,1,3,1,3,0,0,0,0,0,0,0,0,0,0,0,0,0,0,0,0,0,0,0,0
"303","C","532","C_532_15",0,0,0,0,0,0,0,0,0,4,1,1,5,4,3,3,2,2,3,2,4,2,0,2,0,0,0,0,0,0,0,0,0,0,0,0,0,0,0,0
"304","C","532","C_532_16",0,0,0,0,0,0,4,6,4,1,4,1,0,0,0,0,0,0,0,0,0,0,0,0,0,0,0,0,0,0,0,0,0,0,0,0,0,0,0,0
"305","C","532","C_532_17",0,0,0,0,0,0,3,5,5,1,1,4,3,1,0,0,0,0,0,0,0,0,0,0,0,0,0,0,0,0,0,0,0,0,0,0,0,0,0,0
"306","C","532","C_532_18",0,0,0,0,0,0,3,4,5,3,2,2,3,1,2,0,1,0,0,0,0,0,0,0,0,0,0,0,0,0,0,0,0,0,0,0,0,0,0,0
"307","C","532","C_532_19",0,0,0,0,0,0,0,0,0,0,0,0,0,0,0,0,0,0,0,0,0,0,0,0,0,0,0,0,0,0,0,0,0,0,0,0,0,0,0,0
"308","C","532","C_532_20",0,0,0,0,0,0,0,3,4,2,3,4,6,2,2,1,0,0,0,0,0,0,0,0,0,0,0,0,0,0,0,0,0,0,0,0,0,0,0,0
"309","C","532","C_532_21",0,0,0,0,0,0,0,1,1,2,4,3,4,3,3,2,3,3,2,3,3,2,3,1,2,4,1,2,0,1,0,0,0,0,0,0,0,0,0,0
"310","C","532","C_532_22",0,0,0,0,0,0,0,0,2,3,2,2,3,2,2,1,0,0,0,0,0,0,0,0,0,0,0,0,0,0,0,0,0,0,0,0,0,0,0,0
"311","C","532","C_532_23",0,0,0,0,0,0,0,4,2,2,2,4,0,1,3,0,0,0,0,0,0,0,0,0,0,0,0,0,0,0,0,0,0,0,0,0,0,0,0,0
"312","C","532","C_532_24",0,0,0,0,0,0,0,0,6,4,3,1,1,4,4,0,2,0,4,3,0,1,1,2,0,0,0,0,0,0,0,0,0,0,0,0,0,0,0,0
"313","C","532","C_532_25",0,0,0,0,0,0,0,0,2,1,2,0,1,0,0,0,0,0,0,0,0,0,0,0,0,0,0,0,0,0,0,0,0,0,0,0,0,0,0,0
"314","C","532","C_532_26",0,0,0,0,0,0,0,2,6,3,3,4,4,5,4,2,3,2,1,0,0,0,0,0,0,0,0,0,0,0,0,0,0,0,0,0,0,0,0,0
"315","C","532","C_532_27",0,0,0,0,0,0,0,0,2,3,2,3,5,1,2,1,2,2,1,0,0,1,2,0,0,0,0,0,0,0,0,0,0,0,0,0,0,0,0,0
"316","C","532","C_532_28",0,0,0,0,0,0,0,0,0,4,1,3,2,4,5,2,3,1,2,1,0,3,2,2,0,2,0,1,3,0,0,0,0,0,0,0,0,0,0,0
"317","C","532","C_532_29",0,0,0,0,0,0,0,6,4,3,3,2,4,0,0,0,0,0,0,0,0,0,0,0,0,0,0,0,0,0,0,0,0,0,0,0,0,0,0,0
"318","C","532","C_532_30",0,0,0,0,0,0,0,2,7,5,1,5,2,6,3,0,1,4,5,4,0,3,3,2,2,1,1,1,1,2,0,0,0,0,0,0,0,0,0,0
"319","C","532","C_532_31",0,0,0,0,0,0,0,0,0,0,0,0,0,0,0,0,0,0,0,0,0,0,0,0,0,0,0,0,0,0,0,0,0,0,0,0,0,0,0,0
"320","C","532","C_532_32",0,0,0,0,0,0,5,5,3,4,4,4,4,4,4,1,5,3,1,1,0,0,0,0,0,0,0,0,0,0,0,0,0,0,0,0,0,0,0,0
"321","C","532","C_532_33",0,0,0,0,0,0,1,3,6,4,4,4,4,4,3,3,3,2,4,2,4,0,1,0,0,0,0,0,0,0,0,0,0,0,0,0,0,0,0,0
"322","C","532","C_532_34",0,0,0,0,0,0,0,4,4,2,4,2,3,0,1,0,0,0,0,0,0,0,0,0,0,0,0,0,0,0,0,0,0,0,0,0,0,0,0,0
"323","C","532","C_532_35",0,0,0,0,0,0,2,6,4,4,4,5,5,2,2,3,4,0,2,0,0,0,0,0,0,0,0,0,0,0,0,0,0,0,0,0,0,0,0,0
"324","C","532","C_532_36",0,0,0,0,0,3,3,5,4,1,4,4,3,0,3,1,5,3,1,1,4,1,1,1,0,0,0,0,0,0,0,0,0,0,0,0,0,0,0,0
"325","C","541","C_541_1",0,0,0,0,0,0,0,0,0,0,0,0,0,0,0,0,0,0,0,0,0,0,0,0,0,0,0,0,0,0,0,0,0,0,0,0,0,0,0,0
"326","C","541","C_541_2",0,0,0,0,0,0,0,0,2,6,4,10,1,6,5,1,7,1,2,4,3,3,2,0,0,0,0,0,0,0,0,0,0,0,0,0,0,0,0,0
"327","C","541","C_541_3",0,0,0,0,0,0,0,2,6,4,6,5,3,4,2,1,4,2,3,3,2,0,1,2,0,0,0,0,0,0,0,0,0,0,0,0,0,0,0,0
"328","C","541","C_541_4",0,0,0,0,0,0,0,4,4,5,5,6,4,4,4,0,5,2,2,3,2,2,1,0,0,0,0,0,0,0,0,0,0,0,0,0,0,0,0,0
"329","C","541","C_541_5",0,0,0,0,0,0,0,0,0,0,0,0,0,0,0,0,0,0,0,0,0,0,0,0,0,0,0,0,0,0,0,0,0,0,0,0,0,0,0,0
"330","C","541","C_541_6",0,0,0,0,0,0,0,4,6,7,6,3,3,4,4,3,2,0,2,4,3,3,1,4,1,2,1,1,0,0,2,0,0,0,0,0,0,0,1,0
"331","C","541","C_541_7",0,0,0,0,0,0,0,4,6,2,4,4,4,3,1,0,0,0,0,0,0,0,0,0,0,0,0,0,0,0,0,0,0,0,0,0,0,0,0,0
"332","C","541","C_541_8",0,0,0,0,0,0,0,4,4,0,3,4,1,5,4,1,2,3,3,2,3,5,1,0,4,1,0,0,0,0,0,0,0,0,0,0,0,0,0,0
"333","C","541","C_541_9",0,0,0,0,0,0,0,0,2,4,2,1,0,1,1,2,1,2,1,0,0,0,0,0,0,0,0,0,0,0,0,0,0,0,0,0,0,0,0,0
"334","C","541","C_541_10",0,0,0,0,0,0,0,4,4,3,3,5,4,3,1,1,0,0,0,0,0,0,0,0,0,0,0,0,0,0,0,0,0,0,0,0,0,0,0,0
"335","C","541","C_541_11",0,0,0,0,0,0,0,0,4,2,2,2,3,2,0,0,0,0,0,0,0,0,0,0,0,0,0,0,0,0,0,0,0,0,0,0,0,0,0,0
"336","C","541","C_541_12",0,0,0,0,0,0,0,3,4,0,3,2,2,3,2,2,1,2,1,0,0,0,0,0,0,0,0,0,0,0,0,0,0,0,0,0,0,0,0,0
"337","C","541","C_541_13",0,0,0,0,0,0,0,0,0,0,0,0,0,0,0,0,0,0,0,0,0,0,0,0,0,0,0,0,0,0,0,0,0,0,0,0,0,0,0,0
"338","C","541","C_541_14",0,0,0,0,0,0,0,0,0,0,0,0,0,0,0,0,0,0,0,0,0,0,0,0,0,0,0,0,0,0,0,0,0,0,0,0,0,0,0,0
"339","C","541","C_541_15",0,0,0,0,0,0,0,0,0,0,0,0,0,0,0,0,0,0,0,0,0,0,0,0,0,0,0,0,0,0,0,0,0,0,0,0,0,0,0,0
"340","C","541","C_541_16",0,0,0,0,0,0,0,2,5,3,1,1,4,1,3,5,1,2,3,3,1,3,4,2,0,2,2,1,2,1,0,1,1,1,0,0,0,0,0,0
"341","C","541","C_541_17",0,0,0,0,0,0,0,0,0,0,0,0,0,0,0,0,0,0,0,0,0,0,0,0,0,0,0,0,0,0,0,0,0,0,0,0,0,0,0,0
"342","C","541","C_541_18",0,0,0,0,0,0,0,0,0,0,0,0,2,2,0,2,2,0,1,2,0,1,0,1,0,0,1,0,2,0,0,0,0,0,0,0,0,0,0,0
"343","C","541","C_541_19",0,0,0,0,0,0,0,0,3,3,2,4,2,3,1,2,1,0,1,1,2,1,1,0,0,0,0,0,0,0,0,0,0,0,0,0,0,0,0,0
"344","C","541","C_541_20",0,0,0,0,0,0,0,0,0,0,0,0,0,0,0,0,0,0,0,0,0,0,0,0,0,0,0,0,0,0,0,0,0,0,0,0,0,0,0,0
"345","C","541","C_541_21",0,0,0,0,0,2,3,2,3,4,1,0,0,0,0,0,0,0,0,0,0,0,0,0,0,0,0,0,0,0,0,0,0,0,0,0,0,0,0,0
"346","C","541","C_541_22",0,0,0,0,2,2,2,2,4,2,2,2,1,3,2,2,1,1,2,1,0,3,1,0,1,0,0,0,0,0,0,0,0,0,0,0,0,0,0,0
"347","C","541","C_541_23",0,0,0,0,0,0,4,3,3,2,2,2,4,3,0,3,0,0,0,0,0,0,0,0,0,0,0,0,0,0,0,0,0,0,0,0,0,0,0,0
"348","C","541","C_541_24",0,0,0,0,0,0,0,0,0,0,0,0,0,0,0,0,0,0,0,0,0,0,0,0,0,0,0,0,0,0,0,0,0,0,0,0,0,0,0,0
"349","C","541","C_541_25",0,0,0,0,0,0,0,4,4,4,3,3,3,3,2,5,1,2,1,1,0,0,0,0,0,0,0,0,0,0,0,0,0,0,0,0,0,0,0,0
"350","C","541","C_541_26",0,0,0,0,0,0,0,4,3,3,3,2,2,4,0,0,0,0,0,0,0,0,0,0,0,0,0,0,0,0,0,0,0,0,0,0,0,0,0,0
"351","C","541","C_541_27",0,0,0,0,0,0,0,2,5,1,6,4,4,2,4,3,4,2,0,0,0,0,0,0,0,0,0,0,0,0,0,0,0,0,0,0,0,0,0,0
"352","C","541","C_541_28",0,0,0,0,0,0,0,4,3,0,4,2,4,3,1,3,2,1,2,3,3,2,1,3,2,2,0,0,1,0,1,2,0,2,0,0,0,1,0,0
"353","C","541","C_541_29",0,0,0,0,0,0,0,0,0,0,0,0,0,0,0,0,0,0,0,0,0,0,0,0,0,0,0,0,0,0,0,0,0,0,0,0,0,0,0,0
"354","C","541","C_541_30",0,0,0,0,0,0,0,3,3,2,2,4,2,5,1,2,2,2,1,0,0,0,0,0,0,0,0,0,0,0,0,0,0,0,0,0,0,0,0,0
"355","C","541","C_541_31",0,0,0,0,0,0,0,0,2,3,3,6,3,5,4,2,5,1,4,2,4,2,0,3,2,3,1,1,5,2,0,1,0,0,0,0,1,0,0,0
"356","C","541","C_541_32",0,0,0,0,0,0,0,0,2,3,2,1,4,2,4,1,3,2,0,1,4,1,1,0,3,1,0,0,1,0,1,0,0,0,0,0,1,0,0,0
"357","C","541","C_541_33",0,0,0,0,0,0,0,4,3,3,6,4,5,2,1,0,0,0,0,0,0,0,0,0,0,0,0,0,0,0,0,0,0,0,0,0,0,0,0,0
"358","C","541","C_541_34",0,0,0,0,0,0,0,0,4,0,4,4,2,3,1,5,0,2,4,2,1,1,0,0,2,2,1,1,0,0,0,0,0,0,0,0,0,0,0,0
"359","C","541","C_541_35",0,0,0,0,0,0,0,0,2,3,2,5,2,6,4,2,6,3,3,1,1,2,0,1,0,0,0,0,0,0,0,0,0,0,0,0,0,0,0,0
"360","C","541","C_541_36",0,0,0,0,0,0,0,3,4,3,3,4,1,0,0,0,0,0,0,0,0,0,0,0,0,0,0,0,0,0,0,0,0,0,0,0,0,0,0,0
"361","C","615","C_615_1",0,0,0,0,0,0,0,0,0,0,0,0,0,0,0,0,0,0,0,0,0,0,0,0,0,0,0,0,0,0,0,0,0,0,0,0,0,0,0,0
"362","C","615","C_615_2",0,0,0,0,0,0,8,4,4,5,6,1,0,0,0,0,0,0,0,0,0,0,0,0,0,0,0,0,0,0,0,0,0,0,0,0,0,0,0,0
"363","C","615","C_615_3",0,0,0,0,0,0,0,0,0,0,0,0,0,0,0,0,0,0,0,0,0,0,0,0,0,0,0,0,0,0,0,0,0,0,0,0,0,0,0,0
"364","C","615","C_615_4",0,0,0,0,0,2,6,5,4,2,0,0,0,0,0,0,0,0,0,0,0,0,0,0,0,0,0,0,0,0,0,0,0,0,0,0,0,0,0,0
"365","C","615","C_615_5",0,0,0,0,0,0,0,7,3,1,4,6,0,4,2,2,2,2,0,3,1,1,0,0,0,0,0,0,0,0,0,0,0,0,0,0,0,0,0,0
"366","C","615","C_615_6",0,0,0,0,0,0,2,6,0,3,4,2,3,1,1,2,2,1,1,1,0,0,0,0,0,0,0,0,0,0,0,0,0,0,0,0,0,0,0,0
"367","C","615","C_615_7",0,0,0,0,0,0,0,0,2,0,0,0,0,0,0,0,0,0,0,0,0,0,0,0,0,0,0,0,0,0,0,0,0,0,0,0,0,0,0,0
"368","C","615","C_615_8",0,0,0,0,0,0,0,0,0,0,0,0,0,0,0,0,0,0,0,0,0,0,0,0,0,0,0,0,0,0,0,0,0,0,0,0,0,0,0,0
"369","C","615","C_615_9",0,0,0,0,0,0,0,0,0,0,0,0,0,0,0,0,0,0,0,0,0,0,0,0,0,0,0,0,0,0,0,0,0,0,0,0,0,0,0,0
"370","C","615","C_615_10",0,0,0,0,0,0,0,0,1,3,3,3,2,0,0,0,0,0,0,0,0,0,0,0,0,0,0,0,0,0,0,0,0,0,0,0,0,0,0,0
"371","C","615","C_615_11",0,0,0,0,0,0,4,3,1,2,4,0,2,1,0,0,0,0,0,0,0,0,0,0,0,0,0,0,0,0,0,0,0,0,0,0,0,0,0,0
"372","C","615","C_615_12",0,0,0,0,0,0,0,0,0,0,0,0,0,0,0,0,0,0,0,0,0,0,0,0,0,0,0,0,0,0,0,0,0,0,0,0,0,0,0,0
"373","C","615","C_615_13",0,0,0,0,0,0,8,4,3,4,0,0,0,0,0,0,0,0,0,0,0,0,0,0,0,0,0,0,0,0,0,0,0,0,0,0,0,0,0,0
"374","C","615","C_615_14",0,0,0,0,0,0,0,6,3,5,4,5,2,3,4,3,1,0,0,0,0,0,0,0,0,0,0,0,0,0,0,0,0,0,0,0,0,0,0,0
"375","C","615","C_615_15",0,0,0,0,0,0,2,3,2,1,0,0,0,0,0,0,0,0,0,0,0,0,0,0,0,0,0,0,0,0,0,0,0,0,0,0,0,0,0,0
"376","C","615","C_615_16",0,0,0,0,0,0,0,0,2,2,3,0,2,3,0,3,2,1,3,1,0,0,1,0,1,0,2,0,0,0,0,0,0,0,0,0,0,0,0,0
"377","C","615","C_615_17",0,0,0,0,0,0,0,1,1,2,4,0,3,2,1,2,0,0,0,0,0,0,0,0,0,0,0,0,0,0,0,0,0,0,0,0,0,0,0,0
"378","C","615","C_615_18",0,0,0,0,0,0,0,4,4,1,5,4,1,3,1,1,1,3,2,1,0,0,0,0,0,0,0,0,0,0,0,0,0,0,0,0,0,0,0,0
"379","C","615","C_615_19",0,0,0,0,0,0,0,0,0,0,0,0,0,0,0,0,0,0,0,0,0,0,0,0,0,0,0,0,0,0,0,0,0,0,0,0,0,0,0,0
"380","C","615","C_615_20",0,0,0,0,0,0,0,0,2,0,2,4,2,3,0,0,0,0,0,0,0,0,0,0,0,0,0,0,0,0,0,0,0,0,0,0,0,0,0,0
"381","C","615","C_615_21",0,0,0,0,0,0,0,3,4,1,3,6,1,2,2,2,0,0,0,0,0,0,0,0,0,0,0,0,0,0,0,0,0,0,0,0,0,0,0,0
"382","C","615","C_615_22",0,0,0,0,0,0,0,0,0,0,0,0,0,0,0,0,0,0,0,0,0,0,0,0,0,0,0,0,0,0,0,0,0,0,0,0,0,0,0,0
"383","C","615","C_615_23",0,0,0,0,0,0,0,0,0,0,0,0,0,0,0,0,0,0,0,0,0,0,0,0,0,0,0,0,0,0,0,0,0,0,0,0,0,0,0,0
"384","C","615","C_615_24",0,0,0,0,0,0,6,3,2,4,7,0,2,7,0,1,0,0,0,0,0,0,0,0,0,0,0,0,0,0,0,0,0,0,0,0,0,0,0,0
"385","C","615","C_615_25",0,0,0,0,0,0,0,0,0,0,0,0,0,0,0,0,0,0,0,0,0,0,0,0,0,0,0,0,0,0,0,0,0,0,0,0,0,0,0,0
"386","C","615","C_615_26",0,0,0,0,0,0,0,0,3,4,2,2,2,1,3,0,2,0,0,0,0,0,0,0,0,0,0,0,0,0,0,0,0,0,0,0,0,0,0,0
"387","C","615","C_615_27",0,0,0,0,0,0,5,3,0,0,0,0,0,0,0,0,0,0,0,0,0,0,0,0,0,0,0,0,0,0,0,0,0,0,0,0,0,0,0,0
"388","C","615","C_615_28",0,0,0,0,0,0,1,3,3,2,4,1,1,3,0,0,0,0,0,0,0,0,0,0,0,0,0,0,0,0,0,0,0,0,0,0,0,0,0,0
"389","C","615","C_615_29",0,0,0,0,0,0,0,0,3,3,2,1,0,0,0,0,0,0,0,0,0,0,0,0,0,0,0,0,0,0,0,0,0,0,0,0,0,0,0,0
"390","C","615","C_615_30",0,0,0,0,0,0,0,3,5,3,5,5,2,3,3,0,0,0,0,0,0,0,0,0,0,0,0,0,0,0,0,0,0,0,0,0,0,0,0,0
"391","C","615","C_615_31",0,0,0,0,0,0,0,0,3,1,3,0,0,0,0,0,0,0,0,0,0,0,0,0,0,0,0,0,0,0,0,0,0,0,0,0,0,0,0,0
"392","C","615","C_615_32",0,0,0,0,0,0,0,0,0,0,0,0,0,0,0,0,0,0,0,0,0,0,0,0,0,0,0,0,0,0,0,0,0,0,0,0,0,0,0,0
"393","C","615","C_615_33",0,0,0,0,0,0,0,3,5,2,2,6,0,3,4,1,2,1,2,0,0,0,0,0,0,0,0,0,0,0,0,0,0,0,0,0,0,0,0,0
"394","C","615","C_615_34",0,0,0,0,0,0,0,0,0,0,0,0,0,0,0,0,0,0,0,0,0,0,0,0,0,0,0,0,0,0,0,0,0,0,0,0,0,0,0,0
"395","C","615","C_615_35",0,0,0,0,0,0,0,0,0,0,0,0,0,0,0,0,0,0,0,0,0,0,0,0,0,0,0,0,0,0,0,0,0,0,0,0,0,0,0,0
"396","C","615","C_615_36",0,0,0,0,0,0,0,3,4,2,2,5,0,4,2,1,0,0,0,0,0,0,0,0,0,0,0,0,0,0,0,0,0,0,0,0,0,0,0,0
"397","C","624","C_624_1",0,0,0,0,0,0,0,0,0,0,0,0,0,0,0,0,0,0,0,0,0,0,0,0,0,0,0,0,0,0,0,0,0,0,0,0,0,0,0,0
"398","C","624","C_624_2",0,0,0,0,0,0,0,2,2,2,2,1,4,2,1,1,3,1,0,2,1,1,1,0,3,1,0,0,0,0,0,0,0,0,0,0,0,0,0,0
"399","C","624","C_624_3",0,0,0,0,0,1,4,4,5,3,3,0,0,0,0,0,0,0,0,0,0,0,0,0,0,0,0,0,0,0,0,0,0,0,0,0,0,0,0,0
"400","C","624","C_624_4",0,0,0,0,0,0,0,0,0,0,0,0,0,0,0,0,0,0,0,0,0,0,0,0,0,0,0,0,0,0,0,0,0,0,0,0,0,0,0,0
"401","C","624","C_624_5",0,0,0,0,0,0,0,0,0,0,0,0,0,0,0,0,0,0,0,0,0,0,0,0,0,0,0,0,0,0,0,0,0,0,0,0,0,0,0,0
"402","C","624","C_624_6",0,0,0,0,0,0,0,0,4,3,1,0,0,0,0,0,0,0,0,0,0,0,0,0,0,0,0,0,0,0,0,0,0,0,0,0,0,0,0,0
"403","C","624","C_624_7",0,0,0,0,0,0,0,0,0,0,0,0,0,0,0,0,0,0,0,0,0,0,0,0,0,0,0,0,0,0,0,0,0,0,0,0,0,0,0,0
"404","C","624","C_624_8",0,0,0,0,0,0,0,0,2,0,0,0,0,0,0,0,0,0,0,0,0,0,0,0,0,0,0,0,0,0,0,0,0,0,0,0,0,0,0,0
"405","C","624","C_624_9",0,0,0,0,0,0,0,0,0,0,0,0,0,0,0,0,0,0,0,0,0,0,0,0,0,0,0,0,0,0,0,0,0,0,0,0,0,0,0,0
"406","C","624","C_624_10",0,0,0,0,0,0,0,0,0,0,0,0,0,0,0,0,0,0,0,0,0,0,0,0,0,0,0,0,0,0,0,0,0,0,0,0,0,0,0,0
"407","C","624","C_624_11",0,0,0,0,0,0,0,0,2,4,2,2,4,2,4,4,2,3,2,0,4,0,0,0,0,0,0,0,0,0,0,0,0,0,0,0,0,0,0,0
"408","C","624","C_624_12",0,0,0,0,0,0,0,0,0,0,0,0,0,0,0,0,0,0,0,0,0,0,0,0,0,0,0,0,0,0,0,0,0,0,0,0,0,0,0,0
"409","C","624","C_624_13",0,0,0,0,0,0,0,0,0,0,0,0,0,0,0,0,0,0,0,0,0,0,0,0,0,0,0,0,0,0,0,0,0,0,0,0,0,0,0,0
"410","C","624","C_624_14",0,0,0,0,0,0,0,0,1,2,4,2,1,4,5,1,3,2,5,0,4,3,1,1,0,0,0,0,0,0,0,0,0,0,0,0,0,0,0,0
"411","C","624","C_624_15",0,0,0,0,0,0,0,0,0,0,0,0,0,0,0,0,0,0,0,0,0,0,0,0,0,0,0,0,0,0,0,0,0,0,0,0,0,0,0,0
"412","C","624","C_624_16",0,0,0,0,0,0,0,0,0,0,0,2,2,1,4,3,3,2,2,0,1,1,3,2,1,1,0,0,0,0,0,0,0,0,0,0,0,0,0,0
"413","C","624","C_624_17",0,0,0,0,0,0,0,0,0,0,0,0,0,0,0,0,0,0,0,0,0,0,0,0,0,0,0,0,0,0,0,0,0,0,0,0,0,0,0,0
"414","C","624","C_624_18",0,0,0,0,0,0,0,2,2,2,2,3,1,1,3,1,0,0,0,0,0,0,0,0,0,0,0,0,0,0,0,0,0,0,0,0,0,0,0,0
"415","C","624","C_624_19",0,0,0,0,0,0,0,0,0,4,5,3,3,1,5,2,2,3,2,2,4,1,2,0,0,0,0,0,0,0,0,0,0,0,0,0,0,0,0,0
"416","C","624","C_624_20",0,0,0,0,0,0,0,2,2,1,2,0,0,0,0,0,0,0,0,0,0,0,0,0,0,0,0,0,0,0,0,0,0,0,0,0,0,0,0,0
"417","C","624","C_624_21",0,0,0,0,0,0,0,0,0,0,0,0,0,0,0,0,0,0,0,0,0,0,0,0,0,0,0,0,0,0,0,0,0,0,0,0,0,0,0,0
"418","C","624","C_624_22",0,0,0,0,0,0,0,0,0,2,2,0,2,1,4,0,1,1,1,2,0,1,0,0,1,0,0,0,0,0,0,0,0,0,0,0,0,0,0,0
"419","C","624","C_624_23",0,0,0,0,0,0,0,0,2,6,3,3,5,1,2,0,0,0,0,0,0,0,0,0,0,0,0,0,0,0,0,0,0,0,0,0,0,0,0,0
"420","C","624","C_624_24",0,0,0,0,0,0,0,0,4,3,0,0,0,0,0,0,0,0,0,0,0,0,0,0,0,0,0,0,0,0,0,0,0,0,0,0,0,0,0,0
"421","C","624","C_624_25",0,0,0,0,0,0,0,2,6,3,3,6,0,0,0,0,0,0,0,0,0,0,0,0,0,0,0,0,0,0,0,0,0,0,0,0,0,0,0,0
"422","C","624","C_624_26",0,0,0,0,0,0,3,5,2,3,2,1,0,0,0,0,0,0,0,0,0,0,0,0,0,0,0,0,0,0,0,0,0,0,0,0,0,0,0,0
"423","C","624","C_624_27",0,0,0,0,0,0,0,0,0,0,0,0,0,0,0,0,0,0,0,0,0,0,0,0,0,0,0,0,0,0,0,0,0,0,0,0,0,0,0,0
"424","C","624","C_624_28",0,0,0,0,0,0,0,0,2,1,0,0,0,0,0,0,0,0,0,0,0,0,0,0,0,0,0,0,0,0,0,0,0,0,0,0,0,0,0,0
"425","C","624","C_624_29",0,0,0,0,0,0,0,0,0,0,0,0,0,0,0,0,0,0,0,0,0,0,0,0,0,0,0,0,0,0,0,0,0,0,0,0,0,0,0,0
"426","C","624","C_624_30",0,0,0,0,0,0,0,2,5,2,6,2,3,4,0,1,1,0,0,0,0,0,0,0,0,0,0,0,0,0,0,0,0,0,0,0,0,0,0,0
"427","C","624","C_624_31",0,0,0,0,0,0,0,4,5,4,2,4,4,4,5,1,3,0,1,3,1,0,0,0,0,0,0,0,0,0,0,0,0,0,0,0,0,0,0,0
"428","C","624","C_624_32",0,0,0,0,0,0,0,2,3,2,2,0,0,3,2,0,0,0,0,0,0,0,0,0,0,0,0,0,0,0,0,0,0,0,0,0,0,0,0,0
"429","C","624","C_624_33",0,0,0,0,0,0,0,0,0,0,0,0,0,0,0,0,0,0,0,0,0,0,0,0,0,0,0,0,0,0,0,0,0,0,0,0,0,0,0,0
"430","C","624","C_624_34",0,0,0,0,0,0,0,0,0,0,0,0,0,0,0,0,0,0,0,0,0,0,0,0,0,0,0,0,0,0,0,0,0,0,0,0,0,0,0,0
"431","C","624","C_624_35",0,0,0,0,0,0,0,2,6,3,5,4,2,4,2,2,2,1,1,0,0,0,0,0,0,0,0,0,0,0,0,0,0,0,0,0,0,0,0,0
"432","C","624","C_624_36",0,0,0,0,0,0,1,6,4,3,2,5,3,3,3,3,2,2,3,1,1,4,2,1,1,0,0,0,0,0,0,0,0,0,0,0,0,0,0,0
"433","C","633","C_633_1",0,0,0,0,0,0,0,2,6,4,3,3,4,3,5,4,3,2,1,0,0,0,0,0,0,0,0,0,0,0,0,0,0,0,0,0,0,0,0,0
"434","C","633","C_633_2",0,0,0,0,0,0,0,0,4,5,2,4,2,2,3,2,2,0,2,3,5,0,0,2,2,2,3,0,0,0,0,0,0,0,0,0,0,0,0,0
"435","C","633","C_633_3",0,0,0,0,0,0,0,3,3,3,3,1,1,0,0,0,0,0,0,0,0,0,0,0,0,0,0,0,0,0,0,0,0,0,0,0,0,0,0,0
"436","C","633","C_633_4",0,0,0,0,0,0,0,2,4,3,1,3,3,2,2,2,5,3,1,4,0,1,0,0,0,0,0,0,0,0,0,0,0,0,0,0,0,0,0,0
"437","C","633","C_633_5",0,0,0,0,0,0,0,0,0,0,0,0,0,0,0,0,0,0,0,0,0,0,0,0,0,0,0,0,0,0,0,0,0,0,0,0,0,0,0,0
"438","C","633","C_633_6",0,0,0,0,0,0,0,2,4,4,3,3,2,0,4,0,0,0,0,0,0,0,0,0,0,0,0,0,0,0,0,0,0,0,0,0,0,0,0,0
"439","C","633","C_633_7",0,0,0,0,0,0,2,2,4,2,2,4,3,3,3,2,4,0,0,0,0,0,0,0,0,0,0,0,0,0,0,0,0,0,0,0,0,0,0,0
"440","C","633","C_633_8",0,0,0,0,0,0,0,0,0,0,0,0,0,0,0,0,0,0,0,0,0,0,0,0,0,0,0,0,0,0,0,0,0,0,0,0,0,0,0,0
"441","C","633","C_633_9",0,0,0,0,0,0,0,0,0,0,0,0,0,0,0,0,0,0,0,0,0,0,0,0,0,0,0,0,0,0,0,0,0,0,0,0,0,0,0,0
"442","C","633","C_633_10",0,0,0,0,0,0,0,0,0,0,0,0,0,0,0,0,0,0,0,0,0,0,0,0,0,0,0,0,0,0,0,0,0,0,0,0,0,0,0,0
"443","C","633","C_633_11",0,0,0,0,0,0,0,0,0,0,0,0,0,0,0,0,0,0,0,0,0,0,0,0,0,0,0,0,0,0,0,0,0,0,0,0,0,0,0,0
"444","C","633","C_633_12",0,0,0,0,0,0,0,0,0,0,0,4,1,2,1,3,4,0,1,1,1,1,0,0,0,0,0,0,0,0,0,0,0,0,0,0,0,0,0,0
"445","C","633","C_633_13",0,0,0,0,0,0,0,0,6,4,4,5,2,2,2,6,2,0,0,0,0,0,0,0,0,0,0,0,0,0,0,0,0,0,0,0,0,0,0,0
"446","C","633","C_633_14",0,0,0,0,0,0,0,4,5,4,7,1,1,0,0,0,0,0,0,0,0,0,0,0,0,0,0,0,0,0,0,0,0,0,0,0,0,0,0,0
"447","C","633","C_633_15",0,0,0,0,0,0,0,0,2,4,4,2,2,1,3,4,3,1,0,0,0,0,0,0,0,0,0,0,0,0,0,0,0,0,0,0,0,0,0,0
"448","C","633","C_633_16",0,0,0,0,0,0,0,2,0,2,0,2,0,2,0,4,1,1,1,1,0,0,0,1,0,0,1,2,0,0,0,0,0,0,0,0,0,0,0,0
"449","C","633","C_633_17",0,0,0,0,0,0,0,4,4,4,2,2,3,1,0,0,0,0,0,0,0,0,0,0,0,0,0,0,0,0,0,0,0,0,0,0,0,0,0,0
"450","C","633","C_633_18",0,0,0,0,0,0,0,0,0,0,0,0,0,0,0,0,0,0,0,0,0,0,0,0,0,0,0,0,0,0,0,0,0,0,0,0,0,0,0,0
"451","C","633","C_633_19",0,0,0,0,0,0,0,0,0,0,0,0,0,0,0,0,0,0,0,0,0,0,0,0,0,0,0,0,0,0,0,0,0,0,0,0,0,0,0,0
"452","C","633","C_633_20",0,0,0,0,0,0,0,0,0,0,0,0,0,0,0,0,0,0,0,0,0,0,0,0,0,0,0,0,0,0,0,0,0,0,0,0,0,0,0,0
"453","C","633","C_633_21",0,0,0,0,0,0,0,4,4,4,3,4,3,6,1,4,1,0,2,1,0,0,0,0,0,0,0,0,0,0,0,0,0,0,0,0,0,0,0,0
"454","C","633","C_633_22",0,0,0,0,0,0,0,0,2,4,3,1,2,5,3,2,0,0,0,0,0,0,0,0,0,0,0,0,0,0,0,0,0,0,0,0,0,0,0,0
"455","C","633","C_633_23",0,0,0,0,0,0,0,0,2,3,2,4,1,4,0,0,0,0,0,0,0,0,0,0,0,0,0,0,0,0,0,0,0,0,0,0,0,0,0,0
"456","C","633","C_633_24",0,0,0,0,0,0,0,0,5,3,4,5,0,4,4,1,0,0,0,0,0,0,0,0,0,0,0,0,0,0,0,0,0,0,0,0,0,0,0,0
"457","C","633","C_633_25",0,0,0,0,0,0,0,0,4,4,3,2,2,2,2,3,1,0,0,2,0,0,0,0,0,0,0,0,0,0,0,0,0,0,0,0,0,0,0,0
"458","C","633","C_633_26",0,0,0,0,0,0,0,0,0,0,0,0,0,0,0,0,0,0,0,0,0,0,0,0,0,0,0,0,0,0,0,0,0,0,0,0,0,0,0,0
"459","C","633","C_633_27",0,0,0,0,0,0,0,0,0,0,0,0,0,0,0,0,0,0,0,0,0,0,0,0,0,0,0,0,0,0,0,0,0,0,0,0,0,0,0,0
"460","C","633","C_633_28",0,0,0,0,0,0,0,0,0,2,2,2,4,3,3,5,4,1,1,1,4,1,0,2,1,1,0,1,1,0,0,0,0,0,0,0,0,0,0,0
"461","C","633","C_633_29",0,0,0,0,0,0,0,0,0,0,0,0,0,0,0,0,0,0,0,0,0,0,0,0,0,0,0,0,0,0,0,0,0,0,0,0,0,0,0,0
"462","C","633","C_633_30",0,0,0,0,0,0,0,0,0,0,0,0,0,0,0,0,0,0,0,0,0,0,0,0,0,0,0,0,0,0,0,0,0,0,0,0,0,0,0,0
"463","C","633","C_633_31",0,0,0,0,0,0,0,0,0,0,0,0,0,0,0,0,0,0,0,0,0,0,0,0,0,0,0,0,0,0,0,0,0,0,0,0,0,0,0,0
"464","C","633","C_633_32",0,0,0,0,0,0,0,4,4,1,3,1,5,4,2,0,3,2,1,1,0,0,0,0,0,0,0,0,0,0,0,0,0,0,0,0,0,0,0,0
"465","C","633","C_633_33",0,0,0,0,0,0,0,4,4,2,4,2,2,2,3,2,1,2,1,1,0,0,0,0,0,0,0,0,0,0,0,0,0,0,0,0,0,0,0,0
"466","C","633","C_633_34",0,0,0,0,0,0,0,0,2,6,3,6,4,3,1,4,6,0,0,0,0,0,0,0,0,0,0,0,0,0,0,0,0,0,0,0,0,0,0,0
"467","C","633","C_633_35",0,0,0,0,0,0,0,4,4,2,4,2,4,0,2,2,0,0,0,0,0,0,0,0,0,0,0,0,0,0,0,0,0,0,0,0,0,0,0,0
"468","C","633","C_633_36",0,0,0,0,0,0,6,5,6,4,3,1,1,3,4,2,0,2,0,0,0,0,0,0,0,0,0,0,0,0,0,0,0,0,0,0,0,0,0,0
"469","C","642","C_642_1",0,0,0,0,0,0,0,6,3,5,6,3,4,2,3,2,4,1,3,2,2,3,2,1,2,0,1,0,0,0,0,0,0,0,0,0,0,0,0,0
"470","C","642","C_642_2",0,0,0,0,0,0,0,0,3,3,2,2,2,2,2,4,1,2,1,1,0,2,0,0,0,2,0,0,0,0,0,0,0,0,0,0,0,0,0,0
"471","C","642","C_642_3",0,0,0,0,0,0,0,0,2,6,3,5,3,1,4,4,0,3,3,2,1,3,2,0,1,0,1,0,0,0,0,0,0,0,0,0,0,0,0,0
"472","C","642","C_642_4",0,0,0,0,0,0,0,2,6,4,7,4,3,2,6,5,2,1,3,0,6,2,2,0,0,0,0,0,0,0,0,0,0,0,0,0,0,0,0,0
"473","C","642","C_642_5",0,0,0,0,0,0,0,5,4,5,3,4,1,5,2,6,3,0,2,3,6,1,0,0,0,0,0,0,0,0,0,0,0,0,0,0,0,0,0,0
"474","C","642","C_642_6",0,0,0,0,0,0,0,4,4,7,4,3,4,2,4,2,4,2,3,1,2,1,2,0,0,0,0,0,0,0,0,0,0,0,0,0,0,0,0,0
"475","C","642","C_642_7",0,0,0,0,0,0,0,0,0,0,0,0,0,0,0,0,0,0,0,0,0,0,0,0,0,0,0,0,0,0,0,0,0,0,0,0,0,0,0,0
"476","C","642","C_642_8",0,0,0,0,0,0,0,0,3,3,4,4,2,3,2,3,0,0,0,0,0,0,0,0,0,0,0,0,0,0,0,0,0,0,0,0,0,0,0,0
"477","C","642","C_642_9",0,0,0,0,0,0,0,2,3,1,2,0,0,0,0,0,0,0,0,0,0,0,0,0,0,0,0,0,0,0,0,0,0,0,0,0,0,0,0,0
"478","C","642","C_642_10",0,0,0,0,0,0,0,0,2,4,3,3,3,2,2,1,0,1,1,0,0,0,0,0,0,0,0,0,0,0,0,0,0,0,0,0,0,0,0,0
"479","C","642","C_642_11",0,0,0,0,0,0,0,2,6,5,7,4,4,3,3,4,3,3,2,3,0,4,3,0,2,0,1,2,0,0,0,0,0,0,0,0,0,0,0,0
"480","C","642","C_642_12",0,0,0,0,0,0,0,2,5,2,1,1,3,3,3,0,0,0,0,0,0,0,0,0,0,0,0,0,0,0,0,0,0,0,0,0,0,0,0,0
"481","C","642","C_642_13",0,0,0,0,0,0,0,0,0,0,0,0,0,0,0,0,0,0,0,0,0,0,0,0,0,0,0,0,0,0,0,0,0,0,0,0,0,0,0,0
"482","C","642","C_642_14",0,0,0,0,0,0,0,2,4,3,3,3,5,1,3,3,2,3,2,3,0,2,3,2,1,2,1,2,0,0,0,0,0,0,0,0,0,0,0,0
"483","C","642","C_642_15",0,0,0,0,0,0,0,0,0,0,0,0,0,0,0,0,0,0,0,0,0,0,0,0,0,0,0,0,0,0,0,0,0,0,0,0,0,0,0,0
"484","C","642","C_642_16",0,0,0,0,0,0,0,2,6,6,8,4,4,5,4,5,0,0,0,0,0,0,0,0,0,0,0,0,0,0,0,0,0,0,0,0,0,0,0,0
"485","C","642","C_642_17",0,0,0,0,0,0,0,0,0,0,0,2,0,1,2,1,0,0,0,0,0,0,0,0,0,0,0,0,0,0,0,0,0,0,0,0,0,0,0,0
"486","C","642","C_642_18",0,0,0,0,0,0,0,2,5,3,3,4,2,4,1,4,3,1,2,2,2,0,0,0,0,0,0,0,0,0,0,0,0,0,0,0,0,0,0,0
"487","C","642","C_642_19",0,0,0,0,0,0,4,6,5,7,3,6,6,2,7,2,5,2,1,4,2,1,3,0,0,0,0,0,0,0,0,0,0,0,0,0,0,0,0,0
"488","C","642","C_642_20",0,0,0,0,0,0,0,4,4,5,2,4,4,3,4,4,2,1,0,2,2,5,1,2,1,0,2,0,2,1,0,0,0,0,0,0,0,0,0,0
"489","C","642","C_642_21",0,0,0,0,0,0,0,0,2,0,1,1,0,0,0,0,0,0,0,0,0,0,0,0,0,0,0,0,0,0,0,0,0,0,0,0,0,0,0,0
"490","C","642","C_642_22",0,0,0,0,0,0,0,5,4,4,4,4,0,2,1,2,0,0,0,0,0,0,0,0,0,0,0,0,0,0,0,0,0,0,0,0,0,0,0,0
"491","C","642","C_642_23",0,0,0,0,0,0,0,2,6,2,3,3,3,1,3,4,2,2,4,1,3,3,4,3,1,2,0,2,2,1,0,1,1,0,0,0,0,0,0,0
"492","C","642","C_642_24",0,0,0,0,0,0,2,4,6,4,5,2,2,0,0,0,0,0,0,0,0,0,0,0,0,0,0,0,0,0,0,0,0,0,0,0,0,0,0,0
"493","C","642","C_642_25",0,0,0,0,0,0,2,2,3,3,3,3,2,5,2,2,2,0,0,0,0,0,0,0,0,0,0,0,0,0,0,0,0,0,0,0,0,0,0,0
"494","C","642","C_642_26",0,0,0,0,0,0,2,6,4,3,1,4,3,3,3,3,2,1,3,1,0,0,0,0,0,0,0,0,0,0,0,0,0,0,0,0,0,0,0,0
"495","C","642","C_642_27",0,0,0,0,0,0,0,0,0,0,0,0,0,0,0,0,0,0,0,0,0,0,0,0,0,0,0,0,0,0,0,0,0,0,0,0,0,0,0,0
"496","C","642","C_642_28",0,0,0,0,0,0,0,2,4,4,1,2,3,3,0,3,2,3,2,0,1,3,1,0,0,3,0,2,1,1,0,0,0,0,0,0,0,0,0,0
"497","C","642","C_642_29",0,0,0,0,0,0,0,0,0,0,0,0,0,0,0,0,0,0,0,0,0,0,0,0,0,0,0,0,0,0,0,0,0,0,0,0,0,0,0,0
"498","C","642","C_642_30",0,0,0,0,0,0,0,0,4,4,6,3,3,2,3,3,0,0,0,0,0,0,0,0,0,0,0,0,0,0,0,0,0,0,0,0,0,0,0,0
"499","C","642","C_642_31",0,0,0,0,0,0,0,0,0,0,0,0,0,0,0,0,0,0,0,0,0,0,0,0,0,0,0,0,0,0,0,0,0,0,0,0,0,0,0,0
"500","C","642","C_642_32",0,0,0,0,0,0,0,1,4,4,4,1,0,0,0,0,0,0,0,0,0,0,0,0,0,0,0,0,0,0,0,0,0,0,0,0,0,0,0,0
"501","C","642","C_642_33",0,0,0,0,0,0,0,4,4,3,2,2,2,2,3,2,3,1,0,0,0,0,0,0,0,0,0,0,0,0,0,0,0,0,0,0,0,0,0,0
"502","C","642","C_642_34",0,0,0,0,0,0,4,4,5,4,6,3,3,3,1,4,0,0,0,0,0,0,0,0,0,0,0,0,0,0,0,0,0,0,0,0,0,0,0,0
"503","C","642","C_642_35",0,0,0,0,0,0,0,0,4,3,5,1,0,2,3,4,2,2,2,1,0,0,0,0,0,0,0,0,0,0,0,0,0,0,0,0,0,0,0,0
"504","C","642","C_642_36",0,0,0,0,0,0,1,4,4,4,4,4,4,3,3,4,4,0,2,3,3,3,0,0,0,0,0,0,0,0,0,0,0,0,0,0,0,0,0,0
"505","C","651","C_651_1",0,0,0,0,0,0,2,5,0,4,6,2,2,2,1,4,3,2,1,3,2,0,0,0,0,0,0,0,0,0,0,0,0,0,0,0,0,0,0,0
"506","C","651","C_651_2",0,0,0,0,0,0,0,4,5,2,6,7,1,4,2,1,2,3,1,3,2,3,2,3,1,2,0,2,2,0,0,0,1,1,0,1,0,0,0,0
"507","C","651","C_651_3",0,0,0,0,0,0,6,5,1,1,7,1,1,1,4,3,3,2,2,4,1,3,3,0,6,0,1,0,0,0,0,0,0,0,0,0,0,0,0,0
"508","C","651","C_651_4",0,0,0,0,0,0,0,4,2,4,6,0,7,2,3,4,3,1,2,4,3,1,0,0,0,0,0,0,0,0,0,0,0,0,0,0,0,0,0,0
"509","C","651","C_651_5",0,0,0,0,0,0,0,2,4,2,4,5,0,3,2,3,3,3,0,0,0,0,0,0,0,0,0,0,0,0,0,0,0,0,0,0,0,0,0,0
"510","C","651","C_651_6",0,0,0,0,0,0,0,4,4,1,5,7,2,4,4,3,2,5,2,0,2,1,6,0,0,0,0,0,0,0,0,0,0,0,0,0,0,0,0,0
"511","C","651","C_651_7",0,0,0,0,0,0,0,0,1,0,3,0,2,3,2,2,1,0,0,0,0,0,0,0,0,0,0,0,0,0,0,0,0,0,0,0,0,0,0,0
"512","C","651","C_651_8",0,0,0,0,0,0,0,0,0,0,0,0,0,0,0,0,0,0,0,0,0,0,0,0,0,0,0,0,0,0,0,0,0,0,0,0,0,0,0,0
"513","C","651","C_651_9",0,0,0,0,0,0,0,0,1,2,4,0,2,3,2,3,1,2,0,5,1,3,1,2,2,1,1,0,0,0,0,1,0,0,0,0,0,0,0,0
"514","C","651","C_651_10",0,0,0,0,0,0,0,0,0,0,0,0,0,0,0,0,0,0,0,0,0,0,0,0,0,0,0,0,0,0,0,0,0,0,0,0,0,0,0,0
"515","C","651","C_651_11",0,0,0,0,0,0,0,0,0,0,0,0,0,1,1,0,2,0,0,0,0,0,0,0,0,0,0,0,0,0,0,0,0,0,0,0,0,0,0,0
"516","C","651","C_651_12",0,0,0,0,0,0,0,0,0,0,0,0,0,0,0,0,0,0,0,0,0,0,0,0,0,0,0,0,0,0,0,0,0,0,0,0,0,0,0,0
"517","C","651","C_651_13",0,0,0,0,0,0,0,1,3,0,0,0,0,0,0,0,0,0,0,0,0,0,0,0,0,0,0,0,0,0,0,0,0,0,0,0,0,0,0,0
"518","C","651","C_651_14",0,0,0,0,0,0,2,3,2,3,7,1,3,3,4,3,5,3,1,1,6,1,3,1,1,2,2,1,2,0,0,0,0,1,0,1,0,0,0,0
"519","C","651","C_651_15",0,0,0,0,0,0,0,0,0,0,0,0,0,0,0,0,0,0,0,0,0,0,0,0,0,0,0,0,0,0,0,0,0,0,0,0,0,0,0,0
"520","C","651","C_651_16",0,0,0,0,0,0,3,5,1,3,5,3,3,4,2,5,2,3,3,3,1,3,2,2,1,1,2,1,1,4,2,1,0,0,0,0,0,0,0,0
"521","C","651","C_651_17",0,0,0,0,0,0,8,4,1,3,6,0,4,2,4,1,3,0,1,0,0,0,0,0,0,0,0,0,0,0,0,0,0,0,0,0,0,0,0,0
"522","C","651","C_651_18",0,0,0,0,0,0,5,3,2,5,7,1,3,2,2,1,1,1,0,0,0,0,0,0,0,0,0,0,0,0,0,0,0,0,0,0,0,0,0,0
"523","C","651","C_651_19",0,0,0,0,0,0,0,4,4,2,4,8,0,3,2,2,3,0,0,0,0,0,0,0,0,0,0,0,0,0,0,0,0,0,0,0,0,0,0,0
"524","C","651","C_651_20",0,0,0,0,0,0,4,3,1,4,7,2,2,3,2,3,2,2,1,1,3,2,0,3,2,4,0,1,0,0,0,0,0,0,0,0,0,0,0,0
"525","C","651","C_651_21",0,0,0,0,0,0,2,4,2,2,6,1,4,1,4,2,3,2,2,1,2,3,0,3,2,1,1,1,2,0,1,1,1,0,0,0,0,0,0,0
"526","C","651","C_651_22",0,0,0,0,0,0,0,0,0,0,0,0,0,0,0,0,0,0,0,0,0,0,0,0,0,0,0,0,0,0,0,0,0,0,0,0,0,0,0,0
"527","C","651","C_651_23",0,0,0,0,0,0,5,5,1,4,4,0,1,0,0,0,0,0,0,0,0,0,0,0,0,0,0,0,0,0,0,0,0,0,0,0,0,0,0,0
"528","C","651","C_651_24",0,0,0,0,0,0,0,0,2,2,4,5,1,4,1,1,3,4,1,1,1,2,5,2,1,0,0,1,1,2,1,0,0,0,0,0,0,0,0,0
"529","C","651","C_651_25",0,0,0,0,0,0,2,2,4,2,6,1,5,1,2,2,1,4,1,2,1,2,2,2,0,1,0,2,0,0,0,0,0,0,0,0,0,0,0,0
"530","C","651","C_651_26",0,0,0,0,0,2,8,5,1,5,5,2,4,3,2,3,1,2,2,2,2,3,1,3,1,1,0,2,2,0,0,0,0,0,0,0,0,0,0,0
"531","C","651","C_651_27",0,0,0,0,0,0,0,3,5,0,4,7,1,2,2,0,1,2,0,0,0,0,0,0,0,0,0,0,0,0,0,0,0,0,0,0,0,0,0,0
"532","C","651","C_651_28",0,0,0,0,0,0,2,2,3,0,2,1,0,4,2,1,3,2,2,2,0,2,2,1,3,1,0,4,3,0,0,2,0,0,0,0,0,0,0,0
"533","C","651","C_651_29",0,0,0,0,0,0,0,0,4,0,5,7,0,4,3,3,5,0,2,2,2,1,0,1,0,3,1,1,2,0,1,1,0,0,0,0,0,0,0,0
"534","C","651","C_651_30",0,0,0,0,0,5,5,4,2,3,6,1,3,1,3,2,3,1,2,3,3,3,0,2,1,1,2,1,0,0,0,0,0,0,0,0,0,0,0,0
"535","C","651","C_651_31",0,0,0,0,0,0,0,0,0,0,0,0,0,0,0,0,0,0,0,0,0,0,0,0,0,0,0,0,0,0,0,0,0,0,0,0,0,0,0,0
"536","C","651","C_651_32",0,0,0,0,0,0,0,0,0,0,0,0,0,0,0,0,0,0,0,0,0,0,0,0,0,0,0,0,0,0,0,0,0,0,0,0,0,0,0,0
"537","C","651","C_651_33",0,0,0,0,0,0,3,3,2,2,5,1,2,2,1,1,0,1,1,0,0,0,0,0,0,0,0,0,0,0,0,0,0,0,0,0,0,0,0,0
"538","C","651","C_651_34",0,0,0,0,0,0,8,5,3,5,6,0,2,1,2,0,2,0,0,0,0,0,0,0,0,0,0,0,0,0,0,0,0,0,0,0,0,0,0,0
"539","C","651","C_651_35",0,0,0,0,0,0,2,4,2,2,7,2,2,1,5,1,2,2,1,2,2,1,0,0,0,0,0,0,0,0,0,0,0,0,0,0,0,0,0,0
"540","C","651","C_651_36",0,0,0,0,0,0,6,4,2,4,8,1,4,4,0,5,2,3,1,0,2,1,3,3,1,0,0,0,0,0,0,0,0,0,0,0,0,0,0,0
"541","H","211","H_211_1",0,0,0,0,0,2,1,4,4,4,4,2,5,1,0,0,0,0,0,0,0,0,0,0,0,0,0,0,0,0,0,0,0,0,0,0,0,0,0,0
"542","H","211","H_211_2",0,0,0,0,0,0,0,0,0,0,0,0,0,0,0,0,0,0,0,0,0,0,0,0,0,0,0,0,0,0,0,0,0,0,0,0,0,0,0,0
"543","H","211","H_211_3",0,0,0,0,0,0,0,4,2,4,4,3,6,1,2,3,2,0,0,0,0,0,0,0,0,0,0,0,0,0,0,0,0,0,0,0,0,0,0,0
"544","H","211","H_211_4",0,0,0,0,0,0,0,0,0,0,0,0,0,0,0,0,0,0,0,0,0,0,0,0,0,0,0,0,0,0,0,0,0,0,0,0,0,0,0,0
"545","H","211","H_211_5",0,0,0,0,0,0,0,0,0,4,5,2,1,0,0,0,0,0,0,0,0,0,0,0,0,0,0,0,0,0,0,0,0,0,0,0,0,0,0,0
"546","H","211","H_211_6",0,0,0,0,0,0,0,0,0,0,1,2,1,3,3,4,1,0,0,0,0,0,0,0,0,0,0,0,0,0,0,0,0,0,0,0,0,0,0,0
"547","H","211","H_211_7",0,0,0,0,0,0,0,0,0,0,1,2,1,0,0,0,0,0,0,0,0,0,0,0,0,0,0,0,0,0,0,0,0,0,0,0,0,0,0,0
"548","H","211","H_211_8",0,0,0,0,0,0,0,0,0,0,0,0,0,0,0,0,0,0,0,0,0,0,0,0,0,0,0,0,0,0,0,0,0,0,0,0,0,0,0,0
"549","H","211","H_211_9",0,0,0,0,0,0,0,0,0,0,0,0,0,0,0,0,0,0,0,0,0,0,0,0,0,0,0,0,0,0,0,0,0,0,0,0,0,0,0,0
"550","H","211","H_211_10",0,0,0,0,0,0,0,0,2,2,4,0,3,2,3,1,1,0,2,3,0,1,2,1,3,3,0,0,0,0,0,0,0,0,0,0,0,0,0,0
"551","H","211","H_211_11",0,0,0,0,0,0,0,0,0,0,0,0,0,0,0,0,0,0,0,0,0,0,0,0,0,0,0,0,0,0,0,0,0,0,0,0,0,0,0,0
"552","H","211","H_211_12",0,0,0,0,0,0,0,0,1,2,4,2,4,2,1,1,0,4,0,0,0,0,0,0,0,0,0,0,0,0,0,0,0,0,0,0,0,0,0,0
"553","H","211","H_211_13",0,0,0,0,0,0,0,0,0,0,0,0,0,0,0,0,0,0,0,0,0,0,0,0,0,0,0,0,0,0,0,0,0,0,0,0,0,0,0,0
"554","H","211","H_211_14",0,0,0,0,0,0,0,2,4,3,5,2,0,0,0,0,0,0,0,0,0,0,0,0,0,0,0,0,0,0,0,0,0,0,0,0,0,0,0,0
"555","H","211","H_211_15",0,0,0,0,0,2,2,4,4,4,4,3,2,2,1,1,1,0,0,0,0,0,0,0,0,0,0,0,0,0,0,0,0,0,0,0,0,0,0,0
"556","H","211","H_211_16",0,0,0,0,0,0,0,0,0,0,0,0,0,0,0,0,0,0,0,0,0,0,0,0,0,0,0,0,0,0,0,0,0,0,0,0,0,0,0,0
"557","H","211","H_211_17",0,0,0,0,0,0,0,2,2,4,4,2,3,3,2,3,2,2,3,2,1,0,0,0,0,0,0,0,0,0,0,0,0,0,0,0,0,0,0,0
"558","H","211","H_211_18",0,0,0,0,0,0,0,0,2,3,1,3,1,3,3,2,1,0,0,0,0,0,0,0,0,0,0,0,0,0,0,0,0,0,0,0,0,0,0,0
"559","H","211","H_211_19",0,0,0,0,0,0,0,0,0,1,3,3,1,3,3,3,0,1,2,1,0,1,2,1,0,0,0,0,0,0,0,0,0,0,0,0,0,0,0,0
"560","H","211","H_211_20",0,0,0,0,0,0,0,1,4,3,5,2,6,2,2,5,0,2,4,2,0,1,2,0,0,0,0,0,0,0,0,0,0,0,0,0,0,0,0,0
"561","H","211","H_211_21",0,0,0,0,0,0,0,0,0,0,0,0,0,0,0,0,0,0,0,0,0,0,0,0,0,0,0,0,0,0,0,0,0,0,0,0,0,0,0,0
"562","H","211","H_211_22",0,0,0,0,0,0,0,0,6,1,5,4,4,3,3,3,3,2,3,1,2,2,2,2,1,0,0,0,0,0,0,0,0,0,0,0,0,0,0,0
"563","H","211","H_211_23",0,0,0,0,0,0,0,0,1,4,4,2,2,3,5,3,2,4,2,2,3,2,0,2,0,0,0,0,0,0,0,0,0,0,0,0,0,0,0,0
"564","H","211","H_211_24",0,0,0,0,0,0,0,0,0,0,0,0,0,0,0,0,0,0,0,0,0,0,0,0,0,0,0,0,0,0,0,0,0,0,0,0,0,0,0,0
"565","H","211","H_211_25",0,0,0,0,0,0,0,4,4,5,5,0,3,2,3,2,2,0,0,0,0,0,0,0,0,0,0,0,0,0,0,0,0,0,0,0,0,0,0,0
"566","H","211","H_211_26",0,0,0,0,0,0,0,0,0,0,0,0,0,0,0,0,0,0,0,0,0,0,0,0,0,0,0,0,0,0,0,0,0,0,0,0,0,0,0,0
"567","H","211","H_211_27",0,0,0,0,0,0,0,0,0,0,0,0,0,0,0,0,0,0,0,0,0,0,0,0,0,0,0,0,0,0,0,0,0,0,0,0,0,0,0,0
"568","H","211","H_211_28",0,0,0,0,0,0,0,0,0,0,0,0,0,0,0,0,0,0,0,0,0,0,0,0,0,0,0,0,0,0,0,0,0,0,0,0,0,0,0,0
"569","H","211","H_211_29",0,0,0,0,0,0,0,0,0,2,3,3,1,3,2,4,2,2,2,2,0,3,1,2,4,0,0,0,0,0,0,0,0,0,0,0,0,0,0,0
"570","H","211","H_211_30",0,0,0,0,0,0,0,0,0,0,0,0,0,0,0,0,0,0,0,0,0,0,0,0,0,0,0,0,0,0,0,0,0,0,0,0,0,0,0,0
"571","H","211","H_211_31",0,0,0,0,0,2,1,5,3,5,3,4,3,3,0,3,1,2,3,0,0,0,0,0,0,0,0,0,0,0,0,0,0,0,0,0,0,0,0,0
"572","H","211","H_211_32",0,0,0,0,0,0,0,0,0,0,0,0,0,0,0,0,0,0,0,0,0,0,0,0,0,0,0,0,0,0,0,0,0,0,0,0,0,0,0,0
"573","H","211","H_211_33",0,0,0,0,0,0,0,0,0,0,0,0,0,0,0,0,0,0,0,0,0,0,0,0,0,0,0,0,0,0,0,0,0,0,0,0,0,0,0,0
"574","H","211","H_211_34",0,0,0,0,0,0,0,0,0,0,0,0,0,0,0,0,0,0,0,0,0,0,0,0,0,0,0,0,0,0,0,0,0,0,0,0,0,0,0,0
"575","H","211","H_211_35",0,0,0,0,0,0,0,0,0,4,3,0,2,0,0,0,0,0,0,0,0,0,0,0,0,0,0,0,0,0,0,0,0,0,0,0,0,0,0,0
"576","H","211","H_211_36",0,0,0,0,0,0,0,0,0,4,3,2,1,4,3,4,0,0,0,0,0,0,0,0,0,0,0,0,0,0,0,0,0,0,0,0,0,0,0,0
"577","H","312","H_312_1",0,0,0,0,0,0,0,2,4,4,6,2,4,4,2,5,3,2,3,2,2,3,3,1,3,0,0,0,0,0,0,0,0,0,0,0,0,0,0,0
"578","H","312","H_312_2",0,0,0,0,0,0,0,1,3,2,2,0,0,0,0,0,0,0,0,0,0,0,0,0,0,0,0,0,0,0,0,0,0,0,0,0,0,0,0,0
"579","H","312","H_312_3",0,0,0,0,0,0,0,2,5,1,3,1,4,0,0,0,0,0,0,0,0,0,0,0,0,0,0,0,0,0,0,0,0,0,0,0,0,0,0,0
"580","H","312","H_312_4",0,0,0,0,0,0,0,0,0,0,0,0,0,0,0,0,0,0,0,0,0,0,0,0,0,0,0,0,0,0,0,0,0,0,0,0,0,0,0,0
"581","H","312","H_312_5",0,0,0,0,0,0,0,4,6,3,4,1,0,2,2,3,2,0,0,0,0,0,0,0,0,0,0,0,0,0,0,0,0,0,0,0,0,0,0,0
"582","H","312","H_312_6",0,0,0,0,0,0,4,2,6,4,4,3,5,0,5,1,1,3,3,0,0,2,0,0,0,0,0,0,0,0,0,0,0,0,0,0,0,0,0,0
"583","H","312","H_312_7",0,0,0,0,0,0,0,0,0,4,2,2,2,2,1,2,3,0,0,0,0,0,0,0,0,0,0,0,0,0,0,0,0,0,0,0,0,0,0,0
"584","H","312","H_312_8",0,0,0,0,0,0,0,2,3,3,4,3,2,3,4,0,1,0,0,0,0,0,0,0,0,0,0,0,0,0,0,0,0,0,0,0,0,0,0,0
"585","H","312","H_312_9",0,0,0,0,0,0,3,3,6,2,3,2,3,0,3,2,0,0,0,0,0,0,0,0,0,0,0,0,0,0,0,0,0,0,0,0,0,0,0,0
"586","H","312","H_312_10",0,0,0,0,0,0,0,1,4,1,0,0,0,0,0,0,0,0,0,0,0,0,0,0,0,0,0,0,0,0,0,0,0,0,0,0,0,0,0,0
"587","H","312","H_312_11",0,0,0,0,0,0,0,0,4,5,3,2,2,2,0,0,0,0,0,0,0,0,0,0,0,0,0,0,0,0,0,0,0,0,0,0,0,0,0,0
"588","H","312","H_312_12",0,0,0,0,0,0,0,0,0,0,4,2,2,2,5,1,0,0,0,0,0,0,0,0,0,0,0,0,0,0,0,0,0,0,0,0,0,0,0,0
"589","H","312","H_312_13",0,0,0,0,0,0,0,0,0,2,2,3,2,0,3,1,0,0,0,0,0,0,0,0,0,0,0,0,0,0,0,0,0,0,0,0,0,0,0,0
"590","H","312","H_312_14",0,0,0,0,0,0,0,0,0,0,0,0,0,0,0,0,0,0,0,0,0,0,0,0,0,0,0,0,0,0,0,0,0,0,0,0,0,0,0,0
"591","H","312","H_312_15",0,0,0,0,0,0,0,0,0,0,0,0,0,0,0,0,0,0,0,0,0,0,0,0,0,0,0,0,0,0,0,0,0,0,0,0,0,0,0,0
"592","H","312","H_312_16",0,0,0,0,0,0,2,2,2,2,0,3,1,1,1,1,1,0,0,0,0,0,0,0,0,0,0,0,0,0,0,0,0,0,0,0,0,0,0,0
"593","H","312","H_312_17",0,0,0,0,0,0,0,0,0,0,0,2,2,0,4,0,1,0,2,0,2,0,0,0,1,0,0,0,0,0,0,0,0,0,0,0,0,0,0,0
"594","H","312","H_312_18",0,0,0,0,0,0,2,2,4,4,5,2,4,0,0,0,0,0,0,0,0,0,0,0,0,0,0,0,0,0,0,0,0,0,0,0,0,0,0,0
"595","H","312","H_312_19",0,0,0,0,0,0,0,2,4,2,2,2,0,0,0,0,0,0,0,0,0,0,0,0,0,0,0,0,0,0,0,0,0,0,0,0,0,0,0,0
"596","H","312","H_312_20",0,0,0,0,0,0,0,0,0,0,2,2,3,1,4,3,2,0,0,0,0,0,0,0,0,0,0,0,0,0,0,0,0,0,0,0,0,0,0,0
"597","H","312","H_312_21",0,0,0,0,0,0,0,2,2,4,0,0,0,0,0,0,0,0,0,0,0,0,0,0,0,0,0,0,0,0,0,0,0,0,0,0,0,0,0,0
"598","H","312","H_312_22",0,0,0,0,0,0,0,2,4,3,3,2,3,3,1,0,0,0,0,0,0,0,0,0,0,0,0,0,0,0,0,0,0,0,0,0,0,0,0,0
"599","H","312","H_312_23",0,0,0,0,0,0,0,0,0,0,0,0,0,0,0,0,0,0,0,0,0,0,0,0,0,0,0,0,0,0,0,0,0,0,0,0,0,0,0,0
"600","H","312","H_312_24",0,0,0,0,0,0,0,0,0,0,0,0,0,0,0,0,0,0,0,0,0,0,0,0,0,0,0,0,0,0,0,0,0,0,0,0,0,0,0,0
"601","H","312","H_312_25",0,0,0,0,0,0,0,0,3,5,2,5,2,3,3,3,0,0,0,0,0,0,0,0,0,0,0,0,0,0,0,0,0,0,0,0,0,0,0,0
"602","H","312","H_312_26",0,0,0,0,0,0,0,0,0,0,0,0,0,0,0,0,0,0,0,0,0,0,0,0,0,0,0,0,0,0,0,0,0,0,0,0,0,0,0,0
"603","H","312","H_312_27",0,0,0,0,0,0,0,0,2,4,4,1,4,3,2,3,1,0,0,0,0,0,0,0,0,0,0,0,0,0,0,0,0,0,0,0,0,0,0,0
"604","H","312","H_312_28",0,0,0,0,0,0,0,2,2,4,1,4,1,3,1,4,1,0,2,1,1,0,2,0,0,0,0,0,0,0,0,0,0,0,0,0,0,0,0,0
"605","H","312","H_312_29",0,0,0,0,0,0,0,0,0,0,0,0,0,0,0,0,0,0,0,0,0,0,0,0,0,0,0,0,0,0,0,0,0,0,0,0,0,0,0,0
"606","H","312","H_312_30",0,0,0,0,0,0,0,0,4,3,5,0,0,0,0,0,0,0,0,0,0,0,0,0,0,0,0,0,0,0,0,0,0,0,0,0,0,0,0,0
"607","H","312","H_312_31",0,0,0,0,0,0,0,0,0,0,0,0,0,0,0,0,0,0,0,0,0,0,0,0,0,0,0,0,0,0,0,0,0,0,0,0,0,0,0,0
"608","H","312","H_312_32",0,0,0,0,0,0,0,0,0,2,2,4,2,2,2,4,0,2,0,0,0,0,0,0,0,0,0,0,0,0,0,0,0,0,0,0,0,0,0,0
"609","H","312","H_312_33",0,0,0,0,0,0,0,0,4,2,2,3,0,2,0,0,0,0,0,0,0,0,0,0,0,0,0,0,0,0,0,0,0,0,0,0,0,0,0,0
"610","H","312","H_312_34",0,0,0,0,0,0,4,2,5,3,4,3,3,3,3,3,2,3,2,2,0,2,2,0,0,0,0,0,0,0,0,0,0,0,0,0,0,0,0,0
"611","H","312","H_312_35",0,0,0,0,0,0,0,0,2,2,1,2,0,2,2,0,2,0,0,0,0,0,0,0,0,0,0,0,0,0,0,0,0,0,0,0,0,0,0,0
"612","H","312","H_312_36",0,0,0,0,0,0,0,0,0,0,0,0,0,0,0,0,0,0,0,0,0,0,0,0,0,0,0,0,0,0,0,0,0,0,0,0,0,0,0,0
"613","H","321","H_321_1",0,0,0,0,0,0,0,3,3,2,2,2,3,3,4,1,2,2,1,2,1,1,0,2,1,1,5,1,1,1,0,0,0,0,0,0,0,0,0,0
"614","H","321","H_321_2",0,0,0,0,0,0,0,1,6,1,4,6,2,2,4,4,1,5,0,0,0,0,0,0,0,0,0,0,0,0,0,0,0,0,0,0,0,0,0,0
"615","H","321","H_321_3",0,0,0,0,0,0,0,0,0,0,0,0,0,0,0,0,0,0,0,0,0,0,0,0,0,0,0,0,0,0,0,0,0,0,0,0,0,0,0,0
"616","H","321","H_321_4",0,0,0,0,0,0,0,0,0,0,0,0,0,0,0,0,0,0,0,0,0,0,0,0,0,0,0,0,0,0,0,0,0,0,0,0,0,0,0,0
"617","H","321","H_321_5",0,0,0,0,0,0,0,0,0,0,2,0,0,0,0,0,0,0,0,0,0,0,0,0,0,0,0,0,0,0,0,0,0,0,0,0,0,0,0,0
"618","H","321","H_321_6",0,0,0,0,0,0,0,0,0,0,0,0,0,0,0,0,0,0,0,0,0,0,0,0,0,0,0,0,0,0,0,0,0,0,0,0,0,0,0,0
"619","H","321","H_321_7",0,0,0,0,0,0,0,4,5,3,7,5,2,3,6,3,0,0,0,0,0,0,0,0,0,0,0,0,0,0,0,0,0,0,0,0,0,0,0,0
"620","H","321","H_321_8",0,0,0,0,0,0,0,2,4,3,5,4,5,4,4,3,1,1,0,0,0,0,0,0,0,0,0,0,0,0,0,0,0,0,0,0,0,0,0,0
"621","H","321","H_321_9",0,0,0,0,0,0,0,0,4,3,2,3,1,3,2,1,3,5,1,1,0,0,0,0,0,0,0,0,0,0,0,0,0,0,0,0,0,0,0,0
"622","H","321","H_321_10",0,0,0,0,0,0,0,0,0,0,0,0,0,0,0,0,0,0,0,0,0,0,0,0,0,0,0,0,0,0,0,0,0,0,0,0,0,0,0,0
"623","H","321","H_321_11",0,0,0,0,0,0,0,0,1,3,3,5,2,3,3,1,2,2,1,3,1,2,1,1,3,4,1,2,2,0,1,0,0,0,0,0,0,0,0,0
"624","H","321","H_321_12",0,0,0,0,0,0,0,3,5,1,4,1,4,3,2,2,0,4,0,2,2,2,3,2,1,2,0,1,1,0,0,0,0,0,0,0,0,0,0,0
"625","H","321","H_321_13",0,0,0,0,0,0,0,1,5,1,3,2,1,2,3,1,3,2,0,0,0,0,0,0,0,0,0,0,0,0,0,0,0,0,0,0,0,0,0,0
"626","H","321","H_321_14",0,0,0,0,0,0,0,2,6,4,3,7,1,6,1,3,3,3,3,1,1,0,0,0,0,0,0,0,0,0,0,0,0,0,0,0,0,0,0,0
"627","H","321","H_321_15",0,0,0,0,0,0,0,0,2,3,6,2,1,4,1,3,2,4,0,1,7,1,0,0,0,0,0,0,0,0,0,0,0,0,0,0,0,0,0,0
"628","H","321","H_321_16",0,0,0,0,0,0,1,3,5,3,4,2,1,2,3,1,2,2,2,3,4,0,2,1,0,1,0,0,0,0,0,0,0,0,0,0,0,0,0,0
"629","H","321","H_321_17",0,0,0,0,0,0,0,4,4,1,7,0,5,2,2,4,5,3,2,1,4,4,1,2,0,2,0,1,1,2,0,0,0,0,0,0,0,0,0,0
"630","H","321","H_321_18",0,0,0,0,0,0,0,0,0,0,0,0,0,0,0,0,0,0,0,0,0,0,0,0,0,0,0,0,0,0,0,0,0,0,0,0,0,0,0,0
"631","H","321","H_321_19",0,0,0,0,0,0,0,0,0,0,0,0,0,0,0,0,0,0,0,0,0,0,0,0,0,0,0,0,0,0,0,0,0,0,0,0,0,0,0,0
"632","H","321","H_321_20",0,0,0,0,0,0,0,0,4,2,2,3,1,4,2,3,1,4,2,3,2,2,1,0,0,0,0,0,0,0,0,0,0,0,0,0,0,0,0,0
"633","H","321","H_321_21",0,0,0,0,0,0,0,3,6,2,4,5,4,2,3,1,3,4,1,2,1,1,3,1,2,0,4,1,0,1,1,0,0,0,0,0,0,0,0,0
"634","H","321","H_321_22",0,0,0,0,0,0,0,0,0,0,0,0,0,0,0,0,0,0,0,0,0,0,0,0,0,0,0,0,0,0,0,0,0,0,0,0,0,0,0,0
"635","H","321","H_321_23",0,0,0,0,0,0,0,0,0,0,0,0,0,0,0,0,0,0,0,0,0,0,0,0,0,0,0,0,0,0,0,0,0,0,0,0,0,0,0,0
"636","H","321","H_321_24",0,0,0,0,0,0,0,2,4,4,2,5,5,4,3,2,2,0,0,0,0,0,0,0,0,0,0,0,0,0,0,0,0,0,0,0,0,0,0,0
"637","H","321","H_321_25",0,0,0,0,0,0,0,0,0,1,2,3,4,4,3,1,1,1,1,0,4,1,0,2,1,2,0,1,3,1,0,0,0,0,0,0,0,0,0,0
"638","H","321","H_321_26",0,0,0,0,0,0,0,0,4,2,3,1,2,4,1,1,2,3,3,2,5,1,1,0,0,0,0,0,0,0,0,0,0,0,0,0,0,0,0,0
"639","H","321","H_321_27",0,0,0,0,0,0,0,0,0,0,0,0,1,1,0,0,0,0,0,0,0,0,0,0,0,0,0,0,0,0,0,0,0,0,0,0,0,0,0,0
"640","H","321","H_321_28",0,0,0,0,0,0,0,0,0,0,0,0,0,0,0,0,0,0,0,0,0,0,0,0,0,0,0,0,0,0,0,0,0,0,0,0,0,0,0,0
"641","H","321","H_321_29",0,0,0,0,0,0,0,0,0,0,0,0,0,0,0,0,0,0,0,0,0,0,0,0,0,0,0,0,0,0,0,0,0,0,0,0,0,0,0,0
"642","H","321","H_321_30",0,0,0,0,0,0,0,0,0,2,3,3,2,4,2,2,1,1,4,0,0,0,0,0,0,0,0,0,0,0,0,0,0,0,0,0,0,0,0,0
"643","H","321","H_321_31",0,0,0,0,0,0,0,0,0,2,2,2,2,2,3,1,1,0,0,0,0,0,0,0,0,0,0,0,0,0,0,0,0,0,0,0,0,0,0,0
"644","H","321","H_321_32",0,0,0,0,0,0,0,0,2,2,4,2,4,4,2,3,2,3,3,0,3,0,1,0,0,0,1,0,0,0,0,0,0,0,0,0,0,0,0,0
"645","H","321","H_321_33",0,0,0,0,0,0,0,0,0,4,1,0,0,0,0,0,0,0,0,0,0,0,0,0,0,0,0,0,0,0,0,0,0,0,0,0,0,0,0,0
"646","H","321","H_321_34",0,0,0,0,0,0,0,1,3,2,4,1,2,1,3,3,2,2,2,0,0,0,0,0,0,0,0,0,0,0,0,0,0,0,0,0,0,0,0,0
"647","H","321","H_321_35",0,0,0,0,0,0,0,0,4,3,3,2,4,4,2,1,3,3,4,3,3,4,2,1,4,1,3,0,2,1,0,0,0,0,0,0,0,0,0,0
"648","H","321","H_321_36",0,0,0,0,0,0,0,3,3,1,1,3,1,1,2,2,0,2,2,1,1,0,2,2,0,0,0,0,0,0,0,0,0,0,0,0,0,0,0,0
"649","H","413","H_413_1",0,0,0,0,0,0,0,4,4,4,4,3,8,2,4,4,4,3,0,2,3,0,3,2,0,0,0,0,0,0,0,0,0,0,0,0,0,0,0,0
"650","H","413","H_413_2",0,0,0,0,0,0,3,1,4,4,4,5,2,5,2,2,0,0,0,0,0,0,0,0,0,0,0,0,0,0,0,0,0,0,0,0,0,0,0,0
"651","H","413","H_413_3",0,0,0,0,0,0,0,0,0,0,0,0,0,0,0,0,0,0,0,0,0,0,0,0,0,0,0,0,0,0,0,0,0,0,0,0,0,0,0,0
"652","H","413","H_413_4",0,0,0,0,0,0,0,0,1,3,2,1,0,2,2,1,1,0,0,0,0,0,0,0,0,0,0,0,0,0,0,0,0,0,0,0,0,0,0,0
"653","H","413","H_413_5",0,0,0,0,0,0,0,0,0,0,0,0,0,0,0,0,0,0,0,0,0,0,0,0,0,0,0,0,0,0,0,0,0,0,0,0,0,0,0,0
"654","H","413","H_413_6",0,0,0,0,0,2,2,6,6,2,3,3,4,0,0,0,0,0,0,0,0,0,0,0,0,0,0,0,0,0,0,0,0,0,0,0,0,0,0,0
"655","H","413","H_413_7",0,0,0,0,0,0,0,0,0,0,0,0,0,0,0,0,0,0,0,0,0,0,0,0,0,0,0,0,0,0,0,0,0,0,0,0,0,0,0,0
"656","H","413","H_413_8",0,0,0,0,0,0,0,0,0,1,3,1,2,2,0,3,0,0,0,0,0,0,0,0,0,0,0,0,0,0,0,0,0,0,0,0,0,0,0,0
"657","H","413","H_413_9",0,0,0,0,0,0,0,1,3,4,2,2,3,1,2,3,2,4,1,1,3,3,1,0,1,1,0,0,0,0,0,0,0,0,0,0,0,0,0,0
"658","H","413","H_413_10",0,0,0,0,0,0,0,2,4,3,3,2,4,1,3,2,3,1,0,1,2,1,2,3,2,0,3,1,0,0,0,0,0,0,0,0,0,0,0,0
"659","H","413","H_413_11",0,0,0,0,0,0,0,2,3,2,1,2,0,0,0,0,0,0,0,0,0,0,0,0,0,0,0,0,0,0,0,0,0,0,0,0,0,0,0,0
"660","H","413","H_413_12",0,0,0,0,0,0,1,5,2,4,3,1,1,0,0,0,0,0,0,0,0,0,0,0,0,0,0,0,0,0,0,0,0,0,0,0,0,0,0,0
"661","H","413","H_413_13",0,0,0,0,0,0,0,0,2,4,3,4,4,1,4,2,4,2,0,2,2,1,0,2,2,0,0,0,0,0,0,0,0,0,0,0,0,0,0,0
"662","H","413","H_413_14",0,0,0,0,0,0,0,0,0,2,4,1,2,0,0,0,0,0,0,0,0,0,0,0,0,0,0,0,0,0,0,0,0,0,0,0,0,0,0,0
"663","H","413","H_413_15",0,0,0,0,0,0,0,0,0,0,0,0,0,0,0,0,0,0,0,0,0,0,0,0,0,0,0,0,0,0,0,0,0,0,0,0,0,0,0,0
"664","H","413","H_413_16",0,0,0,0,0,0,0,4,4,2,4,1,3,2,4,1,1,1,2,2,2,0,2,1,1,0,0,0,0,0,0,0,0,0,0,0,0,0,0,0
"665","H","413","H_413_17",0,0,0,0,0,0,0,0,0,0,0,0,0,0,0,0,0,0,0,0,0,0,0,0,0,0,0,0,0,0,0,0,0,0,0,0,0,0,0,0
"666","H","413","H_413_18",0,0,0,0,0,0,0,0,2,4,2,3,2,1,4,0,1,0,0,0,2,2,0,0,0,0,0,0,0,0,0,0,0,0,0,0,0,0,0,0
"667","H","413","H_413_19",0,0,0,0,0,0,0,0,0,4,4,2,4,3,2,3,2,1,2,2,3,1,0,1,1,0,0,0,0,0,0,0,0,0,0,0,0,0,0,0
"668","H","413","H_413_20",0,0,0,0,0,0,0,0,0,0,0,0,0,0,0,0,0,0,0,0,0,0,0,0,0,0,0,0,0,0,0,0,0,0,0,0,0,0,0,0
"669","H","413","H_413_21",0,0,0,0,0,0,0,0,0,0,0,0,0,0,0,0,0,0,0,0,0,0,0,0,0,0,0,0,0,0,0,0,0,0,0,0,0,0,0,0
"670","H","413","H_413_22",0,0,0,0,0,0,0,0,0,0,0,0,0,0,0,0,0,0,0,0,0,0,0,0,0,0,0,0,0,0,0,0,0,0,0,0,0,0,0,0
"671","H","413","H_413_23",0,0,0,0,0,0,0,0,0,0,0,0,0,0,0,0,0,0,0,0,0,0,0,0,0,0,0,0,0,0,0,0,0,0,0,0,0,0,0,0
"672","H","413","H_413_24",0,0,0,0,0,0,0,0,0,0,0,0,0,0,0,0,0,0,0,0,0,0,0,0,0,0,0,0,0,0,0,0,0,0,0,0,0,0,0,0
"673","H","413","H_413_25",0,0,0,0,0,0,0,0,2,4,3,3,5,2,2,4,2,0,3,0,2,2,2,0,0,0,0,0,0,0,0,0,0,0,0,0,0,0,0,0
"674","H","413","H_413_26",0,0,0,0,0,0,0,4,4,4,3,2,2,3,2,1,4,3,0,2,0,0,0,0,0,0,0,0,0,0,0,0,0,0,0,0,0,0,0,0
"675","H","413","H_413_27",0,0,0,0,0,0,0,0,2,4,2,0,2,2,3,2,2,1,1,3,0,2,1,0,1,0,0,0,0,0,0,0,0,0,0,0,0,0,0,0
"676","H","413","H_413_28",0,0,0,0,0,0,0,0,0,0,0,0,0,0,0,0,0,0,0,0,0,0,0,0,0,0,0,0,0,0,0,0,0,0,0,0,0,0,0,0
"677","H","413","H_413_29",0,0,0,0,0,0,0,4,4,4,2,4,4,2,4,3,3,1,2,3,3,1,0,2,0,0,0,0,0,0,0,0,0,0,0,0,0,0,0,0
"678","H","413","H_413_30",0,0,0,0,0,0,0,0,0,0,0,0,0,0,0,0,0,0,0,0,0,0,0,0,0,0,0,0,0,0,0,0,0,0,0,0,0,0,0,0
"679","H","413","H_413_31",0,0,0,0,0,0,0,0,2,2,1,0,0,0,0,0,0,0,0,0,0,0,0,0,0,0,0,0,0,0,0,0,0,0,0,0,0,0,0,0
"680","H","413","H_413_32",0,0,0,0,0,0,0,0,0,0,0,0,0,0,0,0,0,0,0,0,0,0,0,0,0,0,0,0,0,0,0,0,0,0,0,0,0,0,0,0
"681","H","413","H_413_33",0,0,0,0,0,0,0,0,0,0,0,4,2,2,0,2,1,1,2,1,1,2,5,5,0,0,0,0,0,0,0,0,0,0,0,0,0,0,0,0
"682","H","413","H_413_34",0,0,0,0,0,0,0,0,0,0,0,0,0,0,0,0,0,0,0,0,0,0,0,0,0,0,0,0,0,0,0,0,0,0,0,0,0,0,0,0
"683","H","413","H_413_35",0,0,0,0,0,2,0,7,3,1,0,0,0,0,0,0,0,0,0,0,0,0,0,0,0,0,0,0,0,0,0,0,0,0,0,0,0,0,0,0
"684","H","413","H_413_36",0,0,0,0,0,0,0,0,0,0,0,0,0,0,0,0,0,0,0,0,0,0,0,0,0,0,0,0,0,0,0,0,0,0,0,0,0,0,0,0
"685","H","422","H_422_1",0,0,0,0,0,0,0,0,0,6,2,6,3,3,0,0,0,0,0,0,0,0,0,0,0,0,0,0,0,0,0,0,0,0,0,0,0,0,0,0
"686","H","422","H_422_2",0,0,0,0,0,0,0,2,4,2,5,3,2,3,2,3,2,0,5,2,0,0,0,0,0,0,0,0,0,0,0,0,0,0,0,0,0,0,0,0
"687","H","422","H_422_3",0,0,0,0,0,0,0,0,0,0,0,0,0,0,0,0,0,0,0,0,0,0,0,0,0,0,0,0,0,0,0,0,0,0,0,0,0,0,0,0
"688","H","422","H_422_4",0,0,0,0,0,0,0,0,0,0,0,0,0,0,0,0,0,0,0,0,0,0,0,0,0,0,0,0,0,0,0,0,0,0,0,0,0,0,0,0
"689","H","422","H_422_5",0,0,0,0,0,2,2,5,5,2,4,3,4,3,4,5,0,3,0,4,2,4,0,1,3,1,1,1,0,0,0,0,0,0,0,0,0,0,0,0
"690","H","422","H_422_6",0,0,0,0,0,0,0,0,0,0,0,0,0,0,0,0,0,0,0,0,0,0,0,0,0,0,0,0,0,0,0,0,0,0,0,0,0,0,0,0
"691","H","422","H_422_7",0,0,0,0,0,0,0,0,0,0,0,0,0,0,0,0,0,0,0,0,0,0,0,0,0,0,0,0,0,0,0,0,0,0,0,0,0,0,0,0
"692","H","422","H_422_8",0,0,0,0,0,0,0,0,0,0,0,0,0,0,0,0,0,0,0,0,0,0,0,0,0,0,0,0,0,0,0,0,0,0,0,0,0,0,0,0
"693","H","422","H_422_9",0,0,0,0,0,0,0,4,4,1,7,2,4,3,0,0,0,0,0,0,0,0,0,0,0,0,0,0,0,0,0,0,0,0,0,0,0,0,0,0
"694","H","422","H_422_10",0,0,0,0,0,0,0,0,0,0,0,0,0,0,0,0,0,0,0,0,0,0,0,0,0,0,0,0,0,0,0,0,0,0,0,0,0,0,0,0
"695","H","422","H_422_11",0,0,0,0,0,0,0,0,0,0,0,0,0,0,0,0,0,0,0,0,0,0,0,0,0,0,0,0,0,0,0,0,0,0,0,0,0,0,0,0
"696","H","422","H_422_12",0,0,0,0,0,0,0,0,0,0,0,0,0,0,0,0,0,0,0,0,0,0,0,0,0,0,0,0,0,0,0,0,0,0,0,0,0,0,0,0
"697","H","422","H_422_13",0,0,0,0,0,0,0,2,4,5,2,9,3,2,6,1,1,0,0,0,0,0,0,0,0,0,0,0,0,0,0,0,0,0,0,0,0,0,0,0
"698","H","422","H_422_14",0,0,0,0,0,0,0,2,3,3,3,2,4,3,3,2,4,1,3,0,1,1,1,0,4,1,1,3,0,0,0,0,0,0,0,0,0,0,0,0
"699","H","422","H_422_15",0,0,0,0,0,0,0,0,0,0,0,0,0,0,0,0,0,0,0,0,0,0,0,0,0,0,0,0,0,0,0,0,0,0,0,0,0,0,0,0
"700","H","422","H_422_16",0,0,0,0,0,0,0,0,2,4,2,5,3,4,3,2,3,0,0,1,0,0,0,0,0,0,0,0,0,0,0,0,0,0,0,0,0,0,0,0
"701","H","422","H_422_17",0,0,0,0,0,0,0,0,0,0,2,2,0,2,0,3,1,0,0,0,0,0,0,0,0,0,0,0,0,0,0,0,0,0,0,0,0,0,0,0
"702","H","422","H_422_18",0,0,0,0,0,2,2,4,4,2,2,2,4,2,2,4,3,1,0,0,0,0,0,0,0,0,0,0,0,0,0,0,0,0,0,0,0,0,0,0
"703","H","422","H_422_19",0,0,0,0,0,0,0,0,0,0,0,0,0,0,0,0,0,0,0,0,0,0,0,0,0,0,0,0,0,0,0,0,0,0,0,0,0,0,0,0
"704","H","422","H_422_20",0,0,0,0,0,0,0,0,0,0,0,0,0,0,0,0,0,0,0,0,0,0,0,0,0,0,0,0,0,0,0,0,0,0,0,0,0,0,0,0
"705","H","422","H_422_21",0,0,0,0,0,0,0,0,3,1,3,2,2,5,1,3,3,0,0,4,4,2,0,0,0,0,0,0,0,0,0,0,0,0,0,0,0,0,0,0
"706","H","422","H_422_22",0,0,0,0,0,0,0,2,4,2,3,5,2,2,3,2,4,4,0,2,2,3,0,2,1,1,1,0,0,0,0,0,0,0,0,0,0,0,0,0
"707","H","422","H_422_23",0,0,0,0,0,0,0,0,0,0,0,0,0,0,0,0,0,0,0,0,0,0,0,0,0,0,0,0,0,0,0,0,0,0,0,0,0,0,0,0
"708","H","422","H_422_24",0,0,0,0,0,0,0,0,0,0,0,0,0,0,0,0,0,0,0,0,0,0,0,0,0,0,0,0,0,0,0,0,0,0,0,0,0,0,0,0
"709","H","422","H_422_25",0,0,0,0,0,0,0,0,0,0,0,0,0,0,0,0,0,0,0,0,0,0,0,0,0,0,0,0,0,0,0,0,0,0,0,0,0,0,0,0
"710","H","422","H_422_26",0,0,0,0,0,0,0,0,0,0,0,0,0,0,0,0,0,0,0,0,0,0,0,0,0,0,0,0,0,0,0,0,0,0,0,0,0,0,0,0
"711","H","422","H_422_27",0,0,0,0,0,0,0,0,0,0,0,0,0,0,0,0,0,0,0,0,0,0,0,0,0,0,0,0,0,0,0,0,0,0,0,0,0,0,0,0
"712","H","422","H_422_28",0,0,0,0,0,0,0,5,3,3,4,2,4,3,2,1,4,2,1,1,3,5,1,1,0,0,0,0,0,0,0,0,0,0,0,0,0,0,0,0
"713","H","422","H_422_29",0,0,0,0,0,0,0,0,0,0,0,0,0,0,0,0,0,0,0,0,0,0,0,0,0,0,0,0,0,0,0,0,0,0,0,0,0,0,0,0
"714","H","422","H_422_30",0,0,0,0,0,0,0,0,0,0,0,0,0,0,0,0,0,0,0,0,0,0,0,0,0,0,0,0,0,0,0,0,0,0,0,0,0,0,0,0
"715","H","422","H_422_31",0,0,0,0,0,0,0,2,6,3,1,5,2,4,3,3,2,3,3,2,0,0,0,0,0,0,0,0,0,0,0,0,0,0,0,0,0,0,0,0
"716","H","422","H_422_32",0,0,0,0,0,0,0,4,4,2,5,2,4,2,1,3,3,2,1,3,2,4,2,1,1,2,0,0,0,0,0,0,0,0,0,0,0,0,0,0
"717","H","422","H_422_33",0,0,0,0,0,1,3,6,4,3,6,2,3,5,3,2,2,2,1,2,2,2,2,1,3,1,1,1,1,0,1,0,0,0,0,0,0,0,0,0
"718","H","422","H_422_34",0,0,0,0,0,2,1,6,5,0,3,4,2,6,2,3,2,5,0,3,1,3,1,1,0,2,1,1,1,1,0,0,0,0,0,0,0,0,0,0
"719","H","422","H_422_35",0,0,0,0,0,0,0,0,0,0,0,0,0,0,0,0,0,0,0,0,0,0,0,0,0,0,0,0,0,0,0,0,0,0,0,0,0,0,0,0
"720","H","422","H_422_36",0,0,0,0,0,0,0,2,2,4,0,4,2,2,2,2,3,1,0,2,4,3,0,0,1,0,0,0,0,0,0,0,0,0,0,0,0,0,0,0
"721","H","431","H_431_1",0,0,0,0,0,0,0,6,2,4,5,2,3,4,0,1,0,0,0,0,0,0,0,0,0,0,0,0,0,0,0,0,0,0,0,0,0,0,0,0
"722","H","431","H_431_2",0,0,0,0,0,0,0,0,3,3,4,3,2,4,3,3,0,3,3,3,2,0,3,2,2,0,0,0,0,0,0,0,0,0,0,0,0,0,0,0
"723","H","431","H_431_3",0,0,0,0,0,2,2,5,5,3,3,3,3,2,4,0,2,2,2,3,0,0,0,0,0,0,0,0,0,0,0,0,0,0,0,0,0,0,0,0
"724","H","431","H_431_4",0,0,0,0,0,0,0,0,1,2,4,1,5,3,2,6,2,2,4,2,2,1,3,0,0,0,0,0,0,0,0,0,0,0,0,0,0,0,0,0
"725","H","431","H_431_5",0,0,0,0,0,0,0,6,4,4,4,2,4,3,2,2,2,2,2,3,2,2,1,3,1,1,0,0,0,0,1,1,0,0,0,0,0,0,0,0
"726","H","431","H_431_6",0,0,0,0,0,0,0,4,3,2,4,2,1,2,2,2,0,0,0,0,0,0,0,0,0,0,0,0,0,0,0,0,0,0,0,0,0,0,0,0
"727","H","431","H_431_7",0,0,0,0,0,0,0,7,2,5,5,4,3,2,4,2,0,2,4,4,2,2,3,1,1,0,0,0,0,0,0,0,0,0,0,0,0,0,0,0
"728","H","431","H_431_8",0,0,0,0,0,0,0,0,0,0,0,0,0,0,0,0,0,0,0,0,0,0,0,0,0,0,0,0,0,0,0,0,0,0,0,0,0,0,0,0
"729","H","431","H_431_9",0,0,0,0,0,0,0,1,4,1,1,4,2,2,3,4,3,2,2,3,4,0,1,3,2,2,2,1,0,0,0,0,0,0,0,0,0,0,0,0
"730","H","431","H_431_10",0,0,0,0,0,0,0,0,0,0,0,0,0,0,0,0,0,0,0,0,0,0,0,0,0,0,0,0,0,0,0,0,0,0,0,0,0,0,0,0
"731","H","431","H_431_11",0,0,0,0,0,0,0,0,0,0,0,0,0,0,0,0,0,0,0,0,0,0,0,0,0,0,0,0,0,0,0,0,0,0,0,0,0,0,0,0
"732","H","431","H_431_12",0,0,0,0,0,0,0,0,0,0,0,4,2,5,3,3,5,2,3,1,4,1,0,0,0,0,0,0,0,0,0,0,0,0,0,0,0,0,0,0
"733","H","431","H_431_13",0,0,0,0,0,0,0,0,2,2,4,2,5,4,3,4,4,4,2,4,2,1,2,3,3,0,2,0,0,0,0,0,0,0,0,0,0,0,0,0
"734","H","431","H_431_14",0,0,0,0,0,0,0,0,0,0,0,0,1,4,0,4,1,1,3,1,2,1,0,2,0,1,1,1,0,1,0,1,1,0,0,0,0,0,0,0
"735","H","431","H_431_15",0,0,0,0,0,0,0,0,0,0,0,0,0,0,0,0,0,0,0,0,0,0,0,0,0,0,0,0,0,0,0,0,0,0,0,0,0,0,0,0
"736","H","431","H_431_16",0,0,0,0,0,0,0,0,0,0,0,0,0,0,0,0,0,0,0,0,0,0,0,0,0,0,0,0,0,0,0,0,0,0,0,0,0,0,0,0
"737","H","431","H_431_17",0,0,0,0,0,0,0,0,2,2,3,1,3,2,2,2,2,0,2,2,1,1,1,0,0,0,0,0,0,0,0,0,0,0,0,0,0,0,0,0
"738","H","431","H_431_18",0,0,0,0,0,0,0,0,2,2,2,3,1,2,4,1,3,2,1,2,4,3,0,4,3,0,1,2,0,0,0,0,0,0,0,0,0,0,0,0
"739","H","431","H_431_19",0,0,0,0,0,0,0,2,6,2,4,7,4,3,4,2,2,2,3,5,3,2,1,2,3,1,1,0,1,2,1,1,1,0,0,0,0,0,0,0
"740","H","431","H_431_20",0,0,0,0,0,0,0,0,0,4,2,2,2,2,0,0,0,0,0,0,0,0,0,0,0,0,0,0,0,0,0,0,0,0,0,0,0,0,0,0
"741","H","431","H_431_21",0,0,0,0,0,0,0,5,3,3,3,3,4,3,0,3,0,2,0,0,0,0,0,0,0,0,0,0,0,0,0,0,0,0,0,0,0,0,0,0
"742","H","431","H_431_22",0,0,0,0,0,0,0,3,2,2,4,1,2,4,3,5,2,3,4,2,2,4,2,2,1,0,0,0,0,0,0,0,0,0,0,0,0,0,0,0
"743","H","431","H_431_23",0,0,0,0,0,0,2,0,6,4,4,5,5,2,5,1,3,2,3,3,3,2,2,0,2,0,0,0,0,0,0,0,0,0,0,0,0,0,0,0
"744","H","431","H_431_24",0,0,0,0,0,0,0,4,3,3,6,3,4,2,2,5,1,3,1,4,1,1,2,1,2,2,1,4,0,0,0,0,0,0,0,0,0,0,0,0
"745","H","431","H_431_25",0,0,0,0,0,0,0,0,0,0,0,0,0,0,0,0,0,0,0,0,0,0,0,0,0,0,0,0,0,0,0,0,0,0,0,0,0,0,0,0
"746","H","431","H_431_26",0,0,0,0,0,0,0,0,0,0,0,0,0,0,0,0,0,0,0,0,0,0,0,0,0,0,0,0,0,0,0,0,0,0,0,0,0,0,0,0
"747","H","431","H_431_27",0,0,0,0,0,0,0,1,7,1,3,3,4,3,4,2,5,1,3,2,3,2,2,4,1,1,2,0,0,0,0,0,0,0,0,0,0,0,0,0
"748","H","431","H_431_28",0,0,0,0,0,0,0,0,2,4,2,10,2,2,0,0,0,0,0,0,0,0,0,0,0,0,0,0,0,0,0,0,0,0,0,0,0,0,0,0
"749","H","431","H_431_29",0,0,0,0,0,0,0,0,0,0,0,0,0,0,0,0,0,0,0,0,0,0,0,0,0,0,0,0,0,0,0,0,0,0,0,0,0,0,0,0
"750","H","431","H_431_30",0,0,0,0,0,0,0,2,6,2,2,5,3,5,3,5,2,3,3,3,1,2,1,3,0,0,1,1,0,0,1,0,1,0,0,0,0,0,0,0
"751","H","431","H_431_31",0,0,0,0,0,0,0,0,2,2,0,2,1,1,2,0,0,0,0,0,0,0,0,0,0,0,0,0,0,0,0,0,0,0,0,0,0,0,0,0
"752","H","431","H_431_32",0,0,0,0,0,0,0,6,2,2,5,1,2,0,0,0,0,0,0,0,0,0,0,0,0,0,0,0,0,0,0,0,0,0,0,0,0,0,0,0
"753","H","431","H_431_33",0,0,0,0,0,1,3,5,3,4,4,1,2,2,0,2,1,3,2,1,0,0,0,0,0,0,0,0,0,0,0,0,0,0,0,0,0,0,0,0
"754","H","431","H_431_34",0,0,0,0,0,0,0,2,2,2,1,3,3,1,2,2,5,1,1,1,4,3,0,0,4,0,1,2,2,0,0,0,0,0,0,0,0,0,0,0
"755","H","431","H_431_35",0,0,0,0,0,0,0,0,6,3,4,5,3,3,3,2,3,1,0,0,0,0,0,0,0,0,0,0,0,0,0,0,0,0,0,0,0,0,0,0
"756","H","431","H_431_36",0,0,0,0,0,0,0,4,3,1,0,3,4,2,1,3,2,2,2,1,2,2,2,2,0,0,0,0,0,0,0,0,0,0,0,0,0,0,0,0
"757","H","514","H_514_1",0,0,0,0,0,0,2,4,3,6,3,1,6,3,2,1,0,0,0,0,0,0,0,0,0,0,0,0,0,0,0,0,0,0,0,0,0,0,0,0
"758","H","514","H_514_2",0,0,0,0,0,0,0,0,0,0,0,0,0,0,0,0,0,0,0,0,0,0,0,0,0,0,0,0,0,0,0,0,0,0,0,0,0,0,0,0
"759","H","514","H_514_3",0,0,0,0,0,0,0,0,0,0,0,0,3,2,0,0,0,0,0,0,0,0,0,0,0,0,0,0,0,0,0,0,0,0,0,0,0,0,0,0
"760","H","514","H_514_4",0,0,0,0,0,0,0,0,0,1,3,5,0,2,1,0,0,0,0,0,0,0,0,0,0,0,0,0,0,0,0,0,0,0,0,0,0,0,0,0
"761","H","514","H_514_5",0,0,0,0,0,0,0,0,0,0,0,0,0,0,0,0,0,0,0,0,0,0,0,0,0,0,0,0,0,0,0,0,0,0,0,0,0,0,0,0
"762","H","514","H_514_6",0,0,0,0,0,0,0,0,0,0,0,0,0,0,0,0,0,0,0,0,0,0,0,0,0,0,0,0,0,0,0,0,0,0,0,0,0,0,0,0
"763","H","514","H_514_7",0,0,0,0,0,0,0,0,0,0,0,0,0,0,0,0,0,0,0,0,0,0,0,0,0,0,0,0,0,0,0,0,0,0,0,0,0,0,0,0
"764","H","514","H_514_8",0,0,0,0,0,0,0,0,0,0,0,0,0,0,0,0,0,0,0,0,0,0,0,0,0,0,0,0,0,0,0,0,0,0,0,0,0,0,0,0
"765","H","514","H_514_9",0,0,0,0,0,0,0,0,0,0,2,0,0,0,0,0,0,0,0,0,0,0,0,0,0,0,0,0,0,0,0,0,0,0,0,0,0,0,0,0
"766","H","514","H_514_10",0,0,0,0,0,0,1,5,2,4,5,2,2,6,1,2,2,2,3,0,2,1,1,0,1,0,0,0,0,0,0,0,0,0,0,0,0,0,0,0
"767","H","514","H_514_11",0,0,0,0,0,0,0,3,3,5,5,3,2,6,3,3,3,1,2,2,3,1,3,1,1,1,0,0,0,0,0,0,0,0,0,0,0,0,0,0
"768","H","514","H_514_12",0,0,0,0,0,0,0,3,2,3,2,2,6,1,2,3,1,0,1,1,0,0,0,0,0,0,0,0,0,0,0,0,0,0,0,0,0,0,0,0
"769","H","514","H_514_13",0,0,0,0,0,0,0,0,0,0,0,0,0,0,0,0,0,0,0,0,0,0,0,0,0,0,0,0,0,0,0,0,0,0,0,0,0,0,0,0
"770","H","514","H_514_14",0,0,0,0,0,0,2,3,2,4,6,0,3,1,4,3,2,0,3,2,0,1,1,0,1,0,0,0,0,0,0,0,0,0,0,0,0,0,0,0
"771","H","514","H_514_15",0,0,0,0,0,0,0,0,0,0,0,0,0,0,0,0,0,0,0,0,0,0,0,0,0,0,0,0,0,0,0,0,0,0,0,0,0,0,0,0
"772","H","514","H_514_16",0,0,0,0,0,0,0,0,0,0,0,0,0,0,0,0,0,0,0,0,0,0,0,0,0,0,0,0,0,0,0,0,0,0,0,0,0,0,0,0
"773","H","514","H_514_17",0,0,0,0,0,0,0,0,0,4,2,0,1,3,1,0,0,0,0,0,0,0,0,0,0,0,0,0,0,0,0,0,0,0,0,0,0,0,0,0
"774","H","514","H_514_18",0,0,0,0,0,0,2,3,1,4,3,0,3,0,0,0,0,0,0,0,0,0,0,0,0,0,0,0,0,0,0,0,0,0,0,0,0,0,0,0
"775","H","514","H_514_19",0,0,0,0,0,0,0,0,0,0,0,0,0,0,0,0,0,0,0,0,0,0,0,0,0,0,0,0,0,0,0,0,0,0,0,0,0,0,0,0
"776","H","514","H_514_20",0,0,0,0,0,0,0,0,0,0,0,0,0,0,0,0,0,0,0,0,0,0,0,0,0,0,0,0,0,0,0,0,0,0,0,0,0,0,0,0
"777","H","514","H_514_21",0,0,0,0,0,0,0,0,0,0,0,0,0,0,0,0,0,0,0,0,0,0,0,0,0,0,0,0,0,0,0,0,0,0,0,0,0,0,0,0
"778","H","514","H_514_22",0,0,0,0,0,0,0,0,0,0,0,0,0,0,0,0,0,0,0,0,0,0,0,0,0,0,0,0,0,0,0,0,0,0,0,0,0,0,0,0
"779","H","514","H_514_23",0,0,0,0,0,0,0,0,0,0,0,0,0,0,0,0,0,0,0,0,0,0,0,0,0,0,0,0,0,0,0,0,0,0,0,0,0,0,0,0
"780","H","514","H_514_24",0,0,0,0,0,0,0,0,0,0,0,0,0,0,0,0,0,0,0,0,0,0,0,0,0,0,0,0,0,0,0,0,0,0,0,0,0,0,0,0
"781","H","514","H_514_25",0,0,0,0,0,0,0,0,0,0,0,0,0,0,0,0,0,0,0,0,0,0,0,0,0,0,0,0,0,0,0,0,0,0,0,0,0,0,0,0
"782","H","514","H_514_26",0,0,0,0,0,0,0,0,0,0,0,0,0,0,0,0,0,0,0,0,0,0,0,0,0,0,0,0,0,0,0,0,0,0,0,0,0,0,0,0
"783","H","514","H_514_27",0,0,0,0,0,0,0,2,2,4,1,0,0,0,0,0,0,0,0,0,0,0,0,0,0,0,0,0,0,0,0,0,0,0,0,0,0,0,0,0
"784","H","514","H_514_28",0,0,0,0,0,0,0,0,0,0,0,0,0,0,0,0,0,0,0,0,0,0,0,0,0,0,0,0,0,0,0,0,0,0,0,0,0,0,0,0
"785","H","514","H_514_29",0,0,0,0,0,1,3,3,2,3,5,1,3,1,0,0,0,0,0,0,0,0,0,0,0,0,0,0,0,0,0,0,0,0,0,0,0,0,0,0
"786","H","514","H_514_30",0,0,0,0,0,0,0,2,2,2,2,2,1,3,2,2,2,0,3,0,1,0,0,0,0,0,0,0,0,0,0,0,0,0,0,0,0,0,0,0
"787","H","514","H_514_31",0,0,0,0,0,0,0,0,0,0,0,0,0,0,0,0,0,0,0,0,0,0,0,0,0,0,0,0,0,0,0,0,0,0,0,0,0,0,0,0
"788","H","514","H_514_32",0,0,0,0,0,0,0,2,4,4,2,0,0,0,0,0,0,0,0,0,0,0,0,0,0,0,0,0,0,0,0,0,0,0,0,0,0,0,0,0
"789","H","514","H_514_33",0,0,0,0,0,0,0,0,0,0,0,0,0,0,0,0,0,0,0,0,0,0,0,0,0,0,0,0,0,0,0,0,0,0,0,0,0,0,0,0
"790","H","514","H_514_34",0,0,0,0,0,0,0,0,0,0,0,0,1,3,0,2,0,2,0,0,0,0,0,1,1,0,0,0,0,0,0,0,0,0,0,0,0,0,0,0
"791","H","514","H_514_35",0,0,0,0,0,0,0,0,0,2,2,0,0,0,0,0,0,0,0,0,0,0,0,0,0,0,0,0,0,0,0,0,0,0,0,0,0,0,0,0
"792","H","514","H_514_36",0,0,0,0,0,0,0,0,0,0,0,0,0,0,0,0,0,0,0,0,0,0,0,0,0,0,0,0,0,0,0,0,0,0,0,0,0,0,0,0
"793","H","523","H_523_1",0,0,0,0,0,0,0,0,0,4,5,2,3,3,3,3,3,3,2,1,1,0,0,0,0,0,0,0,0,0,0,0,0,0,0,0,0,0,0,0
"794","H","523","H_523_2",0,0,0,0,0,0,0,2,4,3,3,3,3,2,5,1,1,0,0,0,0,0,0,0,0,0,0,0,0,0,0,0,0,0,0,0,0,0,0,0
"795","H","523","H_523_3",0,0,0,0,0,0,0,1,4,4,3,4,2,3,0,6,1,2,2,1,2,2,0,1,2,2,0,0,0,0,0,0,0,0,0,0,0,0,0,0
"796","H","523","H_523_4",0,0,0,0,0,0,2,2,2,3,4,2,2,1,4,4,0,1,3,2,3,0,0,0,0,0,0,0,0,0,0,0,0,0,0,0,0,0,0,0
"797","H","523","H_523_5",0,0,0,0,0,0,0,0,0,2,4,2,1,3,4,1,2,4,2,0,1,1,2,3,2,0,0,0,0,0,0,0,0,0,0,0,0,0,0,0
"798","H","523","H_523_6",0,0,0,0,0,0,0,0,0,0,0,1,2,0,0,0,0,0,0,0,0,0,0,0,0,0,0,0,0,0,0,0,0,0,0,0,0,0,0,0
"799","H","523","H_523_7",0,0,0,0,0,0,0,2,4,2,5,3,3,5,3,5,1,0,0,0,0,0,0,0,0,0,0,0,0,0,0,0,0,0,0,0,0,0,0,0
"800","H","523","H_523_8",0,0,0,0,0,0,0,2,4,4,4,4,5,2,3,4,4,0,2,4,2,1,1,2,2,1,0,0,0,0,0,0,0,0,0,0,0,0,0,0
"801","H","523","H_523_9",0,0,0,0,0,0,0,0,0,0,0,0,0,0,0,0,0,0,0,0,0,0,0,0,0,0,0,0,0,0,0,0,0,0,0,0,0,0,0,0
"802","H","523","H_523_10",0,0,0,0,0,0,0,0,0,0,0,0,0,0,0,0,0,0,0,0,0,0,0,0,0,0,0,0,0,0,0,0,0,0,0,0,0,0,0,0
"803","H","523","H_523_11",0,0,0,0,0,0,0,0,0,0,3,3,3,1,3,2,1,4,4,1,2,0,0,0,0,0,0,0,0,0,0,0,0,0,0,0,0,0,0,0
"804","H","523","H_523_12",0,0,0,0,0,0,0,0,0,2,4,3,1,2,2,2,0,2,1,1,2,1,2,0,0,1,0,0,0,0,0,0,0,0,0,0,0,0,0,0
"805","H","523","H_523_13",0,0,0,0,0,0,0,0,0,0,0,0,0,0,0,0,0,0,0,0,0,0,0,0,0,0,0,0,0,0,0,0,0,0,0,0,0,0,0,0
"806","H","523","H_523_14",0,0,0,0,0,0,0,0,0,0,0,0,0,0,0,0,0,0,0,0,0,0,0,0,0,0,0,0,0,0,0,0,0,0,0,0,0,0,0,0
"807","H","523","H_523_15",0,0,0,0,0,0,0,0,4,4,2,2,2,3,2,2,2,1,5,2,2,1,0,0,1,0,0,0,0,0,0,0,0,0,0,0,0,0,0,0
"808","H","523","H_523_16",0,0,0,0,0,0,0,3,4,4,1,4,2,2,3,4,3,0,3,3,0,1,0,0,0,0,0,0,0,0,0,0,0,0,0,0,0,0,0,0
"809","H","523","H_523_17",0,0,0,0,0,0,0,0,0,0,1,3,0,5,2,1,3,0,0,0,0,0,0,0,0,0,0,0,0,0,0,0,0,0,0,0,0,0,0,0
"810","H","523","H_523_18",0,0,0,0,0,0,0,0,0,2,4,4,3,1,4,3,3,1,3,2,2,0,0,0,0,0,0,0,0,0,0,0,0,0,0,0,0,0,0,0
"811","H","523","H_523_19",0,0,0,0,0,0,4,4,4,6,4,6,4,2,2,3,2,0,0,0,0,0,0,0,0,0,0,0,0,0,0,0,0,0,0,0,0,0,0,0
"812","H","523","H_523_20",0,0,0,0,0,0,0,0,0,0,0,0,0,0,0,0,0,0,0,0,0,0,0,0,0,0,0,0,0,0,0,0,0,0,0,0,0,0,0,0
"813","H","523","H_523_21",0,0,0,0,0,0,0,0,4,4,3,2,0,4,2,2,1,0,0,0,0,0,0,0,0,0,0,0,0,0,0,0,0,0,0,0,0,0,0,0
"814","H","523","H_523_22",0,0,0,0,0,2,6,2,5,3,4,0,3,1,4,4,1,1,2,3,1,1,3,1,2,0,0,0,0,0,0,0,0,0,0,0,0,0,0,0
"815","H","523","H_523_23",0,0,0,0,0,0,4,3,3,5,1,2,0,1,3,1,2,2,0,1,3,2,0,0,1,0,0,0,0,0,0,0,0,0,0,0,0,0,0,0
"816","H","523","H_523_24",0,0,0,0,0,0,0,0,0,2,2,2,4,2,1,4,2,1,1,2,1,2,0,0,0,0,0,0,0,0,0,0,0,0,0,0,0,0,0,0
"817","H","523","H_523_25",0,0,0,0,0,0,0,0,0,4,2,2,3,3,1,5,0,1,4,0,1,0,0,3,1,0,0,0,0,0,0,0,0,0,0,0,0,0,0,0
"818","H","523","H_523_26",0,0,0,0,0,0,0,0,0,0,0,0,0,0,0,0,0,0,0,0,0,0,0,0,0,0,0,0,0,0,0,0,0,0,0,0,0,0,0,0
"819","H","523","H_523_27",0,0,0,0,0,0,0,0,0,0,0,0,0,0,0,0,0,0,0,0,0,0,0,0,0,0,0,0,0,0,0,0,0,0,0,0,0,0,0,0
"820","H","523","H_523_28",0,0,0,0,0,0,0,0,0,0,0,0,0,0,0,0,0,0,0,0,0,0,0,0,0,0,0,0,0,0,0,0,0,0,0,0,0,0,0,0
"821","H","523","H_523_29",0,0,0,0,0,0,0,0,0,0,0,2,2,0,2,1,0,0,0,0,0,0,0,0,0,0,0,0,0,0,0,0,0,0,0,0,0,0,0,0
"822","H","523","H_523_30",0,0,0,0,0,0,0,0,0,0,0,0,0,0,0,0,0,0,0,0,0,0,0,0,0,0,0,0,0,0,0,0,0,0,0,0,0,0,0,0
"823","H","523","H_523_31",0,0,0,0,0,0,0,0,0,0,0,0,0,0,0,0,0,0,0,0,0,0,0,0,0,0,0,0,0,0,0,0,0,0,0,0,0,0,0,0
"824","H","523","H_523_32",0,0,0,0,0,0,0,0,0,0,0,0,0,0,0,0,0,0,0,0,0,0,0,0,0,0,0,0,0,0,0,0,0,0,0,0,0,0,0,0
"825","H","523","H_523_33",0,0,0,0,0,0,0,0,0,2,1,2,2,2,2,1,2,1,0,0,0,0,0,0,0,0,0,0,0,0,0,0,0,0,0,0,0,0,0,0
"826","H","523","H_523_34",0,0,0,0,0,0,0,0,0,0,0,0,0,0,0,0,0,0,0,0,0,0,0,0,0,0,0,0,0,0,0,0,0,0,0,0,0,0,0,0
"827","H","523","H_523_35",0,0,0,0,0,0,0,0,0,4,1,2,1,3,3,2,0,5,2,3,0,0,0,4,2,0,0,0,0,0,0,0,0,0,0,0,0,0,0,0
"828","H","523","H_523_36",0,0,0,0,0,0,0,0,0,0,0,0,0,0,0,0,0,0,0,0,0,0,0,0,0,0,0,0,0,0,0,0,0,0,0,0,0,0,0,0
"829","H","532","H_532_1",0,0,0,0,0,0,2,4,4,2,2,2,1,0,0,0,0,0,0,0,0,0,0,0,0,0,0,0,0,0,0,0,0,0,0,0,0,0,0,0
"830","H","532","H_532_2",0,0,0,0,0,0,0,0,0,0,0,0,0,0,0,0,0,0,0,0,0,0,0,0,0,0,0,0,0,0,0,0,0,0,0,0,0,0,0,0
"831","H","532","H_532_3",0,0,0,0,0,0,4,4,4,6,4,2,4,4,2,3,1,1,2,3,2,4,1,1,1,0,0,0,0,0,0,0,0,0,0,0,0,0,0,0
"832","H","532","H_532_4",0,0,0,0,0,0,0,0,0,0,0,0,0,0,0,0,0,0,0,0,0,0,0,0,0,0,0,0,0,0,0,0,0,0,0,0,0,0,0,0
"833","H","532","H_532_5",0,0,0,0,0,0,0,0,0,0,0,2,0,2,3,2,2,1,3,1,1,0,1,2,1,0,0,0,0,0,0,0,0,0,0,0,0,0,0,0
"834","H","532","H_532_6",0,0,0,0,0,0,0,4,4,4,3,2,2,3,4,1,1,2,4,2,0,0,1,0,0,0,0,0,0,0,0,0,0,0,0,0,0,0,0,0
"835","H","532","H_532_7",0,0,0,0,0,0,0,2,4,4,4,2,1,3,2,4,3,0,2,0,0,0,0,0,0,0,0,0,0,0,0,0,0,0,0,0,0,0,0,0
"836","H","532","H_532_8",0,0,0,0,0,0,0,0,0,2,2,0,2,3,2,2,1,0,2,1,0,0,0,0,0,0,0,0,0,0,0,0,0,0,0,0,0,0,0,0
"837","H","532","H_532_9",0,0,0,0,0,0,0,2,4,4,6,5,3,4,4,3,3,3,2,2,3,2,2,2,0,3,0,0,1,0,0,0,0,0,0,0,0,0,0,0
"838","H","532","H_532_10",0,0,0,0,0,0,0,4,4,4,4,0,2,4,2,3,2,3,3,1,2,1,4,0,0,0,0,0,0,0,0,0,0,0,0,0,0,0,0,0
"839","H","532","H_532_11",0,0,0,0,0,0,0,0,0,0,0,0,0,0,0,0,0,0,0,0,0,0,0,0,0,0,0,0,0,0,0,0,0,0,0,0,0,0,0,0
"840","H","532","H_532_12",0,0,0,0,0,0,0,2,4,4,4,2,0,0,0,0,0,0,0,0,0,0,0,0,0,0,0,0,0,0,0,0,0,0,0,0,0,0,0,0
"841","H","532","H_532_13",0,0,0,0,0,0,0,0,0,0,0,0,0,0,0,0,0,0,0,0,0,0,0,0,0,0,0,0,0,0,0,0,0,0,0,0,0,0,0,0
"842","H","532","H_532_14",0,0,0,0,0,0,0,2,1,2,3,2,0,2,3,2,2,2,1,1,0,1,2,1,0,2,2,0,1,0,0,0,0,0,0,0,0,0,0,0
"843","H","532","H_532_15",0,0,0,0,0,0,0,0,4,1,4,4,1,4,3,3,3,1,4,2,0,3,1,2,0,0,0,0,0,0,0,0,0,0,0,0,0,0,0,0
"844","H","532","H_532_16",0,0,0,0,0,0,4,4,5,4,1,3,4,3,1,3,1,1,3,3,1,0,2,0,2,1,1,1,0,0,0,0,0,0,0,0,0,0,0,0
"845","H","532","H_532_17",0,0,0,0,0,0,0,0,0,0,0,0,0,0,0,0,0,0,0,0,0,0,0,0,0,0,0,0,0,0,0,0,0,0,0,0,0,0,0,0
"846","H","532","H_532_18",0,0,0,0,0,0,0,4,4,4,4,2,2,5,2,4,0,1,5,1,2,1,2,2,2,1,1,0,0,4,1,0,0,0,0,0,0,0,0,0
"847","H","532","H_532_19",0,0,0,0,0,0,0,2,6,2,2,0,0,0,0,0,0,0,0,0,0,0,0,0,0,0,0,0,0,0,0,0,0,0,0,0,0,0,0,0
"848","H","532","H_532_20",0,0,0,0,0,0,0,0,0,0,1,0,0,0,0,0,0,0,0,0,0,0,0,0,0,0,0,0,0,0,0,0,0,0,0,0,0,0,0,0
"849","H","532","H_532_21",0,0,0,0,0,0,0,2,4,3,4,1,3,1,3,2,1,3,1,2,0,0,0,0,0,0,0,0,0,0,0,0,0,0,0,0,0,0,0,0
"850","H","532","H_532_22",0,0,0,0,0,0,0,0,0,2,4,3,1,2,4,3,3,1,3,3,4,0,0,0,0,0,0,0,0,0,0,0,0,0,0,0,0,0,0,0
"851","H","532","H_532_23",0,0,0,0,0,0,0,2,5,3,5,4,1,6,3,2,3,0,3,2,1,3,1,0,3,1,1,0,1,0,1,0,0,0,0,0,0,0,0,0
"852","H","532","H_532_24",0,0,0,0,0,0,0,2,2,3,1,4,3,3,3,4,1,1,3,1,1,0,1,0,2,0,0,0,0,0,0,0,0,0,0,0,0,0,0,0
"853","H","532","H_532_25",0,0,0,0,0,0,0,0,0,0,0,0,0,0,0,0,0,0,0,0,0,0,0,0,0,0,0,0,0,0,0,0,0,0,0,0,0,0,0,0
"854","H","532","H_532_26",0,0,0,0,0,0,0,0,0,0,0,0,0,0,0,0,0,0,0,0,0,0,0,0,0,0,0,0,0,0,0,0,0,0,0,0,0,0,0,0
"855","H","532","H_532_27",0,0,0,0,0,0,0,0,0,0,0,0,0,0,0,0,0,0,0,0,0,0,0,0,0,0,0,0,0,0,0,0,0,0,0,0,0,0,0,0
"856","H","532","H_532_28",0,0,0,0,0,0,0,0,0,0,0,0,0,0,0,0,0,0,0,0,0,0,0,0,0,0,0,0,0,0,0,0,0,0,0,0,0,0,0,0
"857","H","532","H_532_29",0,0,0,0,0,0,0,0,1,0,0,0,0,0,0,0,0,0,0,0,0,0,0,0,0,0,0,0,0,0,0,0,0,0,0,0,0,0,0,0
"858","H","532","H_532_30",0,0,0,0,0,2,3,3,6,3,2,2,3,4,4,3,1,2,3,1,0,1,0,0,0,0,0,0,0,0,0,0,0,0,0,0,0,0,0,0
"859","H","532","H_532_31",0,0,0,0,0,0,4,4,4,4,4,3,4,3,4,2,3,2,3,2,3,2,2,1,0,1,0,0,0,0,0,0,0,0,0,0,0,0,0,0
"860","H","532","H_532_32",0,0,0,0,0,0,4,4,6,3,3,4,6,3,2,4,1,3,1,4,2,1,3,3,2,0,0,0,0,0,0,0,0,0,0,0,0,0,0,0
"861","H","532","H_532_33",0,0,0,0,0,0,1,3,4,5,6,2,3,3,3,1,2,2,0,0,0,0,0,0,0,0,0,0,0,0,0,0,0,0,0,0,0,0,0,0
"862","H","532","H_532_34",0,0,0,0,0,0,2,4,4,5,5,2,6,4,2,2,3,3,1,3,2,2,1,0,0,0,0,0,0,0,0,0,0,0,0,0,0,0,0,0
"863","H","532","H_532_35",0,0,0,0,0,2,3,1,3,5,1,3,1,3,2,2,0,0,0,0,0,0,0,0,0,0,0,0,0,0,0,0,0,0,0,0,0,0,0,0
"864","H","532","H_532_36",0,0,0,0,0,0,5,5,4,6,3,3,2,0,0,0,0,0,0,0,0,0,0,0,0,0,0,0,0,0,0,0,0,0,0,0,0,0,0,0
"865","H","541","H_541_1",0,0,0,0,0,0,0,0,0,2,2,2,2,5,2,3,2,5,1,1,6,2,2,4,3,4,0,2,0,1,1,0,0,0,0,0,0,0,0,0
"866","H","541","H_541_2",0,0,0,0,0,0,0,2,4,4,7,3,1,7,1,3,0,0,0,0,0,0,0,0,0,0,0,0,0,0,0,0,0,0,0,0,0,0,0,0
"867","H","541","H_541_3",0,0,0,0,0,2,2,4,5,3,2,0,0,0,0,0,0,0,0,0,0,0,0,0,0,0,0,0,0,0,0,0,0,0,0,0,0,0,0,0
"868","H","541","H_541_4",0,0,0,0,0,0,0,0,0,0,0,0,0,0,0,0,0,0,0,0,0,0,0,0,0,0,0,0,0,0,0,0,0,0,0,0,0,0,0,0
"869","H","541","H_541_5",0,0,0,0,0,3,2,5,5,5,4,3,1,3,2,2,2,3,1,3,1,0,0,0,0,0,0,0,0,0,0,0,0,0,0,0,0,0,0,0
"870","H","541","H_541_6",0,0,0,0,0,0,0,2,6,7,1,0,0,0,0,0,0,0,0,0,0,0,0,0,0,0,0,0,0,0,0,0,0,0,0,0,0,0,0,0
"871","H","541","H_541_7",0,0,0,0,0,0,0,0,0,0,0,0,0,0,0,0,0,0,0,0,0,0,0,0,0,0,0,0,0,0,0,0,0,0,0,0,0,0,0,0
"872","H","541","H_541_8",0,0,0,0,0,0,0,0,0,2,2,0,0,0,0,0,0,0,0,0,0,0,0,0,0,0,0,0,0,0,0,0,0,0,0,0,0,0,0,0
"873","H","541","H_541_9",0,0,0,0,0,0,0,2,4,5,3,0,8,2,4,5,2,0,0,0,0,0,0,0,0,0,0,0,0,0,0,0,0,0,0,0,0,0,0,0
"874","H","541","H_541_10",0,0,0,0,0,0,0,0,0,0,0,0,0,0,0,0,0,0,0,0,0,0,0,0,0,0,0,0,0,0,0,0,0,0,0,0,0,0,0,0
"875","H","541","H_541_11",0,0,0,0,0,0,0,0,0,0,0,0,0,0,0,0,0,0,0,0,0,0,0,0,0,0,0,0,0,0,0,0,0,0,0,0,0,0,0,0
"876","H","541","H_541_12",0,0,0,0,0,0,0,4,3,5,4,4,4,2,0,0,0,0,0,0,0,0,0,0,0,0,0,0,0,0,0,0,0,0,0,0,0,0,0,0
"877","H","541","H_541_13",0,0,0,0,0,0,0,0,0,0,0,0,0,0,0,0,0,0,0,0,0,0,0,0,0,0,0,0,0,0,0,0,0,0,0,0,0,0,0,0
"878","H","541","H_541_14",0,0,0,0,0,0,0,2,7,4,6,4,2,3,4,2,0,0,0,0,0,0,0,0,0,0,0,0,0,0,0,0,0,0,0,0,0,0,0,0
"879","H","541","H_541_15",0,0,0,0,0,0,0,0,0,0,0,0,0,0,0,0,0,0,0,0,0,0,0,0,0,0,0,0,0,0,0,0,0,0,0,0,0,0,0,0
"880","H","541","H_541_16",0,0,0,0,0,0,0,2,4,3,4,3,2,6,4,4,3,4,4,4,0,2,2,1,1,2,0,2,1,2,0,0,0,0,0,0,0,0,0,0
"881","H","541","H_541_17",0,0,0,0,0,0,0,0,0,0,0,2,2,2,2,2,0,0,0,0,0,0,0,0,0,0,0,0,0,0,0,0,0,0,0,0,0,0,0,0
"882","H","541","H_541_18",0,0,0,0,0,0,0,0,2,0,6,4,3,5,2,3,3,2,3,0,0,0,0,0,0,0,0,0,0,0,0,0,0,0,0,0,0,0,0,0
"883","H","541","H_541_19",0,0,0,0,0,0,0,0,0,0,0,0,0,0,0,0,0,0,0,0,0,0,0,0,0,0,0,0,0,0,0,0,0,0,0,0,0,0,0,0
"884","H","541","H_541_20",0,0,0,0,0,0,0,0,0,0,0,0,0,0,0,0,0,0,0,0,0,0,0,0,0,0,0,0,0,0,0,0,0,0,0,0,0,0,0,0
"885","H","541","H_541_21",0,0,0,0,0,0,0,2,3,4,4,4,3,4,3,3,2,4,2,1,4,2,1,2,1,1,1,2,0,0,2,0,0,0,0,0,0,0,0,0
"886","H","541","H_541_22",0,0,0,0,0,0,0,3,5,2,4,3,2,3,2,2,0,0,0,0,0,0,0,0,0,0,0,0,0,0,0,0,0,0,0,0,0,0,0,0
"887","H","541","H_541_23",0,0,0,0,0,0,0,0,0,0,3,3,0,2,4,0,3,1,0,0,0,0,0,0,0,0,0,0,0,0,0,0,0,0,0,0,0,0,0,0
"888","H","541","H_541_24",0,0,0,0,0,0,0,4,3,3,4,3,5,2,2,5,1,3,1,0,0,0,0,0,0,0,0,0,0,0,0,0,0,0,0,0,0,0,0,0
"889","H","541","H_541_25",0,0,0,0,0,0,0,0,0,0,0,0,0,0,0,0,0,0,0,0,0,0,0,0,0,0,0,0,0,0,0,0,0,0,0,0,0,0,0,0
"890","H","541","H_541_26",0,0,0,0,0,0,0,0,0,0,0,0,0,0,0,0,0,0,0,0,0,0,0,0,0,0,0,0,0,0,0,0,0,0,0,0,0,0,0,0
"891","H","541","H_541_27",0,0,0,0,0,0,0,0,3,3,4,1,5,3,0,0,0,0,0,0,0,0,0,0,0,0,0,0,0,0,0,0,0,0,0,0,0,0,0,0
"892","H","541","H_541_28",0,0,0,0,0,0,0,2,3,4,5,3,4,4,0,0,0,0,0,0,0,0,0,0,0,0,0,0,0,0,0,0,0,0,0,0,0,0,0,0
"893","H","541","H_541_29",0,0,0,0,0,0,0,2,2,4,2,1,2,2,0,0,0,0,0,0,0,0,0,0,0,0,0,0,0,0,0,0,0,0,0,0,0,0,0,0
"894","H","541","H_541_30",0,0,0,0,0,0,0,2,4,4,4,5,5,4,3,2,3,4,0,0,0,0,0,0,0,0,0,0,0,0,0,0,0,0,0,0,0,0,0,0
"895","H","541","H_541_31",0,0,0,0,0,0,0,4,5,3,6,3,5,1,3,1,3,3,0,0,0,0,0,0,0,0,0,0,0,0,0,0,0,0,0,0,0,0,0,0
"896","H","541","H_541_32",0,0,0,0,0,0,0,4,3,4,3,0,5,4,4,2,3,4,3,0,0,0,0,0,0,0,0,0,0,0,0,0,0,0,0,0,0,0,0,0
"897","H","541","H_541_33",0,0,0,0,0,0,0,0,0,0,1,3,2,2,2,2,3,1,1,1,0,0,0,0,0,0,0,0,0,0,0,0,0,0,0,0,0,0,0,0
"898","H","541","H_541_34",0,0,0,0,0,0,0,0,2,1,5,3,1,5,0,0,0,0,0,0,0,0,0,0,0,0,0,0,0,0,0,0,0,0,0,0,0,0,0,0
"899","H","541","H_541_35",0,0,0,0,0,0,0,0,0,0,0,0,0,0,0,0,0,0,0,0,0,0,0,0,0,0,0,0,0,0,0,0,0,0,0,0,0,0,0,0
"900","H","541","H_541_36",0,0,0,0,0,0,0,0,0,0,0,0,0,0,0,0,0,0,0,0,0,0,0,0,0,0,0,0,0,0,0,0,0,0,0,0,0,0,0,0
"901","H","615","H_615_1",0,0,0,0,0,0,0,0,0,2,1,0,7,2,2,1,1,0,0,0,0,0,0,0,0,0,0,0,0,0,0,0,0,0,0,0,0,0,0,0
"902","H","615","H_615_2",0,0,0,0,0,0,0,0,0,0,0,0,0,0,0,0,0,0,0,0,0,0,0,0,0,0,0,0,0,0,0,0,0,0,0,0,0,0,0,0
"903","H","615","H_615_3",0,0,0,0,0,0,0,0,0,0,0,0,0,0,0,0,0,0,0,0,0,0,0,0,0,0,0,0,0,0,0,0,0,0,0,0,0,0,0,0
"904","H","615","H_615_4",0,0,0,0,0,0,0,0,0,3,3,2,2,0,0,0,0,0,0,0,0,0,0,0,0,0,0,0,0,0,0,0,0,0,0,0,0,0,0,0
"905","H","615","H_615_5",0,0,0,0,0,0,0,0,4,4,3,3,2,0,0,0,0,0,0,0,0,0,0,0,0,0,0,0,0,0,0,0,0,0,0,0,0,0,0,0
"906","H","615","H_615_6",0,0,0,0,0,0,0,1,3,2,0,0,0,0,0,0,0,0,0,0,0,0,0,0,0,0,0,0,0,0,0,0,0,0,0,0,0,0,0,0
"907","H","615","H_615_7",0,0,0,0,0,0,0,0,0,0,0,0,0,0,0,0,0,0,0,0,0,0,0,0,0,0,0,0,0,0,0,0,0,0,0,0,0,0,0,0
"908","H","615","H_615_8",0,0,0,0,0,1,0,5,4,3,4,2,3,1,0,5,0,0,0,0,0,0,0,0,0,0,0,0,0,0,0,0,0,0,0,0,0,0,0,0
"909","H","615","H_615_9",0,0,0,0,0,0,0,0,0,1,3,4,1,1,2,3,0,0,0,0,0,0,0,0,0,0,0,0,0,0,0,0,0,0,0,0,0,0,0,0
"910","H","615","H_615_10",0,0,0,0,0,0,0,0,0,0,0,0,0,0,0,0,0,0,0,0,0,0,0,0,0,0,0,0,0,0,0,0,0,0,0,0,0,0,0,0
"911","H","615","H_615_11",0,0,0,0,0,0,0,0,0,0,0,0,0,0,0,0,0,0,0,0,0,0,0,0,0,0,0,0,0,0,0,0,0,0,0,0,0,0,0,0
"912","H","615","H_615_12",0,0,0,0,0,0,0,0,0,0,0,0,0,0,0,0,0,0,0,0,0,0,0,0,0,0,0,0,0,0,0,0,0,0,0,0,0,0,0,0
"913","H","615","H_615_13",0,0,0,0,0,0,0,0,0,0,0,0,0,0,0,0,0,0,0,0,0,0,0,0,0,0,0,0,0,0,0,0,0,0,0,0,0,0,0,0
"914","H","615","H_615_14",0,0,0,0,0,0,0,0,0,0,0,0,0,0,0,0,0,0,0,0,0,0,0,0,0,0,0,0,0,0,0,0,0,0,0,0,0,0,0,0
"915","H","615","H_615_15",0,0,0,0,0,0,0,0,0,0,0,1,1,2,1,2,0,0,0,0,0,0,0,0,0,0,0,0,0,0,0,0,0,0,0,0,0,0,0,0
"916","H","615","H_615_16",0,0,0,0,0,0,0,4,3,1,4,3,2,1,5,2,2,1,2,3,1,1,0,0,0,0,0,0,0,0,0,0,0,0,0,0,0,0,0,0
"917","H","615","H_615_17",0,0,0,0,0,0,0,0,0,0,0,0,0,0,0,0,0,0,0,0,0,0,0,0,0,0,0,0,0,0,0,0,0,0,0,0,0,0,0,0
"918","H","615","H_615_18",0,0,0,0,0,0,0,2,4,3,3,4,2,2,2,2,5,0,0,0,0,0,0,0,0,0,0,0,0,0,0,0,0,0,0,0,0,0,0,0
"919","H","615","H_615_19",0,0,0,0,0,0,0,0,0,0,0,0,0,0,0,0,0,0,0,0,0,0,0,0,0,0,0,0,0,0,0,0,0,0,0,0,0,0,0,0
"920","H","615","H_615_20",0,0,0,0,0,0,2,2,3,3,3,0,4,2,4,0,0,2,2,0,1,2,0,0,0,0,0,0,0,0,0,0,0,0,0,0,0,0,0,0
"921","H","615","H_615_21",0,0,0,0,0,0,0,0,0,0,0,0,0,0,0,0,0,0,0,0,0,0,0,0,0,0,0,0,0,0,0,0,0,0,0,0,0,0,0,0
"922","H","615","H_615_22",0,0,0,0,0,0,0,0,0,0,1,4,1,2,0,0,0,0,0,0,0,0,0,0,0,0,0,0,0,0,0,0,0,0,0,0,0,0,0,0
"923","H","615","H_615_23",0,0,0,0,0,0,0,0,0,0,0,0,0,1,1,1,1,1,1,0,0,0,0,0,0,0,0,0,0,0,0,0,0,0,0,0,0,0,0,0
"924","H","615","H_615_24",0,0,0,0,0,0,0,0,0,0,0,0,0,0,0,0,0,0,0,0,0,0,0,0,0,0,0,0,0,0,0,0,0,0,0,0,0,0,0,0
"925","H","615","H_615_25",0,0,0,0,0,0,0,0,5,3,2,2,4,2,1,4,0,5,1,3,2,1,0,1,0,0,0,0,0,0,0,0,0,0,0,0,0,0,0,0
"926","H","615","H_615_26",0,0,0,0,0,0,0,4,4,2,5,0,4,0,0,0,0,0,0,0,0,0,0,0,0,0,0,0,0,0,0,0,0,0,0,0,0,0,0,0
"927","H","615","H_615_27",0,0,0,0,0,0,0,0,2,1,4,0,3,0,0,0,0,0,0,0,0,0,0,0,0,0,0,0,0,0,0,0,0,0,0,0,0,0,0,0
"928","H","615","H_615_28",0,0,0,0,0,0,0,0,0,0,0,0,0,0,0,0,0,0,0,0,0,0,0,0,0,0,0,0,0,0,0,0,0,0,0,0,0,0,0,0
"929","H","615","H_615_29",0,0,0,0,0,0,0,0,0,0,0,0,0,0,0,0,0,0,0,0,0,0,0,0,0,0,0,0,0,0,0,0,0,0,0,0,0,0,0,0
"930","H","615","H_615_30",0,0,0,0,0,0,0,0,0,0,2,2,1,0,0,0,0,0,0,0,0,0,0,0,0,0,0,0,0,0,0,0,0,0,0,0,0,0,0,0
"931","H","615","H_615_31",0,0,0,0,0,0,0,0,0,0,0,0,0,0,0,0,0,0,0,0,0,0,0,0,0,0,0,0,0,0,0,0,0,0,0,0,0,0,0,0
"932","H","615","H_615_32",0,0,0,0,0,0,0,0,0,0,0,0,0,0,0,0,0,0,0,0,0,0,0,0,0,0,0,0,0,0,0,0,0,0,0,0,0,0,0,0
"933","H","615","H_615_33",0,0,0,0,0,0,0,0,2,1,0,0,0,0,0,0,0,0,0,0,0,0,0,0,0,0,0,0,0,0,0,0,0,0,0,0,0,0,0,0
"934","H","615","H_615_34",0,0,0,0,0,0,0,2,5,1,4,2,3,1,0,0,0,0,0,0,0,0,0,0,0,0,0,0,0,0,0,0,0,0,0,0,0,0,0,0
"935","H","615","H_615_35",0,0,0,0,0,0,3,7,0,0,0,0,0,0,0,0,0,0,0,0,0,0,0,0,0,0,0,0,0,0,0,0,0,0,0,0,0,0,0,0
"936","H","615","H_615_36",0,0,0,0,0,0,0,4,4,4,3,2,3,1,2,2,3,5,2,1,0,3,1,0,0,0,0,0,0,0,0,0,0,0,0,0,0,0,0,0
"937","H","624","H_624_1",0,0,0,0,0,0,0,2,0,5,2,3,0,0,0,0,0,0,0,0,0,0,0,0,0,0,0,0,0,0,0,0,0,0,0,0,0,0,0,0
"938","H","624","H_624_2",0,0,0,0,0,0,4,2,2,2,2,0,0,0,0,0,0,0,0,0,0,0,0,0,0,0,0,0,0,0,0,0,0,0,0,0,0,0,0,0
"939","H","624","H_624_3",0,0,0,0,0,0,4,5,4,1,4,2,2,3,0,2,0,0,0,0,0,0,0,0,0,0,0,0,0,0,0,0,0,0,0,0,0,0,0,0
"940","H","624","H_624_4",0,0,0,0,0,0,0,0,2,1,5,1,3,2,3,0,0,0,0,0,0,0,0,0,0,0,0,0,0,0,0,0,0,0,0,0,0,0,0,0
"941","H","624","H_624_5",0,0,0,0,0,0,0,0,0,0,0,0,0,0,0,0,0,0,0,0,0,0,0,0,0,0,0,0,0,0,0,0,0,0,0,0,0,0,0,0
"942","H","624","H_624_6",0,0,0,0,0,0,0,0,3,3,2,2,2,2,2,1,3,1,0,0,1,3,4,0,0,0,0,0,0,0,0,0,0,0,0,0,0,0,0,0
"943","H","624","H_624_7",0,0,0,0,0,0,0,0,0,4,2,4,0,4,1,1,1,0,0,0,0,0,0,0,0,0,0,0,0,0,0,0,0,0,0,0,0,0,0,0
"944","H","624","H_624_8",0,0,0,0,0,0,0,0,0,0,0,0,0,0,0,0,0,0,0,0,0,0,0,0,0,0,0,0,0,0,0,0,0,0,0,0,0,0,0,0
"945","H","624","H_624_9",0,0,0,0,0,0,0,0,2,2,4,2,3,4,3,1,0,0,0,0,0,0,0,0,0,0,0,0,0,0,0,0,0,0,0,0,0,0,0,0
"946","H","624","H_624_10",0,0,0,0,0,0,0,4,2,3,2,5,3,3,2,0,0,0,0,0,0,0,0,0,0,0,0,0,0,0,0,0,0,0,0,0,0,0,0,0
"947","H","624","H_624_11",0,0,0,0,0,0,0,0,0,0,0,0,0,0,0,0,0,0,0,0,0,0,0,0,0,0,0,0,0,0,0,0,0,0,0,0,0,0,0,0
"948","H","624","H_624_12",0,0,0,0,0,0,0,2,2,2,2,3,3,0,2,0,0,0,0,0,0,0,0,0,0,0,0,0,0,0,0,0,0,0,0,0,0,0,0,0
"949","H","624","H_624_13",0,0,0,0,0,0,0,4,4,0,4,3,2,2,2,0,0,0,0,0,0,0,0,0,0,0,0,0,0,0,0,0,0,0,0,0,0,0,0,0
"950","H","624","H_624_14",0,0,0,0,0,0,0,0,0,0,0,0,0,0,0,0,0,0,0,0,0,0,0,0,0,0,0,0,0,0,0,0,0,0,0,0,0,0,0,0
"951","H","624","H_624_15",0,0,0,0,0,0,0,0,0,0,0,0,0,0,0,0,0,0,0,0,0,0,0,0,0,0,0,0,0,0,0,0,0,0,0,0,0,0,0,0
"952","H","624","H_624_16",0,0,0,0,0,0,0,2,1,3,5,1,3,3,1,4,1,4,2,3,1,2,0,2,1,0,0,0,0,0,0,0,0,0,0,0,0,0,0,0
"953","H","624","H_624_17",0,0,0,0,0,0,2,4,4,2,2,2,0,0,0,0,0,0,0,0,0,0,0,0,0,0,0,0,0,0,0,0,0,0,0,0,0,0,0,0
"954","H","624","H_624_18",0,0,0,0,0,0,4,4,4,0,3,3,1,3,1,1,4,3,3,1,1,0,0,0,0,0,0,0,0,0,0,0,0,0,0,0,0,0,0,0
"955","H","624","H_624_19",0,0,0,0,0,0,6,2,6,2,4,3,4,4,3,0,0,0,0,0,0,0,0,0,0,0,0,0,0,0,0,0,0,0,0,0,0,0,0,0
"956","H","624","H_624_20",0,0,0,0,0,0,1,2,4,0,0,0,0,0,0,0,0,0,0,0,0,0,0,0,0,0,0,0,0,0,0,0,0,0,0,0,0,0,0,0
"957","H","624","H_624_21",0,0,0,0,0,0,0,0,0,2,4,1,1,3,2,2,1,5,1,2,2,2,0,1,2,0,0,0,0,0,0,0,0,0,0,0,0,0,0,0
"958","H","624","H_624_22",0,0,0,0,0,0,0,0,0,0,0,0,0,0,0,0,0,0,0,0,0,0,0,0,0,0,0,0,0,0,0,0,0,0,0,0,0,0,0,0
"959","H","624","H_624_23",0,0,0,0,0,0,0,0,0,4,0,0,0,0,0,0,0,0,0,0,0,0,0,0,0,0,0,0,0,0,0,0,0,0,0,0,0,0,0,0
"960","H","624","H_624_24",0,0,0,0,0,0,0,0,0,0,0,0,0,0,0,0,0,0,0,0,0,0,0,0,0,0,0,0,0,0,0,0,0,0,0,0,0,0,0,0
"961","H","624","H_624_25",0,0,0,0,0,0,0,2,4,5,3,4,3,0,0,0,0,0,0,0,0,0,0,0,0,0,0,0,0,0,0,0,0,0,0,0,0,0,0,0
"962","H","624","H_624_26",0,0,0,0,0,0,4,4,4,1,6,3,2,2,1,0,0,0,0,0,0,0,0,0,0,0,0,0,0,0,0,0,0,0,0,0,0,0,0,0
"963","H","624","H_624_27",0,0,0,0,0,0,0,0,0,0,0,0,0,0,0,0,0,0,0,0,0,0,0,0,0,0,0,0,0,0,0,0,0,0,0,0,0,0,0,0
"964","H","624","H_624_28",0,0,0,0,0,0,0,0,0,0,0,0,0,0,0,0,0,0,0,0,0,0,0,0,0,0,0,0,0,0,0,0,0,0,0,0,0,0,0,0
"965","H","624","H_624_29",0,0,0,0,0,0,0,2,0,0,0,0,0,0,0,0,0,0,0,0,0,0,0,0,0,0,0,0,0,0,0,0,0,0,0,0,0,0,0,0
"966","H","624","H_624_30",0,0,0,0,0,0,2,4,3,3,4,2,2,1,2,3,1,0,0,0,0,0,0,0,0,0,0,0,0,0,0,0,0,0,0,0,0,0,0,0
"967","H","624","H_624_31",0,0,0,0,0,0,0,2,5,1,7,2,4,6,4,3,2,4,1,4,0,1,3,2,0,0,0,0,0,0,0,0,0,0,0,0,0,0,0,0
"968","H","624","H_624_32",0,0,0,0,0,0,3,3,5,3,1,0,0,0,0,0,0,0,0,0,0,0,0,0,0,0,0,0,0,0,0,0,0,0,0,0,0,0,0,0
"969","H","624","H_624_33",0,0,0,0,0,0,0,0,0,4,0,3,4,0,3,3,3,2,4,4,1,1,1,4,2,0,0,0,0,0,0,0,0,0,0,0,0,0,0,0
"970","H","624","H_624_34",0,0,0,0,0,0,0,0,0,0,1,2,1,2,0,0,0,0,0,1,0,0,0,0,0,0,0,0,0,0,0,0,0,0,0,0,0,0,0,0
"971","H","624","H_624_35",0,0,0,0,0,0,0,0,0,0,0,0,0,0,0,0,0,0,0,0,0,0,0,0,0,0,0,0,0,0,0,0,0,0,0,0,0,0,0,0
"972","H","624","H_624_36",0,0,0,0,0,0,2,3,3,3,6,2,4,3,2,1,3,3,3,2,1,0,0,0,0,0,0,0,0,0,0,0,0,0,0,0,0,0,0,0
"973","H","633","H_633_1",0,0,0,0,0,0,0,0,0,0,0,0,0,0,0,0,0,0,0,0,0,0,0,0,0,0,0,0,0,0,0,0,0,0,0,0,0,0,0,0
"974","H","633","H_633_2",0,0,0,0,0,2,3,3,3,5,5,3,3,4,0,3,4,0,0,0,0,0,0,0,0,0,0,0,0,0,0,0,0,0,0,0,0,0,0,0
"975","H","633","H_633_3",0,0,0,0,0,0,0,2,2,4,4,2,3,2,2,3,4,2,3,1,2,1,1,2,2,0,1,0,0,0,0,0,0,0,0,0,0,0,0,0
"976","H","633","H_633_4",0,0,0,0,0,0,0,0,0,0,0,0,0,0,0,0,0,0,0,0,0,0,0,0,0,0,0,0,0,0,0,0,0,0,0,0,0,0,0,0
"977","H","633","H_633_5",0,0,0,0,0,0,0,3,2,4,6,2,2,2,4,2,4,4,1,0,0,0,0,0,0,0,0,0,0,0,0,0,0,0,0,0,0,0,0,0
"978","H","633","H_633_6",0,0,0,0,0,1,3,3,3,5,4,2,2,3,1,4,3,1,2,3,0,3,2,1,1,0,0,0,0,0,0,0,0,0,0,0,0,0,0,0
"979","H","633","H_633_7",0,0,0,0,0,0,0,0,0,0,0,0,0,0,0,0,0,0,0,0,0,0,0,0,0,0,0,0,0,0,0,0,0,0,0,0,0,0,0,0
"980","H","633","H_633_8",0,0,0,0,0,0,0,5,3,2,5,2,2,2,0,0,0,0,0,0,0,0,0,0,0,0,0,0,0,0,0,0,0,0,0,0,0,0,0,0
"981","H","633","H_633_9",0,0,0,0,0,0,0,0,2,4,6,3,5,1,3,3,3,3,1,2,2,2,2,2,0,0,0,0,2,0,0,0,0,0,0,0,0,0,0,0
"982","H","633","H_633_10",0,0,0,0,0,0,0,0,0,2,3,2,1,2,3,1,3,3,2,1,2,1,3,0,0,0,0,0,0,0,0,0,0,0,0,0,0,0,0,0
"983","H","633","H_633_11",0,0,0,0,0,0,0,2,3,3,5,3,2,3,3,3,2,3,2,1,2,1,0,0,0,0,0,0,0,0,0,0,0,0,0,0,0,0,0,0
"984","H","633","H_633_12",0,0,0,0,0,0,0,0,0,2,3,1,2,1,3,2,2,2,2,2,0,0,0,0,0,0,0,0,0,0,0,0,0,0,0,0,0,0,0,0
"985","H","633","H_633_13",0,0,0,0,0,0,0,0,0,4,2,1,1,0,0,0,0,0,0,0,0,0,0,0,0,0,0,0,0,0,0,0,0,0,0,0,0,0,0,0
"986","H","633","H_633_14",0,0,0,0,0,0,0,0,0,2,3,2,1,0,0,0,0,0,0,0,0,0,0,0,0,0,0,0,0,0,0,0,0,0,0,0,0,0,0,0
"987","H","633","H_633_15",0,0,0,0,0,0,0,0,0,0,0,0,0,0,0,0,0,0,0,0,0,0,0,0,0,0,0,0,0,0,0,0,0,0,0,0,0,0,0,0
"988","H","633","H_633_16",0,0,0,0,0,0,0,0,0,0,0,0,2,3,0,2,0,2,0,0,0,0,0,0,0,0,0,0,0,0,0,0,0,0,0,0,0,0,0,0
"989","H","633","H_633_17",0,0,0,0,0,0,0,0,0,0,0,0,0,0,0,0,0,0,0,0,0,0,0,0,0,0,0,0,0,0,0,0,0,0,0,0,0,0,0,0
"990","H","633","H_633_18",0,0,0,0,0,0,0,0,0,0,0,0,0,0,0,0,0,0,0,0,0,0,0,0,0,0,0,0,0,0,0,0,0,0,0,0,0,0,0,0
"991","H","633","H_633_19",0,0,0,0,0,0,0,0,0,0,0,0,0,0,0,0,0,0,0,0,0,0,0,0,0,0,0,0,0,0,0,0,0,0,0,0,0,0,0,0
"992","H","633","H_633_20",0,0,0,0,0,0,0,0,0,0,0,2,3,2,2,2,1,0,0,0,2,1,1,1,1,0,0,0,0,0,0,0,0,0,0,0,0,0,0,0
"993","H","633","H_633_21",0,0,0,0,0,0,0,0,0,0,0,0,0,0,0,0,0,0,0,0,0,0,0,0,0,0,0,0,0,0,0,0,0,0,0,0,0,0,0,0
"994","H","633","H_633_22",0,0,0,0,0,0,0,0,0,0,0,0,0,0,0,0,0,0,0,0,0,0,0,0,0,0,0,0,0,0,0,0,0,0,0,0,0,0,0,0
"995","H","633","H_633_23",0,0,0,0,0,0,0,3,3,4,6,3,2,3,2,3,2,4,1,4,0,1,0,0,0,0,0,0,0,0,0,0,0,0,0,0,0,0,0,0
"996","H","633","H_633_24",0,0,0,0,0,0,2,2,4,2,4,4,1,2,1,5,2,4,0,1,1,2,2,4,0,1,0,1,1,3,1,0,0,0,0,0,0,0,0,0
"997","H","633","H_633_25",0,0,0,0,0,0,0,4,2,2,5,1,4,1,1,3,5,0,0,0,0,0,0,0,0,0,0,0,0,0,0,0,0,0,0,0,0,0,0,0
"998","H","633","H_633_26",0,0,0,0,0,0,0,0,0,0,0,1,2,2,1,0,0,0,0,0,0,0,0,0,0,0,0,0,0,0,0,0,0,0,0,0,0,0,0,0
"999","H","633","H_633_27",0,0,0,0,0,0,0,0,0,0,0,0,0,0,0,0,0,0,0,0,0,0,0,0,0,0,0,0,0,0,0,0,0,0,0,0,0,0,0,0
"1000","H","633","H_633_28",0,0,0,0,0,0,0,0,0,2,4,4,2,5,3,2,4,3,1,3,4,1,0,1,2,0,0,0,0,0,0,0,0,0,0,0,0,0,0,0
"1001","H","633","H_633_29",0,0,0,0,0,0,0,0,0,2,0,0,0,0,0,0,0,0,0,0,0,0,0,0,0,0,0,0,0,0,0,0,0,0,0,0,0,0,0,0
"1002","H","633","H_633_30",0,0,0,0,0,0,0,0,0,0,2,2,0,0,0,0,0,0,0,0,0,0,0,0,0,0,0,0,0,0,0,0,0,0,0,0,0,0,0,0
"1003","H","633","H_633_31",0,0,0,0,0,0,0,0,0,0,0,0,0,0,0,0,0,0,0,0,0,0,0,0,0,0,0,0,0,0,0,0,0,0,0,0,0,0,0,0
"1004","H","633","H_633_32",0,0,0,0,0,0,0,0,0,0,2,3,3,1,3,4,3,0,6,2,2,0,1,0,0,0,0,0,0,0,0,0,0,0,0,0,0,0,0,0
"1005","H","633","H_633_33",0,0,0,0,0,0,0,4,2,2,4,4,1,1,1,2,4,3,0,0,0,0,0,0,0,0,0,0,0,0,0,0,0,0,0,0,0,0,0,0
"1006","H","633","H_633_34",0,0,0,0,0,0,0,0,0,0,0,0,0,0,0,0,0,0,0,0,0,0,0,0,0,0,0,0,0,0,0,0,0,0,0,0,0,0,0,0
"1007","H","633","H_633_35",0,0,0,0,0,0,0,0,0,0,0,1,2,2,3,0,2,3,4,2,2,1,2,3,0,0,0,0,0,0,0,0,0,0,0,0,0,0,0,0
"1008","H","633","H_633_36",0,0,0,0,0,0,0,0,0,0,0,0,0,2,0,0,0,0,0,1,0,0,0,0,0,0,0,0,0,0,0,0,0,0,0,0,0,0,0,0
"1009","H","642","H_642_1",0,0,0,0,0,0,2,4,0,4,5,2,2,4,3,0,0,0,0,0,0,0,0,0,0,0,0,0,0,0,0,0,0,0,0,0,0,0,0,0
"1010","H","642","H_642_2",0,0,0,0,0,0,0,2,2,4,4,4,2,5,4,3,2,4,2,3,0,3,1,1,0,0,0,0,0,0,0,0,0,0,0,0,0,0,0,0
"1011","H","642","H_642_3",0,0,0,0,0,0,0,0,0,4,2,4,0,2,2,1,2,5,1,0,0,0,0,0,0,0,0,0,0,0,0,0,0,0,0,0,0,0,0,0
"1012","H","642","H_642_4",0,0,0,0,0,0,0,0,0,0,0,0,0,0,0,0,0,0,0,0,0,0,0,0,0,0,0,0,0,0,0,0,0,0,0,0,0,0,0,0
"1013","H","642","H_642_5",0,0,0,0,0,0,0,0,2,2,3,2,4,1,4,4,3,4,3,2,2,2,3,0,1,2,0,1,2,2,0,0,0,0,0,0,0,0,0,0
"1014","H","642","H_642_6",0,0,0,0,0,0,0,0,0,0,0,0,0,0,0,0,0,0,0,0,0,0,0,0,0,0,0,0,0,0,0,0,0,0,0,0,0,0,0,0
"1015","H","642","H_642_7",0,0,0,0,0,0,0,0,0,0,0,0,0,0,0,0,0,0,0,0,0,0,0,0,0,0,0,0,0,0,0,0,0,0,0,0,0,0,0,0
"1016","H","642","H_642_8",0,0,0,0,0,0,0,0,0,0,0,0,0,0,0,0,0,0,0,0,0,0,0,0,0,0,0,0,0,0,0,0,0,0,0,0,0,0,0,0
"1017","H","642","H_642_9",0,0,0,0,0,0,0,0,0,0,0,0,0,0,0,0,0,0,0,0,0,0,0,0,0,0,0,0,0,0,0,0,0,0,0,0,0,0,0,0
"1018","H","642","H_642_10",0,0,0,0,0,0,0,3,4,1,6,3,2,2,3,3,2,3,0,3,0,0,0,0,0,0,0,0,0,0,0,0,0,0,0,0,0,0,0,0
"1019","H","642","H_642_11",0,0,0,0,0,0,0,0,0,0,0,0,0,0,0,0,0,0,0,0,0,0,0,0,0,0,0,0,0,0,0,0,0,0,0,0,0,0,0,0
"1020","H","642","H_642_12",0,0,0,0,0,0,0,0,0,0,1,3,4,2,2,4,2,1,0,0,0,0,0,0,0,0,0,0,0,0,0,0,0,0,0,0,0,0,0,0
"1021","H","642","H_642_13",0,0,0,0,0,0,0,0,0,0,0,0,0,0,0,0,0,0,0,0,0,0,0,0,0,0,0,0,0,0,0,0,0,0,0,0,0,0,0,0
"1022","H","642","H_642_14",0,0,0,0,0,0,0,0,0,0,0,0,0,0,0,0,0,0,0,0,0,0,0,0,0,0,0,0,0,0,0,0,0,0,0,0,0,0,0,0
"1023","H","642","H_642_15",0,0,0,0,0,0,0,0,0,0,0,0,0,0,0,0,0,0,0,0,0,0,0,0,0,0,0,0,0,0,0,0,0,0,0,0,0,0,0,0
"1024","H","642","H_642_16",0,0,0,0,0,0,0,2,4,3,6,2,2,5,0,0,0,0,0,0,0,0,0,0,0,0,0,0,0,0,0,0,0,0,0,0,0,0,0,0
"1025","H","642","H_642_17",0,0,0,0,0,0,0,0,0,0,0,0,0,0,0,0,0,0,0,0,0,0,0,0,0,0,0,0,0,0,0,0,0,0,0,0,0,0,0,0
"1026","H","642","H_642_18",0,0,0,0,0,0,0,0,0,0,0,2,2,4,2,3,1,3,3,5,0,3,3,0,2,2,0,1,1,0,0,0,0,0,0,0,0,0,0,0
"1027","H","642","H_642_19",0,0,0,0,0,0,0,0,0,0,0,0,0,0,0,0,0,0,0,0,0,0,0,0,0,0,0,0,0,0,0,0,0,0,0,0,0,0,0,0
"1028","H","642","H_642_20",0,0,0,0,0,0,2,3,5,5,6,2,2,4,3,1,3,1,0,0,0,0,0,0,0,0,0,0,0,0,0,0,0,0,0,0,0,0,0,0
"1029","H","642","H_642_21",0,0,0,0,0,0,0,0,0,0,0,0,0,0,0,0,0,0,0,0,0,0,0,0,0,0,0,0,0,0,0,0,0,0,0,0,0,0,0,0
"1030","H","642","H_642_22",0,0,0,0,0,0,0,0,0,0,0,0,0,0,0,0,0,0,0,0,0,0,0,0,0,0,0,0,0,0,0,0,0,0,0,0,0,0,0,0
"1031","H","642","H_642_23",0,0,0,0,0,0,0,1,0,0,0,0,0,0,0,0,0,0,0,0,0,0,0,0,0,0,0,0,0,0,0,0,0,0,0,0,0,0,0,0
"1032","H","642","H_642_24",0,0,0,0,0,0,0,0,0,0,0,0,0,0,0,0,0,0,0,0,0,0,0,0,0,0,0,0,0,0,0,0,0,0,0,0,0,0,0,0
"1033","H","642","H_642_25",0,0,0,0,0,0,0,0,4,4,3,4,1,4,2,2,2,4,3,1,2,0,1,2,0,0,0,0,0,0,0,0,0,0,0,0,0,0,0,0
"1034","H","642","H_642_26",0,0,0,0,0,0,0,0,0,0,0,0,0,0,0,0,0,0,0,0,0,0,0,0,0,0,0,0,0,0,0,0,0,0,0,0,0,0,0,0
"1035","H","642","H_642_27",0,0,0,0,0,0,0,0,0,0,0,0,0,0,0,0,0,0,0,0,0,0,0,0,0,0,0,0,0,0,0,0,0,0,0,0,0,0,0,0
"1036","H","642","H_642_28",0,0,0,0,0,0,0,0,0,0,0,0,0,0,0,0,0,0,0,0,0,0,0,0,0,0,0,0,0,0,0,0,0,0,0,0,0,0,0,0
"1037","H","642","H_642_29",0,0,0,0,0,0,0,0,0,0,4,3,2,5,5,1,3,5,1,4,1,3,1,0,0,0,0,0,0,0,0,0,0,0,0,0,0,0,0,0
"1038","H","642","H_642_30",0,0,0,0,0,0,0,0,4,1,6,2,2,3,4,2,2,6,2,2,2,3,1,2,1,3,1,1,1,0,0,0,0,0,0,0,0,0,0,0
"1039","H","642","H_642_31",0,0,0,0,0,0,0,1,3,2,5,0,0,0,0,0,0,0,0,0,0,0,0,0,0,0,0,0,0,0,0,0,0,0,0,0,0,0,0,0
"1040","H","642","H_642_32",0,0,0,0,0,0,0,0,0,0,0,0,0,0,0,0,0,0,0,0,0,0,0,0,0,0,0,0,0,0,0,0,0,0,0,0,0,0,0,0
"1041","H","642","H_642_33",0,0,0,0,0,0,0,0,0,0,0,0,2,2,2,1,1,0,1,0,0,0,0,0,0,0,0,0,0,0,0,0,0,0,0,0,0,0,0,0
"1042","H","642","H_642_34",0,0,0,0,0,0,0,2,6,4,8,3,3,3,3,1,4,3,3,2,1,1,1,2,1,1,1,0,0,0,0,0,0,0,0,0,0,0,0,0
"1043","H","642","H_642_35",0,0,0,0,0,0,1,0,6,3,5,3,3,4,3,3,4,2,2,1,0,1,1,0,0,0,0,0,0,0,0,0,0,0,0,0,0,0,0,0
"1044","H","642","H_642_36",0,0,0,0,0,0,0,0,0,0,4,5,2,3,5,1,2,2,2,2,1,2,0,4,4,2,0,0,0,0,0,0,0,0,0,0,0,0,0,0
"1045","H","651","H_651_1",0,0,0,0,0,3,3,6,6,5,7,4,3,2,4,4,2,5,1,2,0,2,1,2,1,1,1,1,0,0,0,0,0,0,0,0,0,0,0,0
"1046","H","651","H_651_2",0,0,0,0,0,0,4,5,5,6,7,3,3,3,2,3,4,4,0,2,2,0,2,0,3,1,1,0,0,1,1,0,0,0,0,0,0,0,0,0
"1047","H","651","H_651_3",0,0,0,0,0,0,0,0,0,0,0,0,0,0,0,0,0,0,0,0,0,0,0,0,0,0,0,0,0,0,0,0,0,0,0,0,0,0,0,0
"1048","H","651","H_651_4",0,0,0,0,0,0,0,0,0,0,0,0,0,0,0,0,0,0,0,0,0,0,0,0,0,0,0,0,0,0,0,0,0,0,0,0,0,0,0,0
"1049","H","651","H_651_5",0,0,0,0,0,0,0,0,0,2,4,5,1,0,0,0,0,0,0,0,0,0,0,0,0,0,0,0,0,0,0,0,0,0,0,0,0,0,0,0
"1050","H","651","H_651_6",0,0,0,0,0,0,0,0,0,0,0,0,0,0,0,0,0,0,0,0,0,0,0,0,0,0,0,0,0,0,0,0,0,0,0,0,0,0,0,0
"1051","H","651","H_651_7",0,0,0,0,0,0,0,0,0,0,0,0,0,0,0,0,0,0,0,0,0,0,0,0,0,0,0,0,0,0,0,0,0,0,0,0,0,0,0,0
"1052","H","651","H_651_8",0,0,0,0,0,0,0,0,0,0,3,2,2,1,0,1,1,0,0,0,0,0,0,0,0,0,0,0,0,0,0,0,0,0,0,0,0,0,0,0
"1053","H","651","H_651_9",0,0,0,0,0,0,0,1,5,2,6,4,4,5,5,4,2,3,5,3,0,5,3,1,2,0,2,2,1,1,1,0,0,0,0,0,0,0,0,0
"1054","H","651","H_651_10",0,0,0,0,0,0,0,0,0,0,0,0,0,0,0,0,0,0,0,0,0,0,0,0,0,0,0,0,0,0,0,0,0,0,0,0,0,0,0,0
"1055","H","651","H_651_11",0,0,0,0,0,0,0,0,0,0,0,0,0,0,0,0,0,0,0,0,0,0,0,0,0,0,0,0,0,0,0,0,0,0,0,0,0,0,0,0
"1056","H","651","H_651_12",0,0,0,0,0,0,1,4,3,6,4,5,4,1,6,4,3,3,1,3,3,1,3,0,0,0,0,0,0,0,0,0,0,0,0,0,0,0,0,0
"1057","H","651","H_651_13",0,0,0,0,0,0,0,3,4,3,6,3,1,2,2,3,0,0,0,0,0,0,0,0,0,0,0,0,0,0,0,0,0,0,0,0,0,0,0,0
"1058","H","651","H_651_14",0,0,0,0,0,0,0,0,0,0,2,1,5,2,2,3,2,3,4,3,0,2,3,3,3,0,0,4,1,0,0,0,0,0,0,0,0,0,0,0
"1059","H","651","H_651_15",0,0,0,0,0,0,0,0,0,0,0,0,0,0,0,0,0,0,0,0,0,0,0,0,0,0,0,0,0,0,0,0,0,0,0,0,0,0,0,0
"1060","H","651","H_651_16",0,0,0,0,0,0,0,0,0,0,0,0,0,0,0,0,0,0,0,0,0,0,0,0,0,0,0,0,0,0,0,0,0,0,0,0,0,0,0,0
"1061","H","651","H_651_17",0,0,0,0,0,0,0,4,4,3,5,1,2,4,4,2,3,4,2,1,0,0,2,2,0,0,2,1,0,1,0,0,0,0,0,0,0,0,0,0
"1062","H","651","H_651_18",0,0,0,0,0,0,0,4,2,5,4,5,2,3,4,2,2,0,0,0,0,0,0,0,0,0,0,0,0,0,0,0,0,0,0,0,0,0,0,0
"1063","H","651","H_651_19",0,0,0,0,0,0,0,0,1,3,4,0,4,0,5,1,4,2,0,0,0,0,2,1,1,0,0,0,0,0,0,0,0,0,0,0,0,0,0,0
"1064","H","651","H_651_20",0,0,0,0,0,0,0,2,2,4,4,6,3,5,2,3,1,1,5,1,1,2,3,2,0,0,2,4,1,1,0,0,0,0,0,0,0,0,0,0
"1065","H","651","H_651_21",0,0,0,0,0,0,0,0,0,0,2,2,2,2,2,2,1,3,1,2,2,1,2,1,1,2,2,4,1,1,0,0,0,0,0,0,0,0,0,0
"1066","H","651","H_651_22",0,0,0,0,0,0,0,0,0,0,0,0,0,0,0,0,0,0,0,0,0,0,0,0,0,0,0,0,0,0,0,0,0,0,0,0,0,0,0,0
"1067","H","651","H_651_23",0,0,0,0,0,0,0,3,4,2,6,2,4,4,2,5,3,3,1,4,3,3,3,0,3,2,0,0,2,1,1,0,0,0,0,0,0,0,0,0
"1068","H","651","H_651_24",0,0,0,0,0,0,0,2,4,3,5,3,4,3,3,2,3,4,4,2,5,3,0,1,0,2,1,1,1,1,1,0,1,0,0,0,0,0,0,0
"1069","H","651","H_651_25",0,0,0,0,0,0,2,4,4,4,5,2,3,2,3,3,2,3,1,2,4,1,0,5,2,2,2,1,1,0,0,0,0,0,0,0,0,0,0,0
"1070","H","651","H_651_26",0,0,0,0,0,0,0,1,6,6,9,3,3,4,1,5,3,4,2,2,2,3,2,2,1,2,1,1,0,3,0,1,0,0,0,0,0,0,0,0
"1071","H","651","H_651_27",0,0,0,0,0,0,0,2,3,3,6,3,4,6,2,4,3,2,5,3,1,3,0,3,0,1,0,0,0,0,0,0,0,0,0,0,0,0,0,0
"1072","H","651","H_651_28",0,0,0,0,0,0,0,0,0,4,2,4,2,3,3,5,4,3,4,1,2,0,0,2,2,2,1,0,1,1,0,0,0,0,0,0,0,0,0,0
"1073","H","651","H_651_29",0,0,0,0,0,0,0,0,0,0,0,0,0,0,0,0,0,0,0,0,0,0,0,0,0,0,0,0,0,0,0,0,0,0,0,0,0,0,0,0
"1074","H","651","H_651_30",0,0,0,0,0,0,0,2,6,4,5,3,5,4,6,4,4,4,2,4,2,3,1,1,3,0,2,1,1,1,1,0,1,0,0,0,0,0,0,0
"1075","H","651","H_651_31",0,0,0,0,0,0,0,3,5,2,5,3,3,4,4,3,1,3,2,1,1,2,2,0,0,0,0,0,0,0,0,0,0,0,0,0,0,0,0,0
"1076","H","651","H_651_32",0,0,0,0,0,0,0,0,0,0,0,0,0,0,0,0,0,0,0,0,0,0,0,0,0,0,0,0,0,0,0,0,0,0,0,0,0,0,0,0
"1077","H","651","H_651_33",0,0,0,0,0,0,0,0,0,0,0,0,0,0,0,0,0,0,0,0,0,0,0,0,0,0,0,0,0,0,0,0,0,0,0,0,0,0,0,0
"1078","H","651","H_651_34",0,0,0,0,0,0,0,0,0,2,0,5,1,3,2,3,1,1,3,2,2,0,0,0,0,0,0,0,0,0,0,0,0,0,0,0,0,0,0,0
"1079","H","651","H_651_35",0,0,0,0,0,0,0,0,0,2,2,1,1,1,0,0,0,0,0,0,0,0,0,0,0,0,0,0,0,0,0,0,0,0,0,0,0,0,0,0
"1080","H","651","H_651_36",0,0,0,0,0,0,0,0,0,0,0,0,0,0,0,0,0,0,0,0,0,0,0,0,0,0,0,0,0,0,0,0,0,0,0,0,0,0,0,0
