"","treatment","metric","value","expt","population"
"1","13","fecundity",13,1,NA
"2","13","fecundity",6,1,NA
"3","13","fecundity",8,1,NA
"4","13","fecundity",8,1,NA
"5","13","fecundity",4,1,NA
"6","13","fecundity",0,1,NA
"7","13","fecundity",10,1,NA
"8","13","fecundity",5,1,NA
"9","13","fecundity",7,1,NA
"10","13","fecundity",0,1,NA
"11","13","fecundity",7,1,NA
"12","13","fecundity",10,1,NA
"13","13","fecundity",5,1,NA
"14","13","fecundity",9,1,NA
"15","13","fecundity",7,1,NA
"16","16","fecundity",13,1,NA
"17","16","fecundity",4,1,NA
"18","16","fecundity",7,1,NA
"19","16","fecundity",2,1,NA
"20","16","fecundity",0,1,NA
"21","16","fecundity",7,1,NA
"22","16","fecundity",10,1,NA
"23","16","fecundity",18,1,NA
"24","16","fecundity",4,1,NA
"25","16","fecundity",9,1,NA
"26","16","fecundity",9,1,NA
"27","16","fecundity",6,1,NA
"28","16","fecundity",5,1,NA
"29","19","fecundity",10,1,NA
"30","19","fecundity",2,1,NA
"31","19","fecundity",2,1,NA
"32","19","fecundity",6,1,NA
"33","19","fecundity",2,1,NA
"34","19","fecundity",10,1,NA
"35","19","fecundity",8,1,NA
"36","19","fecundity",5,1,NA
"37","19","fecundity",10,1,NA
"38","19","fecundity",8,1,NA
"39","19","fecundity",8,1,NA
"40","19","fecundity",4,1,NA
"41","19","fecundity",11,1,NA
"42","19","fecundity",2,1,NA
"43","19","fecundity",2,1,NA
"44","19","fecundity",8,1,NA
"45","21","fecundity",3,1,NA
"46","21","fecundity",1,1,NA
"47","21","fecundity",6,1,NA
"48","21","fecundity",2,1,NA
"49","21","fecundity",4,1,NA
"50","21","fecundity",11,1,NA
"51","21","fecundity",4,1,NA
"52","21","fecundity",5,1,NA
"53","21","fecundity",5,1,NA
"54","21","fecundity",0,1,NA
"55","21","fecundity",0,1,NA
"56","21","fecundity",0,1,NA
"57","21","fecundity",0,1,NA
"58","21","fecundity",5,1,NA
"59","21","fecundity",11,1,NA
"60","21","fecundity",1,1,NA
"61","23","fecundity",3,1,NA
"62","23","fecundity",0,1,NA
"63","23","fecundity",4,1,NA
"64","23","fecundity",8,1,NA
"65","23","fecundity",0,1,NA
"66","23","fecundity",0,1,NA
"67","23","fecundity",1,1,NA
"68","23","fecundity",0,1,NA
"69","23","fecundity",6,1,NA
"70","23","fecundity",2,1,NA
"71","23","fecundity",10,1,NA
"72","23","fecundity",0,1,NA
"73","23","fecundity",6,1,NA
"74","23","fecundity",5,1,NA
"75","25","fecundity",8,1,NA
"76","25","fecundity",2,1,NA
"77","25","fecundity",5,1,NA
"78","25","fecundity",1,1,NA
"79","25","fecundity",4,1,NA
"80","25","fecundity",5,1,NA
"81","25","fecundity",2,1,NA
"82","25","fecundity",2,1,NA
"83","25","fecundity",2,1,NA
"84","25","fecundity",2,1,NA
"85","25","fecundity",2,1,NA
"86","13","dev_rate",0.0952380952380952,1,NA
"87","13","dev_rate",0.0833333333333333,1,NA
"88","13","dev_rate",0.0909090909090909,1,NA
"89","13","dev_rate",0.105263157894737,1,NA
"90","13","dev_rate",0.1,1,NA
"91","13","dev_rate",0.0740740740740741,1,NA
"92","13","dev_rate",0.1,1,NA
"93","13","dev_rate",0.08,1,NA
"94","13","dev_rate",0.1,1,NA
"95","13","dev_rate",0.105263157894737,1,NA
"96","13","dev_rate",0.111111111111111,1,NA
"97","13","dev_rate",0.133333333333333,1,NA
"98","13","dev_rate",0.111111111111111,1,NA
"99","13","dev_rate",0.1,1,NA
"100","13","dev_rate",0.0952380952380952,1,NA
"101","16","dev_rate",0.0952380952380952,1,NA
"102","16","dev_rate",0.105263157894737,1,NA
"103","16","dev_rate",0.117647058823529,1,NA
"104","16","dev_rate",0.111111111111111,1,NA
"105","16","dev_rate",0.105263157894737,1,NA
"106","16","dev_rate",0.0869565217391304,1,NA
"107","16","dev_rate",0.1,1,NA
"108","16","dev_rate",0.111111111111111,1,NA
"109","16","dev_rate",0.1,1,NA
"110","16","dev_rate",0.0952380952380952,1,NA
"111","16","dev_rate",0.0952380952380952,1,NA
"112","16","dev_rate",0.1,1,NA
"113","16","dev_rate",0.105263157894737,1,NA
"114","19","dev_rate",0.117647058823529,1,NA
"115","19","dev_rate",0.0909090909090909,1,NA
"116","19","dev_rate",0.105263157894737,1,NA
"117","19","dev_rate",0.0869565217391304,1,NA
"118","19","dev_rate",0.0833333333333333,1,NA
"119","19","dev_rate",0.0952380952380952,1,NA
"120","19","dev_rate",0.105263157894737,1,NA
"121","19","dev_rate",0.117647058823529,1,NA
"122","19","dev_rate",0.0869565217391304,1,NA
"123","19","dev_rate",0.111111111111111,1,NA
"124","19","dev_rate",0.105263157894737,1,NA
"125","19","dev_rate",0.117647058823529,1,NA
"126","19","dev_rate",0.105263157894737,1,NA
"127","19","dev_rate",0.117647058823529,1,NA
"128","19","dev_rate",0.105263157894737,1,NA
"129","19","dev_rate",0.125,1,NA
"130","21","dev_rate",0.111111111111111,1,NA
"131","21","dev_rate",0.105263157894737,1,NA
"132","21","dev_rate",0.0952380952380952,1,NA
"133","21","dev_rate",0.142857142857143,1,NA
"134","21","dev_rate",0.133333333333333,1,NA
"135","21","dev_rate",0.117647058823529,1,NA
"136","21","dev_rate",0.117647058823529,1,NA
"137","21","dev_rate",0.1,1,NA
"138","21","dev_rate",0.105263157894737,1,NA
"139","21","dev_rate",0.105263157894737,1,NA
"140","21","dev_rate",0.117647058823529,1,NA
"141","21","dev_rate",0.105263157894737,1,NA
"142","21","dev_rate",0.0952380952380952,1,NA
"143","21","dev_rate",0.125,1,NA
"144","21","dev_rate",0.117647058823529,1,NA
"145","21","dev_rate",0.133333333333333,1,NA
"146","23","dev_rate",0.125,1,NA
"147","23","dev_rate",0.133333333333333,1,NA
"148","23","dev_rate",0.142857142857143,1,NA
"149","23","dev_rate",0.166666666666667,1,NA
"150","23","dev_rate",0.117647058823529,1,NA
"151","23","dev_rate",0.125,1,NA
"152","23","dev_rate",0.125,1,NA
"153","23","dev_rate",0.117647058823529,1,NA
"154","23","dev_rate",0.133333333333333,1,NA
"155","23","dev_rate",0.153846153846154,1,NA
"156","23","dev_rate",0.125,1,NA
"157","23","dev_rate",0.125,1,NA
"158","23","dev_rate",0.125,1,NA
"159","23","dev_rate",0.125,1,NA
"160","25","dev_rate",0.153846153846154,1,NA
"161","25","dev_rate",0.117647058823529,1,NA
"162","25","dev_rate",0.153846153846154,1,NA
"163","25","dev_rate",0.125,1,NA
"164","25","dev_rate",0.125,1,NA
"165","25","dev_rate",0.125,1,NA
"166","25","dev_rate",0.153846153846154,1,NA
"167","25","dev_rate",0.133333333333333,1,NA
"168","25","dev_rate",0.142857142857143,1,NA
"169","25","dev_rate",0.142857142857143,1,NA
"170","25","dev_rate",0.117647058823529,1,NA
"171","32","longevity",225,2,NA
"210","32","longevity",172.5,2,NA
"310","32","longevity",193.5,2,NA
"410","32","longevity",154.5,2,NA
"510","32","longevity",250.5,2,NA
"610","32","longevity",229.2,2,NA
"710","34","longevity",183.9,2,NA
"810","34","longevity",252,2,NA
"910","34","longevity",160.5,2,NA
"1010","34","longevity",286.5,2,NA
"1110","34","longevity",217.875,2,NA
"1210","34","longevity",240,2,NA
"1310","36","longevity",200,2,NA
"1410","36","longevity",84,2,NA
"1510","36","longevity",131.7,2,NA
"1610","36","longevity",210.6,2,NA
"172","36","longevity",232.5,2,NA
"181","36","longevity",261.6,2,NA
"191","38","longevity",110,2,NA
"201","38","longevity",168.75,2,NA
"211","38","longevity",216,2,NA
"221","38","longevity",0,2,NA
"231","38","longevity",174,2,NA
"241","38","longevity",225,2,NA
"251","40","longevity",153,2,NA
"261","40","longevity",0,2,NA
"271","40","longevity",129,2,NA
"281","40","longevity",0,2,NA
"291","40","longevity",24,2,NA
"301","40","longevity",0,2,NA
"311","32","fecundity",10.8,2,NA
"321","32","fecundity",8,2,NA
"331","32","fecundity",9,2,NA
"341","32","fecundity",11,2,NA
"351","32","fecundity",10,2,NA
"361","32","fecundity",11.4,2,NA
"371","34","fecundity",9,2,NA
"381","34","fecundity",14,2,NA
"391","34","fecundity",8,2,NA
"401","34","fecundity",11.25,2,NA
"411","34","fecundity",8,2,NA
"421","34","fecundity",7.6,2,NA
"431","36","fecundity",12.66666667,2,NA
"441","36","fecundity",3.75,2,NA
"451","36","fecundity",8.8,2,NA
"461","36","fecundity",8.2,2,NA
"471","36","fecundity",14.6,2,NA
"481","36","fecundity",19.6,2,NA
"491","38","fecundity",4.666666667,2,NA
"501","38","fecundity",3.25,2,NA
"511","38","fecundity",4.333333333,2,NA
"521","38","fecundity",0,2,NA
"531","38","fecundity",3.666666667,2,NA
"541","38","fecundity",10,2,NA
"551","40","fecundity",1,2,NA
"561","40","fecundity",0,2,NA
"571","40","fecundity",1,2,NA
"581","40","fecundity",0,2,NA
"591","40","fecundity",0,2,NA
"601","40","fecundity",0,2,NA
"611","32","dev_rate",0.115440115440115,2,NA
"621","32","dev_rate",0.116490717145977,2,NA
"631","32","dev_rate",0.113798008534851,2,NA
"641","32","dev_rate",0.110662824207493,2,NA
"651","32","dev_rate",0.116363636363636,2,NA
"661","32","dev_rate",0.115107913669065,2,NA
"671","34","dev_rate",0.122324159021407,2,NA
"681","34","dev_rate",0.121396054628225,2,NA
"691","34","dev_rate",0.125,2,NA
"701","34","dev_rate",0.124127230411171,2,NA
"711","34","dev_rate",0.123314065510597,2,NA
"721","34","dev_rate",0.118518518518519,2,NA
"731","36","dev_rate",0.127253446447508,2,NA
"741","36","dev_rate",0.1251629726206,2,NA
"751","36","dev_rate",0.125065138092757,2,NA
"761","36","dev_rate",0.126448893572181,2,NA
"771","36","dev_rate",0.131651124520022,2,NA
"781","36","dev_rate",0.123711340206186,2,NA
"791","38","dev_rate",0.117647058823529,2,NA
"801","38","dev_rate",0.118694362017804,2,NA
"811","38","dev_rate",0.129205921938089,2,NA
"831","38","dev_rate",0.128755364806867,2,NA
"841","38","dev_rate",0.126050420168067,2,NA
"851","40","dev_rate",0.103671706263499,2,NA
"871","40","dev_rate",0.107865168539326,2,NA
"891","40","dev_rate",0.116504854368932,2,NA
"11000","22_0","dev_rate",0.166666667,3,"lab"
"2678","22_0","dev_rate",0.142857143,3,"lab"
"3100","22_0","dev_rate",0.142857143,3,"lab"
"4100","22_0","dev_rate",0.125,3,"lab"
"5100","22_0","dev_rate",0.125,3,"lab"
"6100","22_0","dev_rate",0.090909091,3,"lab"
"7100","22_0","dev_rate",0.111111111,3,"lab"
"8100","22_0","dev_rate",0.111111111,3,"lab"
"9100","22_0","dev_rate",0.111111111,3,"lab"
"10100","22_0","dev_rate",0.1,3,"lab"
"11100","22_0","dev_rate",0.125,3,"lab"
"12100","22_0","dev_rate",0.125,3,"lab"
"13100","22_0","dev_rate",0.111111111,3,"lab"
"14100","22_0","dev_rate",0.111111111,3,"lab"
"15100","22_0","dev_rate",0.111111111,3,"lab"
"16100","22_0","dev_rate",0.142857143,3,"lab"
"17100","22_0","dev_rate",0.142857143,3,"lab"
"18100","22_0","dev_rate",0.111111111,3,"lab"
"19100","22_0","dev_rate",0.1,3,"lab"
"20100","22_0","dev_rate",0.125,3,"lab"
"21100","22_0","dev_rate",0.142857143,3,"lab"
"22100","22_0","dev_rate",0.111111111,3,"lab"
"23100","22_0","dev_rate",0.125,3,"lab"
"24100","22_0","dev_rate",0.1,3,"lab"
"25100","22_0","dev_rate",0.111111111,3,"lab"
"26100","22_0","dev_rate",0.1,3,"lab"
"2745","22_0","dev_rate",0.125,3,"lab"
"2810","22_0","dev_rate",0.125,3,"lab"
"2910","22_0","dev_rate",0.125,3,"lab"
"3010","22_0","dev_rate",0.125,3,"lab"
"3110","22_0","dev_rate",0.111111111,3,"lab"
"3210","22_0","dev_rate",0.125,3,"lab"
"3310","22_0","dev_rate",0.111111111,3,"lab"
"3410","22_0","dev_rate",0.111111111,3,"lab"
"3510","22_0","dev_rate",0.111111111,3,"lab"
"3610","22_0","dev_rate",0.142857143,3,"lab"
"3710","22_0","dev_rate",0.125,3,"lab"
"3810","22_0","dev_rate",0.142857143,3,"lab"
"3910","22_0","dev_rate",0.1,3,"lab"
"4010","22_0","dev_rate",0.142857143,3,"lab"
"4110","22_0","dev_rate",0.111111111,3,"lab"
"4210","22_0","dev_rate",0.142857143,3,"lab"
"4310","22_0","dev_rate",0.125,3,"lab"
"4410","22_0","dev_rate",0.125,3,"lab"
"4510","22_0","dev_rate",0.125,3,"lab"
"4610","22_0","dev_rate",0.125,3,"lab"
"4710","22_0","dev_rate",0.111111111,3,"lab"
"4810","22_0","dev_rate",0.125,3,"field"
"4910","22_0","dev_rate",0.111111111,3,"field"
"5010","22_0","dev_rate",0.111111111,3,"field"
"5110","22_0","dev_rate",0.111111111,3,"field"
"5210","22_0","dev_rate",0.125,3,"field"
"5310","22_0","dev_rate",0.142857143,3,"field"
"5410","22_0","dev_rate",0.125,3,"field"
"5510","22_0","dev_rate",0.083333333,3,"field"
"5610","22_0","dev_rate",0.1,3,"field"
"5710","22_0","dev_rate",0.125,3,"field"
"5810","22_0","dev_rate",0.125,3,"field"
"5910","22_0","dev_rate",0.083333333,3,"field"
"6010","22_0","dev_rate",0.125,3,"field"
"6110","22_0","dev_rate",0.111111111,3,"field"
"6210","22_0","dev_rate",0.111111111,3,"field"
"6310","22_0","dev_rate",0.111111111,3,"field"
"6410","22_0","dev_rate",0.083333333,3,"field"
"6510","22_0","dev_rate",0.125,3,"field"
"6610","22_0","dev_rate",0.125,3,"field"
"6710","22_0","dev_rate",0.125,3,"field"
"6810","22_0","dev_rate",0.1,3,"field"
"6910","22_0","dev_rate",0.142857143,3,"field"
"7010","22_0","dev_rate",0.111111111,3,"field"
"7110","22_0","dev_rate",0.1,3,"field"
"7210","22_0","dev_rate",0.125,3,"field"
"7310","22_0","dev_rate",0.1,3,"field"
"7410","22_0","dev_rate",0.125,3,"field"
"7510","22_0","dev_rate",0.125,3,"field"
"7610","22_0","dev_rate",0.111111111,3,"field"
"7710","22_0","dev_rate",0.111111111,3,"field"
"7810","22_0","dev_rate",0.111111111,3,"field"
"7910","22_0","dev_rate",0.111111111,3,"field"
"8010","22_0","dev_rate",0.090909091,3,"field"
"8110","22_0","dev_rate",0.111111111,3,"field"
"8210","22_0","dev_rate",0.111111111,3,"field"
"8310","22_0","dev_rate",0.111111111,3,"field"
"8410","22_0","dev_rate",0.125,3,"field"
"8510","22_0","dev_rate",0.125,3,"field"
"8610","22_0","dev_rate",0.1,3,"field"
"8710","22_0","dev_rate",0.1,3,"field"
"8810","22_0","dev_rate",0.125,3,"field"
"8910","22_0","dev_rate",0.125,3,"field"
"9010","22_0","dev_rate",0.1,3,"field"
"9110","22_0","dev_rate",0.125,3,"field"
"9210","22_0","dev_rate",0.090909091,3,"field"
"9310","22_0","dev_rate",0.111111111,3,"field"
"9410","22_5","dev_rate",0.111111111,3,"lab"
"9510","22_5","dev_rate",0.111111111,3,"lab"
"9610","22_5","dev_rate",0.1,3,"lab"
"9710","22_5","dev_rate",0.1,3,"lab"
"9810","22_5","dev_rate",0.142857143,3,"lab"
"9910","22_5","dev_rate",0.083333333,3,"lab"
"10010","22_5","dev_rate",0.090909091,3,"lab"
"10110","22_5","dev_rate",0.1,3,"lab"
"10210","22_5","dev_rate",0.1,3,"lab"
"10310","22_5","dev_rate",0.1,3,"lab"
"10410","22_5","dev_rate",0.111111111,3,"lab"
"10510","22_5","dev_rate",0.125,3,"lab"
"10610","22_5","dev_rate",0.125,3,"lab"
"10710","22_5","dev_rate",0.125,3,"lab"
"10810","22_5","dev_rate",0.111111111,3,"lab"
"10910","22_5","dev_rate",0.125,3,"lab"
"11010","22_5","dev_rate",0.125,3,"lab"
"11110","22_5","dev_rate",0.111111111,3,"lab"
"11210","22_5","dev_rate",0.1,3,"lab"
"11310","22_5","dev_rate",0.125,3,"lab"
"11410","22_5","dev_rate",0.111111111,3,"lab"
"11510","22_5","dev_rate",0.125,3,"lab"
"11610","22_5","dev_rate",0.142857143,3,"lab"
"11710","22_5","dev_rate",0.142857143,3,"lab"
"11810","22_5","dev_rate",0.142857143,3,"lab"
"11910","22_5","dev_rate",0.111111111,3,"lab"
"12010","22_5","dev_rate",0.111111111,3,"lab"
"12110","22_5","dev_rate",0.125,3,"lab"
"12210","22_5","dev_rate",0.125,3,"lab"
"12310","22_5","dev_rate",0.125,3,"lab"
"12410","22_5","dev_rate",0.111111111,3,"lab"
"12510","22_5","dev_rate",0.111111111,3,"lab"
"12610","22_5","dev_rate",0.090909091,3,"lab"
"12710","22_5","dev_rate",0.111111111,3,"lab"
"12810","22_5","dev_rate",0.125,3,"lab"
"12910","22_5","dev_rate",0.111111111,3,"lab"
"13010","22_5","dev_rate",0.125,3,"lab"
"13110","22_5","dev_rate",0.090909091,3,"lab"
"13210","22_5","dev_rate",0.1,3,"field"
"13310","22_5","dev_rate",0.111111111,3,"field"
"13410","22_5","dev_rate",0.111111111,3,"field"
"13510","22_5","dev_rate",0.083333333,3,"field"
"13610","22_5","dev_rate",0.125,3,"field"
"13710","22_5","dev_rate",0.125,3,"field"
"13810","22_5","dev_rate",0.125,3,"field"
"13910","22_5","dev_rate",0.125,3,"field"
"14010","22_5","dev_rate",0.125,3,"field"
"14110","22_5","dev_rate",0.111111111,3,"field"
"14210","22_5","dev_rate",0.1,3,"field"
"14310","22_5","dev_rate",0.090909091,3,"field"
"14410","22_5","dev_rate",0.125,3,"field"
"14510","22_5","dev_rate",0.1,3,"field"
"14610","22_5","dev_rate",0.083333333,3,"field"
"14710","22_5","dev_rate",0.111111111,3,"field"
"14810","22_5","dev_rate",0.111111111,3,"field"
"14910","22_5","dev_rate",0.111111111,3,"field"
"15010","22_5","dev_rate",0.111111111,3,"field"
"15110","22_5","dev_rate",0.111111111,3,"field"
"15210","22_5","dev_rate",0.125,3,"field"
"15310","22_5","dev_rate",0.125,3,"field"
"15410","22_5","dev_rate",0.1,3,"field"
"15510","22_5","dev_rate",0.142857143,3,"field"
"15610","22_5","dev_rate",0.125,3,"field"
"15710","22_5","dev_rate",0.1,3,"field"
"15810","22_5","dev_rate",0.166666667,3,"field"
"15910","22_5","dev_rate",0.166666667,3,"field"
"16010","22_5","dev_rate",0.125,3,"field"
"16110","22_5","dev_rate",0.125,3,"field"
"16210","22_5","dev_rate",0.125,3,"field"
"16310","22_5","dev_rate",0.111111111,3,"field"
"16410","22_5","dev_rate",0.125,3,"field"
"16510","22_5","dev_rate",0.142857143,3,"field"
"16610","22_5","dev_rate",0.125,3,"field"
"16710","22_5","dev_rate",0.111111111,3,"field"
"16810","22_5","dev_rate",0.125,3,"field"
"16910","22_5","dev_rate",0.125,3,"field"
"17010","22_5","dev_rate",0.125,3,"field"
"17110","22_5","dev_rate",0.142857143,3,"field"
"17210","22_5","dev_rate",0.166666667,3,"field"
"173","22_5","dev_rate",0.142857143,3,"field"
"174","22_5","dev_rate",0.125,3,"field"
"175","22_5","dev_rate",0.166666667,3,"field"
"176","22_5","dev_rate",0.125,3,"field"
"177","22_5","dev_rate",0.111111111,3,"field"
"178","22_9","dev_rate",0.111111111,3,"lab"
"179","22_9","dev_rate",0.1,3,"lab"
"180","22_9","dev_rate",0.090909091,3,"lab"
"18110","22_9","dev_rate",0.090909091,3,"lab"
"182","22_9","dev_rate",0.111111111,3,"lab"
"183","22_9","dev_rate",0.111111111,3,"lab"
"184","22_9","dev_rate",0.111111111,3,"lab"
"185","22_9","dev_rate",0.111111111,3,"lab"
"186","22_9","dev_rate",0.111111111,3,"lab"
"187","22_9","dev_rate",0.1,3,"lab"
"188","22_9","dev_rate",0.111111111,3,"lab"
"189","22_9","dev_rate",0.090909091,3,"lab"
"190","22_9","dev_rate",0.090909091,3,"lab"
"19110","22_9","dev_rate",0.1,3,"lab"
"192","22_9","dev_rate",0.1,3,"lab"
"193","22_9","dev_rate",0.090909091,3,"lab"
"194","22_9","dev_rate",0.111111111,3,"lab"
"195","22_9","dev_rate",0.111111111,3,"lab"
"196","22_9","dev_rate",0.125,3,"lab"
"197","22_9","dev_rate",0.111111111,3,"lab"
"198","22_9","dev_rate",0.111111111,3,"lab"
"199","22_9","dev_rate",0.1,3,"lab"
"200","22_9","dev_rate",0.142857143,3,"lab"
"20110","22_9","dev_rate",0.142857143,3,"lab"
"202","22_9","dev_rate",0.111111111,3,"lab"
"203","22_9","dev_rate",0.111111111,3,"lab"
"204","22_9","dev_rate",0.125,3,"lab"
"205","22_9","dev_rate",0.125,3,"lab"
"206","22_9","dev_rate",0.111111111,3,"lab"
"207","22_9","dev_rate",0.111111111,3,"lab"
"208","22_9","dev_rate",0.111111111,3,"lab"
"209","22_9","dev_rate",0.090909091,3,"lab"
"21010","22_9","dev_rate",0.125,3,"lab"
"21110","22_9","dev_rate",0.111111111,3,"lab"
"212","22_9","dev_rate",0.1,3,"lab"
"213","22_9","dev_rate",0.111111111,3,"lab"
"214","22_9","dev_rate",0.111111111,3,"lab"
"215","22_9","dev_rate",0.111111111,3,"lab"
"216","22_9","dev_rate",0.111111111,3,"lab"
"217","22_9","dev_rate",0.111111111,3,"lab"
"218","22_9","dev_rate",0.058823529,3,"lab"
"219","22_9","dev_rate",0.1,3,"field"
"220","22_9","dev_rate",0.111111111,3,"field"
"22110","22_9","dev_rate",0.1,3,"field"
"222","22_9","dev_rate",0.090909091,3,"field"
"223","22_9","dev_rate",0.1,3,"field"
"224","22_9","dev_rate",0.1,3,"field"
"225","22_9","dev_rate",0.111111111,3,"field"
"226","22_9","dev_rate",0.111111111,3,"field"
"227","22_9","dev_rate",0.1,3,"field"
"228","22_9","dev_rate",0.1,3,"field"
"229","22_9","dev_rate",0.1,3,"field"
"230","22_9","dev_rate",0.1,3,"field"
"23110","22_9","dev_rate",0.1,3,"field"
"232","22_9","dev_rate",0.125,3,"field"
"233","22_9","dev_rate",0.083333333,3,"field"
"234","22_9","dev_rate",0.1,3,"field"
"235","22_9","dev_rate",0.111111111,3,"field"
"236","22_9","dev_rate",0.111111111,3,"field"
"237","22_9","dev_rate",0.1,3,"field"
"238","22_9","dev_rate",0.125,3,"field"
"239","22_9","dev_rate",0.090909091,3,"field"
"240","22_9","dev_rate",0.1,3,"field"
"24110","22_9","dev_rate",0.090909091,3,"field"
"242","22_9","dev_rate",0.125,3,"field"
"243","22_9","dev_rate",0.111111111,3,"field"
"244","22_9","dev_rate",0.125,3,"field"
"245","22_9","dev_rate",0.166666667,3,"field"
"246","22_9","dev_rate",0.111111111,3,"field"
"247","22_9","dev_rate",0.1,3,"field"
"248","22_9","dev_rate",0.111111111,3,"field"
"249","22_9","dev_rate",0.1,3,"field"
"250","22_9","dev_rate",0.083333333,3,"field"
"25110","22_9","dev_rate",0.111111111,3,"field"
"252","22_9","dev_rate",0.125,3,"field"
"253","22_9","dev_rate",0.125,3,"field"
"254","22_9","dev_rate",0.125,3,"field"
"255","22_9","dev_rate",0.1,3,"field"
"256","22_9","dev_rate",0.090909091,3,"field"
"257","22_9","dev_rate",0.111111111,3,"field"
"258","22_9","dev_rate",0.090909091,3,"field"
"259","22_9","dev_rate",0.090909091,3,"field"
"260","22_9","dev_rate",0.090909091,3,"field"
"26110","22_9","dev_rate",0.083333333,3,"field"
"262","22_9","dev_rate",0.090909091,3,"field"
"263","22_9","dev_rate",0.090909091,3,"field"
"264","22_9","dev_rate",0.090909091,3,"field"
"265","22_9","dev_rate",0.090909091,3,"field"
"266","22_9","dev_rate",0.090909091,3,"field"
"267","22_9","dev_rate",0.090909091,3,"field"
"268","22_9","dev_rate",0.1,3,"field"
"269","22_9","dev_rate",0.083333333,3,"field"
"270","22_13","dev_rate",0.083333333,3,"lab"
"27110","22_13","dev_rate",0.090909091,3,"lab"
"272","22_13","dev_rate",0.1,3,"lab"
"273","22_13","dev_rate",0.083333333,3,"lab"
"274","22_13","dev_rate",0.083333333,3,"lab"
"275","22_13","dev_rate",0.1,3,"lab"
"276","22_13","dev_rate",0.083333333,3,"lab"
"277","22_13","dev_rate",0.090909091,3,"lab"
"278","22_13","dev_rate",0.090909091,3,"lab"
"279","22_13","dev_rate",0.090909091,3,"lab"
"280","22_13","dev_rate",0.090909091,3,"lab"
"2811","22_13","dev_rate",0.1,3,"lab"
"282","22_13","dev_rate",0.111111111,3,"lab"
"283","22_13","dev_rate",0.076923077,3,"lab"
"284","22_13","dev_rate",0.071428571,3,"lab"
"285","22_13","dev_rate",0.1,3,"lab"
"286","22_13","dev_rate",0.1,3,"lab"
"287","22_13","dev_rate",0.090909091,3,"lab"
"288","22_13","dev_rate",0.142857143,3,"lab"
"289","22_13","dev_rate",0.090909091,3,"lab"
"290","22_13","dev_rate",0.090909091,3,"lab"
"2911","22_13","dev_rate",0.090909091,3,"lab"
"292","22_13","dev_rate",0.111111111,3,"lab"
"293","22_13","dev_rate",0.083333333,3,"lab"
"294","22_13","dev_rate",0.090909091,3,"lab"
"295","22_13","dev_rate",0.111111111,3,"lab"
"296","22_13","dev_rate",0.1,3,"lab"
"297","22_13","dev_rate",0.090909091,3,"lab"
"298","22_13","dev_rate",0.1,3,"lab"
"299","22_13","dev_rate",0.090909091,3,"lab"
"300","22_13","dev_rate",0.083333333,3,"lab"
"3011","22_13","dev_rate",0.083333333,3,"lab"
"302","22_13","dev_rate",0.1,3,"lab"
"303","22_13","dev_rate",0.090909091,3,"lab"
"304","22_13","dev_rate",0.090909091,3,"lab"
"305","22_13","dev_rate",0.083333333,3,"lab"
"306","22_13","dev_rate",0.1,3,"lab"
"307","22_13","dev_rate",0.1,3,"lab"
"308","22_13","dev_rate",0.1,3,"lab"
"309","22_13","dev_rate",0.1,3,"lab"
"3101","22_13","dev_rate",0.111111111,3,"lab"
"3111","22_13","dev_rate",0.090909091,3,"field"
"312","22_13","dev_rate",0.090909091,3,"field"
"313","22_13","dev_rate",0.083333333,3,"field"
"314","22_13","dev_rate",0.090909091,3,"field"
"315","22_13","dev_rate",0.090909091,3,"field"
"316","22_13","dev_rate",0.090909091,3,"field"
"317","22_13","dev_rate",0.058823529,3,"field"
"318","22_13","dev_rate",0.090909091,3,"field"
"319","22_13","dev_rate",0.090909091,3,"field"
"320","22_13","dev_rate",0.076923077,3,"field"
"3211","22_13","dev_rate",0.1,3,"field"
"322","22_13","dev_rate",0.083333333,3,"field"
"323","22_13","dev_rate",0.090909091,3,"field"
"324","22_13","dev_rate",0.090909091,3,"field"
"325","22_13","dev_rate",0.071428571,3,"field"
"326","22_13","dev_rate",0.1,3,"field"
"327","22_13","dev_rate",0.071428571,3,"field"
"328","22_13","dev_rate",0.076923077,3,"field"
"329","22_13","dev_rate",0.083333333,3,"field"
"330","22_13","dev_rate",0.090909091,3,"field"
"3311","22_13","dev_rate",0.083333333,3,"field"
"332","22_13","dev_rate",0.083333333,3,"field"
"333","22_13","dev_rate",0.076923077,3,"field"
"334","22_13","dev_rate",0.076923077,3,"field"
"335","22_13","dev_rate",0.083333333,3,"field"
"336","22_13","dev_rate",0.111111111,3,"field"
"337","22_13","dev_rate",0.111111111,3,"field"
"338","22_13","dev_rate",0.1,3,"field"
"339","22_13","dev_rate",0.090909091,3,"field"
"340","22_13","dev_rate",0.076923077,3,"field"
"3411","22_13","dev_rate",0.1,3,"field"
"342","22_13","dev_rate",0.083333333,3,"field"
"343","22_13","dev_rate",0.071428571,3,"field"
"344","22_13","dev_rate",0.1,3,"field"
"345","22_13","dev_rate",0.090909091,3,"field"
"346","22_13","dev_rate",0.076923077,3,"field"
"347","22_13","dev_rate",0.071428571,3,"field"
"348","22_13","dev_rate",0.090909091,3,"field"
"349","22_13","dev_rate",0.083333333,3,"field"
"350","22_13","dev_rate",0.090909091,3,"field"
"3511","22_13","dev_rate",0.083333333,3,"field"
"352","22_13","dev_rate",0.083333333,3,"field"
"353","22_13","dev_rate",0.083333333,3,"field"
"354","22_13","dev_rate",0.1,3,"field"
"355","22_13","dev_rate",0.076923077,3,"field"
"356","22_13","dev_rate",0.1,3,"field"
"357","22_13","dev_rate",0.1,3,"field"
"358","22_13","dev_rate",0.083333333,3,"field"
"359","22_13","dev_rate",0.05,3,"field"
"360","28_0","dev_rate",0.142857143,4,"lab"
"3611","28_0","dev_rate",0.083333333,4,"lab"
"362","28_0","dev_rate",0.142857143,4,"lab"
"363","28_0","dev_rate",0.142857143,4,"lab"
"364","28_0","dev_rate",0.142857143,4,"lab"
"365","28_0","dev_rate",0.1,4,"lab"
"366","28_0","dev_rate",0.083333333,4,"lab"
"367","28_0","dev_rate",0.125,4,"lab"
"368","28_0","dev_rate",0.125,4,"lab"
"369","28_0","dev_rate",0.125,4,"lab"
"370","28_0","dev_rate",0.125,4,"lab"
"3711","28_0","dev_rate",0.142857143,4,"lab"
"372","28_0","dev_rate",0.166666667,4,"lab"
"373","28_0","dev_rate",0.142857143,4,"lab"
"374","28_0","dev_rate",0.142857143,4,"lab"
"375","28_0","dev_rate",0.111111111,4,"lab"
"376","28_0","dev_rate",0.166666667,4,"lab"
"377","28_0","dev_rate",0.142857143,4,"lab"
"378","28_0","dev_rate",0.142857143,4,"lab"
"379","28_0","dev_rate",0.142857143,4,"lab"
"380","28_0","dev_rate",0.125,4,"lab"
"3811","28_0","dev_rate",0.166666667,4,"lab"
"382","28_0","dev_rate",0.142857143,4,"lab"
"383","28_0","dev_rate",0.125,4,"lab"
"384","28_0","dev_rate",0.142857143,4,"lab"
"385","28_0","dev_rate",0.166666667,4,"lab"
"386","28_0","dev_rate",0.142857143,4,"lab"
"387","28_0","dev_rate",0.142857143,4,"lab"
"388","28_0","dev_rate",0.142857143,4,"lab"
"389","28_0","dev_rate",0.166666667,4,"lab"
"390","28_0","dev_rate",0.142857143,4,"lab"
"3911","28_0","dev_rate",0.142857143,4,"lab"
"392","28_0","dev_rate",0.125,4,"lab"
"393","28_0","dev_rate",0.142857143,4,"lab"
"394","28_0","dev_rate",0.125,4,"field"
"395","28_0","dev_rate",0.142857143,4,"field"
"396","28_0","dev_rate",0.125,4,"field"
"397","28_0","dev_rate",0.166666667,4,"field"
"398","28_0","dev_rate",0.142857143,4,"field"
"399","28_0","dev_rate",0.111111111,4,"field"
"400","28_0","dev_rate",0.125,4,"field"
"4011","28_0","dev_rate",0.090909091,4,"field"
"402","28_0","dev_rate",0.111111111,4,"field"
"403","28_0","dev_rate",0.111111111,4,"field"
"404","28_0","dev_rate",0.125,4,"field"
"405","28_0","dev_rate",0.125,4,"field"
"406","28_0","dev_rate",0.125,4,"field"
"407","28_0","dev_rate",0.125,4,"field"
"408","28_0","dev_rate",0.125,4,"field"
"409","28_0","dev_rate",0.125,4,"field"
"4101","28_0","dev_rate",0.142857143,4,"field"
"4111","28_0","dev_rate",0.125,4,"field"
"412","28_0","dev_rate",0.125,4,"field"
"413","28_0","dev_rate",0.166666667,4,"field"
"414","28_0","dev_rate",0.125,4,"field"
"415","28_0","dev_rate",0.166666667,4,"field"
"416","28_0","dev_rate",0.142857143,4,"field"
"417","28_0","dev_rate",0.125,4,"field"
"418","28_0","dev_rate",0.142857143,4,"field"
"419","28_0","dev_rate",0.142857143,4,"field"
"420","28_0","dev_rate",0.142857143,4,"field"
"4211","28_0","dev_rate",0.142857143,4,"field"
"422","28_0","dev_rate",0.142857143,4,"field"
"423","28_0","dev_rate",0.125,4,"field"
"424","28_0","dev_rate",0.125,4,"field"
"425","28_0","dev_rate",0.125,4,"field"
"426","28_0","dev_rate",0.125,4,"field"
"427","28_0","dev_rate",0.142857143,4,"field"
"428","28_0","dev_rate",0.142857143,4,"field"
"429","28_0","dev_rate",0.142857143,4,"field"
"430","28_0","dev_rate",0.166666667,4,"field"
"4311","28_0","dev_rate",0.142857143,4,"field"
"432","28_0","dev_rate",0.125,4,"field"
"433","28_0","dev_rate",0.142857143,4,"field"
"434","28_0","dev_rate",0.142857143,4,"field"
"435","28_0","dev_rate",0.142857143,4,"field"
"436","28_0","dev_rate",0.142857143,4,"field"
"437","28_0","dev_rate",0.142857143,4,"field"
"438","28_0","dev_rate",0.142857143,4,"field"
"439","28_0","dev_rate",0.125,4,"field"
"440","28_0","dev_rate",0.142857143,4,"field"
"4411","28_0","dev_rate",0.125,4,"field"
"442","28_0","dev_rate",0.125,4,"field"
"443","28_5","dev_rate",0.142857143,4,"lab"
"444","28_5","dev_rate",0.111111111,4,"lab"
"445","28_5","dev_rate",0.142857143,4,"lab"
"446","28_5","dev_rate",0.1,4,"lab"
"447","28_5","dev_rate",0.1,4,"lab"
"448","28_5","dev_rate",0.1,4,"lab"
"449","28_5","dev_rate",0.125,4,"lab"
"450","28_5","dev_rate",0.125,4,"lab"
"4511","28_5","dev_rate",0.111111111,4,"lab"
"452","28_5","dev_rate",0.125,4,"lab"
"453","28_5","dev_rate",0.125,4,"lab"
"454","28_5","dev_rate",0.142857143,4,"lab"
"455","28_5","dev_rate",0.142857143,4,"lab"
"456","28_5","dev_rate",0.125,4,"lab"
"457","28_5","dev_rate",0.111111111,4,"lab"
"458","28_5","dev_rate",0.125,4,"lab"
"459","28_5","dev_rate",0.142857143,4,"lab"
"460","28_5","dev_rate",0.111111111,4,"lab"
"4611","28_5","dev_rate",0.125,4,"lab"
"462","28_5","dev_rate",0.166666667,4,"lab"
"463","28_5","dev_rate",0.125,4,"lab"
"464","28_5","dev_rate",0.125,4,"lab"
"465","28_5","dev_rate",0.142857143,4,"lab"
"466","28_5","dev_rate",0.125,4,"lab"
"467","28_5","dev_rate",0.125,4,"lab"
"468","28_5","dev_rate",0.142857143,4,"lab"
"469","28_5","dev_rate",0.142857143,4,"lab"
"470","28_5","dev_rate",0.111111111,4,"lab"
"4711","28_5","dev_rate",0.125,4,"lab"
"472","28_5","dev_rate",0.125,4,"lab"
"473","28_5","dev_rate",0.111111111,4,"lab"
"474","28_5","dev_rate",0.125,4,"lab"
"475","28_5","dev_rate",0.111111111,4,"lab"
"476","28_5","dev_rate",0.125,4,"lab"
"477","28_5","dev_rate",0.125,4,"lab"
"478","28_5","dev_rate",0.142857143,4,"lab"
"479","28_5","dev_rate",0.111111111,4,"lab"
"480","28_5","dev_rate",0.111111111,4,"lab"
"4811","28_5","dev_rate",0.125,4,"lab"
"482","28_5","dev_rate",0.142857143,4,"lab"
"483","28_5","dev_rate",0.125,4,"lab"
"484","28_5","dev_rate",0.142857143,4,"lab"
"485","28_5","dev_rate",0.142857143,4,"lab"
"486","28_5","dev_rate",0.111111111,4,"lab"
"487","28_5","dev_rate",0.142857143,4,"lab"
"488","28_5","dev_rate",0.125,4,"lab"
"489","28_5","dev_rate",0.142857143,4,"lab"
"490","28_5","dev_rate",0.111111111,4,"lab"
"4911","28_5","dev_rate",0.125,4,"field"
"492","28_5","dev_rate",0.111111111,4,"field"
"493","28_5","dev_rate",0.111111111,4,"field"
"494","28_5","dev_rate",0.111111111,4,"field"
"495","28_5","dev_rate",0.142857143,4,"field"
"496","28_5","dev_rate",0.142857143,4,"field"
"497","28_5","dev_rate",0.125,4,"field"
"498","28_5","dev_rate",0.125,4,"field"
"499","28_5","dev_rate",0.125,4,"field"
"500","28_5","dev_rate",0.1,4,"field"
"5011","28_5","dev_rate",0.1,4,"field"
"502","28_5","dev_rate",0.1,4,"field"
"503","28_5","dev_rate",0.125,4,"field"
"504","28_5","dev_rate",0.142857143,4,"field"
"505","28_5","dev_rate",0.125,4,"field"
"506","28_5","dev_rate",0.125,4,"field"
"507","28_5","dev_rate",0.111111111,4,"field"
"508","28_5","dev_rate",0.142857143,4,"field"
"509","28_5","dev_rate",0.125,4,"field"
"5101","28_5","dev_rate",0.111111111,4,"field"
"5111","28_5","dev_rate",0.111111111,4,"field"
"512","28_5","dev_rate",0.111111111,4,"field"
"513","28_5","dev_rate",0.142857143,4,"field"
"514","28_5","dev_rate",0.125,4,"field"
"515","28_5","dev_rate",0.125,4,"field"
"516","28_5","dev_rate",0.125,4,"field"
"517","28_5","dev_rate",0.142857143,4,"field"
"518","28_5","dev_rate",0.1,4,"field"
"519","28_5","dev_rate",0.111111111,4,"field"
"520","28_5","dev_rate",0.125,4,"field"
"5211","28_5","dev_rate",0.111111111,4,"field"
"522","28_5","dev_rate",0.125,4,"field"
"523","28_5","dev_rate",0.142857143,4,"field"
"524","28_5","dev_rate",0.111111111,4,"field"
"525","28_5","dev_rate",0.1,4,"field"
"526","28_5","dev_rate",0.125,4,"field"
"527","28_5","dev_rate",0.125,4,"field"
"528","28_5","dev_rate",0.125,4,"field"
"529","28_5","dev_rate",0.142857143,4,"field"
"530","28_5","dev_rate",0.142857143,4,"field"
"5311","28_5","dev_rate",0.125,4,"field"
"532","28_5","dev_rate",0.125,4,"field"
"533","28_5","dev_rate",0.166666667,4,"field"
"534","28_5","dev_rate",0.166666667,4,"field"
"535","28_5","dev_rate",0.111111111,4,"field"
"536","28_5","dev_rate",0.125,4,"field"
"537","28_5","dev_rate",0.125,4,"field"
"538","28_5","dev_rate",0.071428571,4,"field"
"539","28_5","dev_rate",0.083333333,4,"field"
"540","30_0","dev_rate",0.083333333,4,"lab"
"5411","30_0","dev_rate",0.125,4,"lab"
"542","30_0","dev_rate",0.111111111,4,"lab"
"543","30_0","dev_rate",0.111111111,4,"lab"
"544","30_0","dev_rate",0.111111111,4,"lab"
"545","30_0","dev_rate",0.142857143,4,"lab"
"546","30_0","dev_rate",0.125,4,"lab"
"547","30_0","dev_rate",0.142857143,4,"lab"
"548","30_0","dev_rate",0.125,4,"lab"
"549","30_0","dev_rate",0.142857143,4,"lab"
"550","30_0","dev_rate",0.142857143,4,"lab"
"5511","30_0","dev_rate",0.125,4,"lab"
"552","30_0","dev_rate",0.111111111,4,"lab"
"553","30_0","dev_rate",0.125,4,"lab"
"554","30_0","dev_rate",0.090909091,4,"lab"
"555","30_0","dev_rate",0.125,4,"lab"
"556","30_0","dev_rate",0.142857143,4,"lab"
"557","30_0","dev_rate",0.090909091,4,"lab"
"558","30_0","dev_rate",0.1,4,"lab"
"559","30_0","dev_rate",0.142857143,4,"lab"
"560","30_0","dev_rate",0.142857143,4,"lab"
"5611","30_0","dev_rate",0.125,4,"lab"
"562","30_0","dev_rate",0.125,4,"lab"
"563","30_0","dev_rate",0.111111111,4,"lab"
"564","30_0","dev_rate",0.142857143,4,"lab"
"565","30_0","dev_rate",0.125,4,"lab"
"566","30_0","dev_rate",0.142857143,4,"lab"
"567","30_0","dev_rate",0.125,4,"lab"
"568","30_0","dev_rate",0.142857143,4,"lab"
"569","30_0","dev_rate",0.125,4,"lab"
"570","30_0","dev_rate",0.142857143,4,"lab"
"5711","30_0","dev_rate",0.111111111,4,"lab"
"572","30_0","dev_rate",0.142857143,4,"lab"
"573","30_0","dev_rate",0.125,4,"lab"
"574","30_0","dev_rate",0.111111111,4,"lab"
"575","30_0","dev_rate",0.166666667,4,"lab"
"576","30_0","dev_rate",0.125,4,"lab"
"577","30_0","dev_rate",0.142857143,4,"lab"
"578","30_0","dev_rate",0.111111111,4,"lab"
"579","30_0","dev_rate",0.142857143,4,"lab"
"580","30_0","dev_rate",0.125,4,"lab"
"5811","30_0","dev_rate",0.142857143,4,"lab"
"582","30_0","dev_rate",0.142857143,4,"lab"
"583","30_0","dev_rate",0.142857143,4,"lab"
"584","30_0","dev_rate",0.142857143,4,"lab"
"585","30_0","dev_rate",0.142857143,4,"lab"
"586","30_0","dev_rate",0.125,4,"lab"
"587","30_0","dev_rate",0.142857143,4,"lab"
"588","30_0","dev_rate",0.1,4,"lab"
"589","30_0","dev_rate",0.1,4,"lab"
"590","30_0","dev_rate",0.125,4,"lab"
"5911","30_0","dev_rate",0.1,4,"field"
"592","30_0","dev_rate",0.111111111,4,"field"
"593","30_0","dev_rate",0.125,4,"field"
"594","30_0","dev_rate",0.111111111,4,"field"
"595","30_0","dev_rate",0.111111111,4,"field"
"596","30_0","dev_rate",0.111111111,4,"field"
"597","30_0","dev_rate",0.111111111,4,"field"
"598","30_0","dev_rate",0.111111111,4,"field"
"599","30_0","dev_rate",0.1,4,"field"
"600","30_0","dev_rate",0.111111111,4,"field"
"6011","30_0","dev_rate",0.111111111,4,"field"
"602","30_0","dev_rate",0.125,4,"field"
"603","30_0","dev_rate",0.125,4,"field"
"604","30_0","dev_rate",0.090909091,4,"field"
"605","30_0","dev_rate",0.1,4,"field"
"606","30_0","dev_rate",0.125,4,"field"
"607","30_0","dev_rate",0.1,4,"field"
"608","30_0","dev_rate",0.142857143,4,"field"
"609","30_0","dev_rate",0.1,4,"field"
"6101","30_0","dev_rate",0.125,4,"field"
"6111","30_0","dev_rate",0.111111111,4,"field"
"612","30_0","dev_rate",0.125,4,"field"
"613","30_0","dev_rate",0.1,4,"field"
"614","30_0","dev_rate",0.125,4,"field"
"615","30_0","dev_rate",0.111111111,4,"field"
"616","30_0","dev_rate",0.083333333,4,"field"
"617","30_0","dev_rate",0.111111111,4,"field"
"618","30_0","dev_rate",0.111111111,4,"field"
"619","30_0","dev_rate",0.142857143,4,"field"
"620","30_0","dev_rate",0.142857143,4,"field"
"6211","30_0","dev_rate",0.083333333,4,"field"
"622","30_0","dev_rate",0.111111111,4,"field"
"623","30_0","dev_rate",0.125,4,"field"
"624","30_0","dev_rate",0.142857143,4,"field"
"625","30_0","dev_rate",0.142857143,4,"field"
"626","30_0","dev_rate",0.125,4,"field"
"627","30_0","dev_rate",0.125,4,"field"
"628","30_0","dev_rate",0.111111111,4,"field"
"629","30_0","dev_rate",0.125,4,"field"
"630","30_0","dev_rate",0.142857143,4,"field"
"6311","30_0","dev_rate",0.125,4,"field"
"632","30_0","dev_rate",0.142857143,4,"field"
"633","30_0","dev_rate",0.142857143,4,"field"
"634","30_0","dev_rate",0.125,4,"field"
"635","30_0","dev_rate",0.083333333,4,"field"
"636","30_0","dev_rate",0.125,4,"field"
"637","30_5","dev_rate",0.111111111,4,"lab"
"638","30_5","dev_rate",0.125,4,"lab"
"639","30_5","dev_rate",0.111111111,4,"lab"
"640","30_5","dev_rate",0.111111111,4,"lab"
"6411","30_5","dev_rate",0.142857143,4,"lab"
"642","30_5","dev_rate",0.090909091,4,"lab"
"643","30_5","dev_rate",0.1,4,"lab"
"644","30_5","dev_rate",0.142857143,4,"lab"
"645","30_5","dev_rate",0.111111111,4,"lab"
"646","30_5","dev_rate",0.111111111,4,"lab"
"647","30_5","dev_rate",0.125,4,"lab"
"648","30_5","dev_rate",0.125,4,"lab"
"649","30_5","dev_rate",0.111111111,4,"lab"
"650","30_5","dev_rate",0.142857143,4,"lab"
"6511","30_5","dev_rate",0.125,4,"lab"
"652","30_5","dev_rate",0.111111111,4,"lab"
"653","30_5","dev_rate",0.142857143,4,"lab"
"654","30_5","dev_rate",0.142857143,4,"lab"
"655","30_5","dev_rate",0.111111111,4,"lab"
"656","30_5","dev_rate",0.125,4,"lab"
"657","30_5","dev_rate",0.125,4,"lab"
"658","30_5","dev_rate",0.125,4,"lab"
"659","30_5","dev_rate",0.125,4,"lab"
"660","30_5","dev_rate",0.111111111,4,"lab"
"6611","30_5","dev_rate",0.142857143,4,"lab"
"662","30_5","dev_rate",0.125,4,"lab"
"663","30_5","dev_rate",0.142857143,4,"lab"
"664","30_5","dev_rate",0.1,4,"lab"
"665","30_5","dev_rate",0.125,4,"lab"
"666","30_5","dev_rate",0.125,4,"lab"
"667","30_5","dev_rate",0.125,4,"lab"
"668","30_5","dev_rate",0.142857143,4,"lab"
"669","30_5","dev_rate",0.125,4,"lab"
"670","30_5","dev_rate",0.125,4,"lab"
"6711","30_5","dev_rate",0.125,4,"lab"
"672","30_5","dev_rate",0.166666667,4,"lab"
"673","30_5","dev_rate",0.111111111,4,"lab"
"674","30_5","dev_rate",0.142857143,4,"lab"
"675","30_5","dev_rate",0.1,4,"lab"
"676","30_5","dev_rate",0.111111111,4,"lab"
"677","30_5","dev_rate",0.142857143,4,"lab"
"678","30_5","dev_rate",0.125,4,"lab"
"679","30_5","dev_rate",0.111111111,4,"lab"
"680","30_5","dev_rate",0.142857143,4,"lab"
"6811","30_5","dev_rate",0.142857143,4,"lab"
"682","30_5","dev_rate",0.125,4,"lab"
"683","30_5","dev_rate",0.111111111,4,"lab"
"684","30_5","dev_rate",0.142857143,4,"lab"
"685","30_5","dev_rate",0.142857143,4,"lab"
"686","30_5","dev_rate",0.125,4,"lab"
"687","30_5","dev_rate",0.111111111,4,"lab"
"688","30_5","dev_rate",0.142857143,4,"lab"
"689","30_5","dev_rate",0.1,4,"lab"
"690","30_5","dev_rate",0.1,4,"lab"
"6911","30_5","dev_rate",0.1,4,"lab"
"692","30_5","dev_rate",0.1,4,"lab"
"693","30_5","dev_rate",0.1,4,"lab"
"694","30_5","dev_rate",0.090909091,4,"lab"
"695","30_5","dev_rate",0.1,4,"lab"
"696","30_5","dev_rate",0.166666667,4,"field"
"697","30_5","dev_rate",0.125,4,"field"
"698","30_5","dev_rate",0.111111111,4,"field"
"699","30_5","dev_rate",0.142857143,4,"field"
"700","30_5","dev_rate",0.142857143,4,"field"
"7011","30_5","dev_rate",0.142857143,4,"field"
"702","30_5","dev_rate",0.111111111,4,"field"
"703","30_5","dev_rate",0.125,4,"field"
"704","30_5","dev_rate",0.125,4,"field"
"705","30_5","dev_rate",0.090909091,4,"field"
"706","30_5","dev_rate",0.1,4,"field"
"707","30_5","dev_rate",0.125,4,"field"
"708","30_5","dev_rate",0.125,4,"field"
"709","30_5","dev_rate",0.125,4,"field"
"7101","30_5","dev_rate",0.142857143,4,"field"
"7111","30_5","dev_rate",0.125,4,"field"
"712","30_5","dev_rate",0.1,4,"field"
"713","30_5","dev_rate",0.090909091,4,"field"
"714","30_5","dev_rate",0.111111111,4,"field"
"715","30_5","dev_rate",0.142857143,4,"field"
"716","30_5","dev_rate",0.142857143,4,"field"
"717","30_5","dev_rate",0.111111111,4,"field"
"718","30_5","dev_rate",0.083333333,4,"field"
"719","30_5","dev_rate",0.142857143,4,"field"
"720","30_5","dev_rate",0.142857143,4,"field"
"7211","30_5","dev_rate",0.142857143,4,"field"
"722","30_5","dev_rate",0.125,4,"field"
"723","30_5","dev_rate",0.125,4,"field"
"724","30_5","dev_rate",0.125,4,"field"
"725","30_5","dev_rate",0.142857143,4,"field"
"726","30_5","dev_rate",0.111111111,4,"field"
"727","30_5","dev_rate",0.142857143,4,"field"
"728","30_5","dev_rate",0.125,4,"field"
"729","30_5","dev_rate",0.111111111,4,"field"
"730","30_5","dev_rate",0.111111111,4,"field"
"7311","30_5","dev_rate",0.111111111,4,"field"
"732","30_5","dev_rate",0.125,4,"field"
"733","30_5","dev_rate",0.090909091,4,"field"
"734","30_5","dev_rate",0.142857143,4,"field"
"735","30_5","dev_rate",0.111111111,4,"field"
"736","30_5","dev_rate",0.111111111,4,"field"
"737","30_5","dev_rate",0.1,4,"field"
"738","30_5","dev_rate",0.111111111,4,"field"
"739","30_5","dev_rate",0.125,4,"field"
"740","30_5","dev_rate",0.1,4,"field"
"7411","30_5","dev_rate",0.111111111,4,"field"
"742","32_0","dev_rate",0.083333333,4,"lab"
"743","32_0","dev_rate",0.125,4,"lab"
"744","32_0","dev_rate",0.125,4,"lab"
"745","32_0","dev_rate",0.142857143,4,"lab"
"746","32_0","dev_rate",0.090909091,4,"lab"
"747","32_0","dev_rate",0.125,4,"lab"
"748","32_0","dev_rate",0.090909091,4,"lab"
"749","32_0","dev_rate",0.111111111,4,"lab"
"750","32_0","dev_rate",0.111111111,4,"lab"
"7511","32_0","dev_rate",0.083333333,4,"field"
"752","32_0","dev_rate",0.111111111,4,"field"
"753","32_0","dev_rate",0.111111111,4,"field"
"754","32_0","dev_rate",0.1,4,"field"
"755","32_0","dev_rate",0.083333333,4,"field"
"756","32_0","dev_rate",0.1,4,"field"
"757","32_0","dev_rate",0.1,4,"field"
"758","32_0","dev_rate",0.111111111,4,"field"
"759","32_0","dev_rate",0.1,4,"field"
"760","32_0","dev_rate",0.1,4,"field"
"7611","32_5","dev_rate",0.1,4,"lab"
"762","32_5","dev_rate",0.090909091,4,"lab"
"763","32_5","dev_rate",0.125,4,"lab"
"764","32_5","dev_rate",0.1,4,"field"
"765","32_5","dev_rate",0.083333333,4,"field"
"766","32_5","dev_rate",0.090909091,4,"field"
"767","32_5","dev_rate",0.090909091,4,"field"
"768","32_5","dev_rate",0.111111111,4,"field"
"769","32_5","dev_rate",0.1,4,"field"
"770","32_5","dev_rate",0.125,4,"field"
"7711","32_5","dev_rate",0.090909091,4,"field"
"772","32_5","dev_rate",0.111111111,4,"field"
"773","32_5","dev_rate",0.083333333,4,"field"
"774","32_5","dev_rate",0.1,4,"field"
"775","32_5","dev_rate",0.1,4,"field"
"776","32_5","dev_rate",0.111111111,4,"field"
"777","32_5","dev_rate",0.125,4,"field"
"778","32_5","dev_rate",0.111111111,4,"field"
"779","32_5","dev_rate",0.111111111,4,"field"
"780","32_5","dev_rate",0.125,4,"field"
"7811","32_5","dev_rate",0.125,4,"field"
"782","32_5","dev_rate",0.076923077,4,"field"
"783","32_5","dev_rate",0.090909091,4,"field"
"784","32_5","dev_rate",0.111111111,4,"field"
"785","32_5","dev_rate",0.090909091,4,"field"
"786","28_0","fecundity",45,4,"lab"
"787","28_0","fecundity",1,4,"lab"
"788","28_0","fecundity",17,4,"lab"
"789","28_0","fecundity",32,4,"lab"
"790","28_0","fecundity",11,4,"lab"
"7911","28_0","fecundity",5,4,"lab"
"792","28_0","fecundity",1,4,"lab"
"793","28_0","fecundity",2,4,"lab"
"794","28_0","fecundity",16,4,"lab"
"795","28_0","fecundity",21,4,"lab"
"796","28_0","fecundity",10,4,"lab"
"797","28_0","fecundity",3,4,"lab"
"798","28_0","fecundity",15,4,"lab"
"799","28_0","fecundity",8,4,"lab"
"800","28_0","fecundity",2,4,"lab"
"8011","28_0","fecundity",1,4,"lab"
"802","28_0","fecundity",31,4,"lab"
"803","28_0","fecundity",11,4,"lab"
"804","28_0","fecundity",22,4,"lab"
"805","28_0","fecundity",20,4,"lab"
"806","28_0","fecundity",11,4,"lab"
"807","28_0","fecundity",51,4,"lab"
"808","28_0","fecundity",19,4,"lab"
"809","28_0","fecundity",37,4,"lab"
"8101","28_0","fecundity",30,4,"lab"
"8111","28_0","fecundity",45,4,"lab"
"812","28_0","fecundity",26,4,"lab"
"813","28_0","fecundity",20,4,"lab"
"814","28_0","fecundity",37,4,"lab"
"815","28_0","fecundity",20,4,"lab"
"816","28_0","fecundity",34,4,"lab"
"817","28_0","fecundity",27,4,"lab"
"818","28_0","fecundity",24,4,"lab"
"819","28_0","fecundity",20,4,"lab"
"820","28_0","fecundity",41,4,"field"
"821","28_0","fecundity",37,4,"field"
"822","28_0","fecundity",14,4,"field"
"823","28_0","fecundity",75,4,"field"
"824","28_0","fecundity",53,4,"field"
"825","28_0","fecundity",45,4,"field"
"826","28_0","fecundity",40,4,"field"
"827","28_0","fecundity",11,4,"field"
"828","28_0","fecundity",9,4,"field"
"829","28_0","fecundity",31,4,"field"
"830","28_0","fecundity",34,4,"field"
"8311","28_0","fecundity",51,4,"field"
"832","28_0","fecundity",44,4,"field"
"833","28_0","fecundity",28,4,"field"
"834","28_0","fecundity",50,4,"field"
"835","28_0","fecundity",30,4,"field"
"836","28_0","fecundity",58,4,"field"
"837","28_0","fecundity",23,4,"field"
"838","28_0","fecundity",48,4,"field"
"839","28_0","fecundity",55,4,"field"
"840","28_0","fecundity",22,4,"field"
"8411","28_0","fecundity",64,4,"field"
"842","28_0","fecundity",43,4,"field"
"843","28_0","fecundity",39,4,"field"
"844","28_0","fecundity",50,4,"field"
"845","28_0","fecundity",47,4,"field"
"846","28_0","fecundity",79,4,"field"
"847","28_0","fecundity",56,4,"field"
"848","28_0","fecundity",8,4,"field"
"849","28_0","fecundity",41,4,"field"
"850","28_0","fecundity",35,4,"field"
"8511","28_0","fecundity",23,4,"field"
"852","28_0","fecundity",34,4,"field"
"853","28_0","fecundity",47,4,"field"
"854","28_0","fecundity",37,4,"field"
"855","28_0","fecundity",70,4,"field"
"856","28_0","fecundity",48,4,"field"
"857","28_0","fecundity",55,4,"field"
"858","28_0","fecundity",37,4,"field"
"859","28_0","fecundity",32,4,"field"
"860","28_0","fecundity",58,4,"field"
"861","28_0","fecundity",16,4,"field"
"862","28_0","fecundity",52,4,"field"
"863","28_0","fecundity",60,4,"field"
"864","28_0","fecundity",28,4,"field"
"865","28_0","fecundity",28,4,"field"
"866","28_0","fecundity",1,4,"field"
"867","28_0","fecundity",54,4,"field"
"868","28_0","fecundity",44,4,"field"
"869","28_5","fecundity",4,4,"lab"
"870","28_5","fecundity",2,4,"lab"
"8711","28_5","fecundity",50,4,"lab"
"872","28_5","fecundity",6,4,"lab"
"873","28_5","fecundity",4,4,"lab"
"874","28_5","fecundity",9,4,"lab"
"875","28_5","fecundity",8,4,"lab"
"876","28_5","fecundity",20,4,"lab"
"877","28_5","fecundity",18,4,"lab"
"878","28_5","fecundity",3,4,"lab"
"879","28_5","fecundity",32,4,"lab"
"880","28_5","fecundity",33,4,"lab"
"881","28_5","fecundity",34,4,"lab"
"882","28_5","fecundity",39,4,"lab"
"883","28_5","fecundity",6,4,"lab"
"884","28_5","fecundity",19,4,"lab"
"885","28_5","fecundity",19,4,"lab"
"886","28_5","fecundity",12,4,"lab"
"887","28_5","fecundity",9,4,"lab"
"888","28_5","fecundity",41,4,"lab"
"889","28_5","fecundity",20,4,"lab"
"890","28_5","fecundity",24,4,"lab"
"8911","28_5","fecundity",19,4,"lab"
"892","28_5","fecundity",22,4,"lab"
"893","28_5","fecundity",42,4,"lab"
"894","28_5","fecundity",39,4,"lab"
"895","28_5","fecundity",47,4,"lab"
"896","28_5","fecundity",13,4,"lab"
"897","28_5","fecundity",36,4,"lab"
"898","28_5","fecundity",35,4,"lab"
"899","28_5","fecundity",25,4,"lab"
"900","28_5","fecundity",22,4,"lab"
"901","28_5","fecundity",4,4,"lab"
"902","28_5","fecundity",32,4,"lab"
"903","28_5","fecundity",10,4,"lab"
"904","28_5","fecundity",47,4,"lab"
"905","28_5","fecundity",15,4,"lab"
"906","28_5","fecundity",28,4,"lab"
"907","28_5","fecundity",33,4,"lab"
"908","28_5","fecundity",39,4,"lab"
"909","28_5","fecundity",17,4,"lab"
"9101","28_5","fecundity",28,4,"lab"
"911","28_5","fecundity",41,4,"lab"
"912","28_5","fecundity",8,4,"lab"
"913","28_5","fecundity",37,4,"lab"
"914","28_5","fecundity",33,4,"lab"
"915","28_5","fecundity",14,4,"lab"
"916","28_5","fecundity",14,4,"lab"
"917","28_5","fecundity",65,4,"field"
"918","28_5","fecundity",53,4,"field"
"919","28_5","fecundity",50,4,"field"
"920","28_5","fecundity",49,4,"field"
"921","28_5","fecundity",59,4,"field"
"922","28_5","fecundity",47,4,"field"
"923","28_5","fecundity",35,4,"field"
"924","28_5","fecundity",63,4,"field"
"925","28_5","fecundity",71,4,"field"
"926","28_5","fecundity",21,4,"field"
"927","28_5","fecundity",23,4,"field"
"928","28_5","fecundity",26,4,"field"
"929","28_5","fecundity",62,4,"field"
"930","28_5","fecundity",44,4,"field"
"931","28_5","fecundity",48,4,"field"
"932","28_5","fecundity",56,4,"field"
"933","28_5","fecundity",70,4,"field"
"934","28_5","fecundity",72,4,"field"
"935","28_5","fecundity",69,4,"field"
"936","28_5","fecundity",58,4,"field"
"937","28_5","fecundity",65,4,"field"
"938","28_5","fecundity",65,4,"field"
"939","28_5","fecundity",55,4,"field"
"940","28_5","fecundity",43,4,"field"
"941","28_5","fecundity",31,4,"field"
"942","28_5","fecundity",40,4,"field"
"943","28_5","fecundity",56,4,"field"
"944","28_5","fecundity",48,4,"field"
"945","28_5","fecundity",38,4,"field"
"946","28_5","fecundity",67,4,"field"
"947","28_5","fecundity",32,4,"field"
"948","28_5","fecundity",55,4,"field"
"949","28_5","fecundity",36,4,"field"
"950","28_5","fecundity",24,4,"field"
"951","28_5","fecundity",24,4,"field"
"952","28_5","fecundity",11,4,"field"
"953","28_5","fecundity",72,4,"field"
"954","28_5","fecundity",41,4,"field"
"955","28_5","fecundity",65,4,"field"
"956","28_5","fecundity",36,4,"field"
"957","28_5","fecundity",40,4,"field"
"958","28_5","fecundity",58,4,"field"
"959","28_5","fecundity",59,4,"field"
"960","28_5","fecundity",82,4,"field"
"961","28_5","fecundity",31,4,"field"
"962","28_5","fecundity",55,4,"field"
"963","28_5","fecundity",10,4,"field"
"964","28_5","fecundity",19,4,"field"
"965","28_5","fecundity",24,4,"field"
"966","30_0","fecundity",2,4,"lab"
"967","30_0","fecundity",8,4,"lab"
"968","30_0","fecundity",11,4,"lab"
"969","30_0","fecundity",9,4,"lab"
"970","30_0","fecundity",3,4,"lab"
"971","30_0","fecundity",12,4,"lab"
"972","30_0","fecundity",4,4,"lab"
"973","30_0","fecundity",21,4,"lab"
"974","30_0","fecundity",13,4,"lab"
"975","30_0","fecundity",20,4,"lab"
"976","30_0","fecundity",1,4,"lab"
"977","30_0","fecundity",11,4,"lab"
"978","30_0","fecundity",13,4,"lab"
"979","30_0","fecundity",21,4,"lab"
"980","30_0","fecundity",2,4,"lab"
"981","30_0","fecundity",13,4,"lab"
"982","30_0","fecundity",6,4,"lab"
"983","30_0","fecundity",1,4,"lab"
"984","30_0","fecundity",6,4,"lab"
"985","30_0","fecundity",21,4,"lab"
"986","30_0","fecundity",16,4,"lab"
"987","30_0","fecundity",13,4,"lab"
"988","30_0","fecundity",18,4,"lab"
"989","30_0","fecundity",12,4,"lab"
"990","30_0","fecundity",23,4,"lab"
"991","30_0","fecundity",23,4,"lab"
"992","30_0","fecundity",12,4,"lab"
"993","30_0","fecundity",8,4,"lab"
"994","30_0","fecundity",12,4,"lab"
"995","30_0","fecundity",13,4,"lab"
"996","30_0","fecundity",22,4,"lab"
"997","30_0","fecundity",8,4,"lab"
"998","30_0","fecundity",12,4,"lab"
"999","30_0","fecundity",9,4,"lab"
"1000","30_0","fecundity",14,4,"lab"
"1001","30_0","fecundity",22,4,"lab"
"1002","30_0","fecundity",14,4,"lab"
"1003","30_0","fecundity",14,4,"lab"
"1004","30_0","fecundity",11,4,"lab"
"1005","30_0","fecundity",23,4,"lab"
"1006","30_0","fecundity",3,4,"lab"
"1007","30_0","fecundity",14,4,"lab"
"1008","30_0","fecundity",16,4,"lab"
"1009","30_0","fecundity",14,4,"lab"
"10101","30_0","fecundity",4,4,"lab"
"1011","30_0","fecundity",8,4,"lab"
"1012","30_0","fecundity",12,4,"lab"
"1013","30_0","fecundity",14,4,"lab"
"1014","30_0","fecundity",1,4,"lab"
"1015","30_0","fecundity",3,4,"lab"
"1016","30_0","fecundity",4,4,"lab"
"1017","30_0","fecundity",9,4,"field"
"1018","30_0","fecundity",17,4,"field"
"1019","30_0","fecundity",17,4,"field"
"1020","30_0","fecundity",21,4,"field"
"1021","30_0","fecundity",8,4,"field"
"1022","30_0","fecundity",11,4,"field"
"1023","30_0","fecundity",10,4,"field"
"1024","30_0","fecundity",8,4,"field"
"1025","30_0","fecundity",17,4,"field"
"1026","30_0","fecundity",15,4,"field"
"1027","30_0","fecundity",30,4,"field"
"1028","30_0","fecundity",44,4,"field"
"1029","30_0","fecundity",22,4,"field"
"1030","30_0","fecundity",6,4,"field"
"1031","30_0","fecundity",13,4,"field"
"1032","30_0","fecundity",13,4,"field"
"1033","30_0","fecundity",3,4,"field"
"1034","30_0","fecundity",16,4,"field"
"1035","30_0","fecundity",5,4,"field"
"1036","30_0","fecundity",14,4,"field"
"1037","30_0","fecundity",10,4,"field"
"1038","30_0","fecundity",16,4,"field"
"1039","30_0","fecundity",11,4,"field"
"1040","30_0","fecundity",4,4,"field"
"1041","30_0","fecundity",14,4,"field"
"1042","30_0","fecundity",3,4,"field"
"1043","30_0","fecundity",10,4,"field"
"1044","30_0","fecundity",14,4,"field"
"1045","30_0","fecundity",13,4,"field"
"1046","30_0","fecundity",34,4,"field"
"1047","30_0","fecundity",3,4,"field"
"1048","30_0","fecundity",15,4,"field"
"1049","30_0","fecundity",17,4,"field"
"1050","30_0","fecundity",26,4,"field"
"1051","30_0","fecundity",39,4,"field"
"1052","30_0","fecundity",3,4,"field"
"1053","30_0","fecundity",17,4,"field"
"1054","30_0","fecundity",9,4,"field"
"1055","30_0","fecundity",9,4,"field"
"1056","30_0","fecundity",30,4,"field"
"1057","30_0","fecundity",19,4,"field"
"1058","30_0","fecundity",30,4,"field"
"1059","30_0","fecundity",28,4,"field"
"1060","30_0","fecundity",7,4,"field"
"1061","30_0","fecundity",5,4,"field"
"1062","30_0","fecundity",1,4,"field"
"1063","30_5","fecundity",15,4,"lab"
"1064","30_5","fecundity",4,4,"lab"
"1065","30_5","fecundity",7,4,"lab"
"1066","30_5","fecundity",4,4,"lab"
"1067","30_5","fecundity",4,4,"lab"
"1068","30_5","fecundity",2,4,"lab"
"1069","30_5","fecundity",7,4,"lab"
"1070","30_5","fecundity",8,4,"lab"
"1071","30_5","fecundity",10,4,"lab"
"1072","30_5","fecundity",24,4,"lab"
"1073","30_5","fecundity",26,4,"lab"
"1074","30_5","fecundity",14,4,"lab"
"1075","30_5","fecundity",11,4,"lab"
"1076","30_5","fecundity",32,4,"lab"
"1077","30_5","fecundity",14,4,"lab"
"1078","30_5","fecundity",13,4,"lab"
"1079","30_5","fecundity",25,4,"lab"
"1080","30_5","fecundity",9,4,"lab"
"1081","30_5","fecundity",8,4,"lab"
"1082","30_5","fecundity",17,4,"lab"
"1083","30_5","fecundity",31,4,"lab"
"1084","30_5","fecundity",20,4,"lab"
"1085","30_5","fecundity",13,4,"lab"
"1086","30_5","fecundity",21,4,"lab"
"1087","30_5","fecundity",26,4,"lab"
"1088","30_5","fecundity",16,4,"lab"
"1089","30_5","fecundity",16,4,"lab"
"1090","30_5","fecundity",13,4,"lab"
"1091","30_5","fecundity",26,4,"lab"
"1092","30_5","fecundity",14,4,"lab"
"1093","30_5","fecundity",18,4,"lab"
"1094","30_5","fecundity",34,4,"lab"
"1095","30_5","fecundity",6,4,"lab"
"1096","30_5","fecundity",12,4,"lab"
"1097","30_5","fecundity",4,4,"lab"
"1098","30_5","fecundity",32,4,"lab"
"1099","30_5","fecundity",15,4,"lab"
"1100","30_5","fecundity",16,4,"lab"
"1101","30_5","fecundity",21,4,"lab"
"1102","30_5","fecundity",2,4,"lab"
"1103","30_5","fecundity",22,4,"lab"
"1104","30_5","fecundity",12,4,"lab"
"1105","30_5","fecundity",21,4,"lab"
"1106","30_5","fecundity",19,4,"lab"
"1107","30_5","fecundity",24,4,"lab"
"1108","30_5","fecundity",15,4,"lab"
"1109","30_5","fecundity",14,4,"lab"
"11101","30_5","fecundity",13,4,"lab"
"1111","30_5","fecundity",3,4,"lab"
"1112","30_5","fecundity",16,4,"lab"
"1113","30_5","fecundity",4,4,"lab"
"1114","30_5","fecundity",14,4,"lab"
"1115","30_5","fecundity",15,4,"lab"
"1116","30_5","fecundity",26,4,"lab"
"1117","30_5","fecundity",21,4,"lab"
"1118","30_5","fecundity",20,4,"lab"
"1119","30_5","fecundity",17,4,"lab"
"1120","30_5","fecundity",2,4,"lab"
"1121","30_5","fecundity",9,4,"lab"
"1122","30_5","fecundity",22,4,"field"
"1123","30_5","fecundity",35,4,"field"
"1124","30_5","fecundity",13,4,"field"
"1125","30_5","fecundity",31,4,"field"
"1126","30_5","fecundity",38,4,"field"
"1127","30_5","fecundity",57,4,"field"
"1128","30_5","fecundity",29,4,"field"
"1129","30_5","fecundity",39,4,"field"
"1130","30_5","fecundity",29,4,"field"
"1131","30_5","fecundity",12,4,"field"
"1132","30_5","fecundity",19,4,"field"
"1133","30_5","fecundity",23,4,"field"
"1134","30_5","fecundity",31,4,"field"
"1135","30_5","fecundity",25,4,"field"
"1136","30_5","fecundity",34,4,"field"
"1137","30_5","fecundity",31,4,"field"
"1138","30_5","fecundity",24,4,"field"
"1139","30_5","fecundity",12,4,"field"
"1140","30_5","fecundity",41,4,"field"
"1141","30_5","fecundity",39,4,"field"
"1142","30_5","fecundity",37,4,"field"
"1143","30_5","fecundity",31,4,"field"
"1144","30_5","fecundity",2,4,"field"
"1145","30_5","fecundity",36,4,"field"
"1146","30_5","fecundity",34,4,"field"
"1147","30_5","fecundity",37,4,"field"
"1148","30_5","fecundity",28,4,"field"
"1149","30_5","fecundity",23,4,"field"
"1150","30_5","fecundity",44,4,"field"
"1151","30_5","fecundity",45,4,"field"
"1152","30_5","fecundity",21,4,"field"
"1153","30_5","fecundity",35,4,"field"
"1154","30_5","fecundity",32,4,"field"
"1155","30_5","fecundity",24,4,"field"
"1156","30_5","fecundity",36,4,"field"
"1157","30_5","fecundity",22,4,"field"
"1158","30_5","fecundity",43,4,"field"
"1159","30_5","fecundity",1,4,"field"
"1160","30_5","fecundity",49,4,"field"
"1161","30_5","fecundity",13,4,"field"
"1162","30_5","fecundity",36,4,"field"
"1163","30_5","fecundity",19,4,"field"
"1164","30_5","fecundity",28,4,"field"
"1165","30_5","fecundity",27,4,"field"
"1166","30_5","fecundity",10,4,"field"
"1167","30_5","fecundity",21,4,"field"
"1168","32_0","fecundity",1,4,"lab"
"1169","32_0","fecundity",1,4,"lab"
"1170","32_0","fecundity",10,4,"lab"
"1171","32_0","fecundity",1,4,"lab"
"1172","32_0","fecundity",1,4,"lab"
"1173","32_0","fecundity",1,4,"lab"
"1174","32_0","fecundity",1,4,"lab"
"1175","32_0","fecundity",2,4,"lab"
"1176","32_0","fecundity",1,4,"lab"
"1177","32_0","fecundity",7,4,"field"
"1178","32_0","fecundity",4,4,"field"
"1179","32_0","fecundity",7,4,"field"
"1180","32_0","fecundity",3,4,"field"
"1181","32_0","fecundity",4,4,"field"
"1182","32_0","fecundity",4,4,"field"
"1183","32_0","fecundity",2,4,"field"
"1184","32_0","fecundity",1,4,"field"
"1185","32_0","fecundity",4,4,"field"
"1186","32_0","fecundity",4,4,"field"
"1187","32_5","fecundity",3,4,"lab"
"1188","32_5","fecundity",2,4,"lab"
"1189","32_5","fecundity",3,4,"lab"
"1190","32_5","fecundity",6,4,"field"
"1191","32_5","fecundity",2,4,"field"
"1192","32_5","fecundity",3,4,"field"
"1193","32_5","fecundity",3,4,"field"
"1194","32_5","fecundity",7,4,"field"
"1195","32_5","fecundity",1,4,"field"
"1196","32_5","fecundity",14,4,"field"
"1197","32_5","fecundity",7,4,"field"
"1198","32_5","fecundity",14,4,"field"
"1199","32_5","fecundity",2,4,"field"
"1200","32_5","fecundity",2,4,"field"
"1201","32_5","fecundity",8,4,"field"
"1202","32_5","fecundity",6,4,"field"
"1203","32_5","fecundity",6,4,"field"
"1204","32_5","fecundity",11,4,"field"
"1205","32_5","fecundity",1,4,"field"
"1206","32_5","fecundity",7,4,"field"
"1207","32_5","fecundity",4,4,"field"
"1208","32_5","fecundity",2,4,"field"
"1209","32_5","fecundity",1,4,"field"
"12101","32_5","fecundity",4,4,"field"
"1211","32_5","fecundity",1,4,"field"
"1212","28_0","survival",2,4,"lab"
"1213","28_0","survival",26,4,"lab"
"1214","28_0","survival",13,4,"lab"
"1215","28_0","survival",11,4,"lab"
"1216","28_0","survival",4,4,"lab"
"1217","28_0","survival",2,4,"lab"
"1218","28_0","survival",20,4,"lab"
"1219","28_0","survival",20,4,"lab"
"1220","28_0","survival",16,4,"lab"
"1221","28_0","survival",2,4,"lab"
"1222","28_0","survival",9,4,"lab"
"1223","28_0","survival",15,4,"lab"
"1224","28_0","survival",2,4,"lab"
"1225","28_0","survival",13,4,"lab"
"1226","28_0","survival",10,4,"lab"
"1227","28_0","survival",15,4,"lab"
"1228","28_0","survival",1,4,"lab"
"1229","28_0","survival",15,4,"lab"
"1230","28_0","survival",8,4,"lab"
"1231","28_0","survival",1,4,"lab"
"1232","28_0","survival",1,4,"lab"
"1233","28_0","survival",15,4,"lab"
"1234","28_0","survival",9,4,"lab"
"1235","28_0","survival",6,4,"lab"
"1236","28_0","survival",15,4,"lab"
"1237","28_0","survival",12,4,"lab"
"1238","28_0","survival",1,4,"lab"
"1239","28_0","survival",7,4,"lab"
"1240","28_0","survival",4,4,"lab"
"1241","28_0","survival",1,4,"lab"
"1242","28_0","survival",1,4,"lab"
"1243","28_0","survival",8,4,"lab"
"1244","28_0","survival",10,4,"lab"
"1245","28_0","survival",24,4,"lab"
"1246","28_0","survival",7,4,"lab"
"1247","28_0","survival",12,4,"lab"
"1248","28_0","survival",9,4,"lab"
"1249","28_0","survival",4,4,"lab"
"1250","28_0","survival",14,4,"lab"
"1251","28_0","survival",15,4,"lab"
"1252","28_0","survival",14,4,"lab"
"1253","28_0","survival",24,4,"lab"
"1254","28_0","survival",15,4,"lab"
"1255","28_0","survival",29,4,"lab"
"1256","28_0","survival",19,4,"lab"
"1257","28_0","survival",24,4,"lab"
"1258","28_0","survival",13,4,"lab"
"1259","28_0","survival",4,4,"lab"
"1260","28_0","survival",11,4,"lab"
"1261","28_0","survival",7,4,"lab"
"1262","28_0","survival",26,4,"lab"
"1263","28_0","survival",14,4,"lab"
"1264","28_0","survival",16,4,"lab"
"1265","28_0","survival",22,4,"lab"
"1266","28_0","survival",15,4,"lab"
"1267","28_0","survival",26,4,"lab"
"1268","28_0","survival",28,4,"field"
"1269","28_0","survival",26,4,"field"
"1270","28_0","survival",20,4,"field"
"1271","28_0","survival",31,4,"field"
"1272","28_0","survival",31,4,"field"
"1273","28_0","survival",29,4,"field"
"1274","28_0","survival",26,4,"field"
"1275","28_0","survival",16,4,"field"
"1276","28_0","survival",15,4,"field"
"1277","28_0","survival",20,4,"field"
"1278","28_0","survival",20,4,"field"
"1279","28_0","survival",30,4,"field"
"1280","28_0","survival",22,4,"field"
"1281","28_0","survival",19,4,"field"
"1282","28_0","survival",23,4,"field"
"1283","28_0","survival",24,4,"field"
"1284","28_0","survival",28,4,"field"
"1285","28_0","survival",17,4,"field"
"1286","28_0","survival",20,4,"field"
"1287","28_0","survival",22,4,"field"
"1288","28_0","survival",26,4,"field"
"1289","28_0","survival",20,4,"field"
"1290","28_0","survival",20,4,"field"
"1291","28_0","survival",29,4,"field"
"1292","28_0","survival",25,4,"field"
"1293","28_0","survival",23,4,"field"
"1294","28_0","survival",25,4,"field"
"1295","28_0","survival",28,4,"field"
"1296","28_0","survival",10,4,"field"
"1297","28_0","survival",22,4,"field"
"1298","28_0","survival",26,4,"field"
"1299","28_0","survival",17,4,"field"
"1300","28_0","survival",24,4,"field"
"1301","28_0","survival",29,4,"field"
"1302","28_0","survival",16,4,"field"
"1303","28_0","survival",29,4,"field"
"1304","28_0","survival",27,4,"field"
"1305","28_0","survival",18,4,"field"
"1306","28_0","survival",19,4,"field"
"1307","28_0","survival",16,4,"field"
"1308","28_0","survival",20,4,"field"
"1309","28_0","survival",15,4,"field"
"13101","28_0","survival",30,4,"field"
"1311","28_0","survival",21,4,"field"
"1312","28_0","survival",26,4,"field"
"1313","28_0","survival",24,4,"field"
"1314","28_0","survival",8,4,"field"
"1315","28_0","survival",22,4,"field"
"1316","28_0","survival",27,4,"field"
"1317","28_0","survival",15,4,"lab"
"1318","28_0","survival",10,4,"lab"
"1319","28_0","survival",26,4,"lab"
"1320","28_0","survival",14,4,"lab"
"1321","28_0","survival",14,4,"lab"
"1322","28_0","survival",16,4,"lab"
"1323","28_0","survival",15,4,"lab"
"1324","28_0","survival",2,4,"lab"
"1325","28_0","survival",15,4,"lab"
"1326","28_0","survival",5,4,"lab"
"1327","28_0","survival",22,4,"lab"
"1328","28_0","survival",10,4,"lab"
"1329","28_0","survival",21,4,"lab"
"1330","28_0","survival",21,4,"lab"
"1331","28_0","survival",20,4,"lab"
"1332","28_0","survival",21,4,"lab"
"1333","28_0","survival",5,4,"lab"
"1334","28_0","survival",17,4,"lab"
"1335","28_0","survival",19,4,"lab"
"1336","28_0","survival",12,4,"lab"
"1337","28_0","survival",15,4,"lab"
"1338","28_0","survival",12,4,"lab"
"1339","28_0","survival",21,4,"lab"
"1340","28_0","survival",14,4,"lab"
"1341","28_0","survival",21,4,"lab"
"1342","28_0","survival",15,4,"lab"
"1343","28_0","survival",20,4,"lab"
"1344","28_0","survival",19,4,"lab"
"1345","28_0","survival",19,4,"lab"
"1346","28_0","survival",21,4,"lab"
"1347","28_0","survival",15,4,"lab"
"1348","28_0","survival",19,4,"lab"
"1349","28_0","survival",23,4,"lab"
"1350","28_0","survival",20,4,"lab"
"1351","28_0","survival",19,4,"lab"
"1352","28_0","survival",12,4,"lab"
"1353","28_0","survival",5,4,"lab"
"1354","28_0","survival",21,4,"lab"
"1355","28_0","survival",15,4,"lab"
"1356","28_0","survival",24,4,"lab"
"1357","28_0","survival",15,4,"lab"
"1358","28_0","survival",24,4,"lab"
"1359","28_0","survival",22,4,"lab"
"1360","28_0","survival",4,4,"lab"
"1361","28_0","survival",3,4,"lab"
"1362","28_0","survival",19,4,"lab"
"1363","28_0","survival",18,4,"lab"
"1364","28_0","survival",21,4,"lab"
"1365","28_0","survival",24,4,"lab"
"1366","28_0","survival",16,4,"lab"
"1367","28_0","survival",24,4,"lab"
"1368","28_0","survival",20,4,"lab"
"1369","28_0","survival",20,4,"lab"
"1370","28_0","survival",16,4,"lab"
"1371","28_0","survival",31,4,"field"
"1372","28_0","survival",25,4,"field"
"1373","28_0","survival",31,4,"field"
"1374","28_0","survival",28,4,"field"
"1375","28_0","survival",24,4,"field"
"1376","28_0","survival",22,4,"field"
"1377","28_0","survival",19,4,"field"
"1378","28_0","survival",30,4,"field"
"1379","28_0","survival",35,4,"field"
"1380","28_0","survival",22,4,"field"
"1381","28_0","survival",26,4,"field"
"1382","28_0","survival",21,4,"field"
"1383","28_0","survival",29,4,"field"
"1384","28_0","survival",20,4,"field"
"1385","28_0","survival",35,4,"field"
"1386","28_0","survival",29,4,"field"
"1387","28_0","survival",28,4,"field"
"1388","28_0","survival",4,4,"field"
"1389","28_0","survival",33,4,"field"
"1390","28_0","survival",33,4,"field"
"1391","28_0","survival",34,4,"field"
"1392","28_0","survival",33,4,"field"
"1393","28_0","survival",28,4,"field"
"1394","28_0","survival",22,4,"field"
"1395","28_0","survival",26,4,"field"
"1396","28_0","survival",17,4,"field"
"1397","28_0","survival",26,4,"field"
"1398","28_0","survival",26,4,"field"
"1399","28_0","survival",29,4,"field"
"1400","28_0","survival",18,4,"field"
"1401","28_0","survival",33,4,"field"
"1402","28_0","survival",19,4,"field"
"1403","28_0","survival",28,4,"field"
"1404","28_0","survival",21,4,"field"
"1405","28_0","survival",19,4,"field"
"1406","28_0","survival",24,4,"field"
"1407","28_0","survival",13,4,"field"
"1408","28_0","survival",27,4,"field"
"1409","28_0","survival",28,4,"field"
"14101","28_0","survival",33,4,"field"
"1411","28_0","survival",28,4,"field"
"1412","28_0","survival",27,4,"field"
"1413","28_0","survival",28,4,"field"
"1414","28_0","survival",28,4,"field"
"1415","28_0","survival",32,4,"field"
"1416","28_0","survival",21,4,"field"
"1417","28_0","survival",21,4,"field"
"1418","28_0","survival",10,4,"field"
"1419","28_0","survival",22,4,"field"
"1420","28_0","survival",21,4,"field"
"1421","30_0","survival",4,4,"lab"
"1422","30_0","survival",8,4,"lab"
"1423","30_0","survival",2,4,"lab"
"1424","30_0","survival",4,4,"lab"
"1425","30_0","survival",11,4,"lab"
"1426","30_0","survival",13,4,"lab"
"1427","30_0","survival",11,4,"lab"
"1428","30_0","survival",14,4,"lab"
"1429","30_0","survival",9,4,"lab"
"1430","30_0","survival",15,4,"lab"
"1431","30_0","survival",3,4,"lab"
"1432","30_0","survival",2,4,"lab"
"1433","30_0","survival",14,4,"lab"
"1434","30_0","survival",5,4,"lab"
"1435","30_0","survival",4,4,"lab"
"1436","30_0","survival",7,4,"lab"
"1437","30_0","survival",12,4,"lab"
"1438","30_0","survival",20,4,"lab"
"1439","30_0","survival",12,4,"lab"
"1440","30_0","survival",19,4,"lab"
"1441","30_0","survival",21,4,"lab"
"1442","30_0","survival",19,4,"lab"
"1443","30_0","survival",5,4,"lab"
"1444","30_0","survival",15,4,"lab"
"1445","30_0","survival",16,4,"lab"
"1446","30_0","survival",16,4,"lab"
"1447","30_0","survival",21,4,"lab"
"1448","30_0","survival",12,4,"lab"
"1449","30_0","survival",16,4,"lab"
"1450","30_0","survival",12,4,"lab"
"1451","30_0","survival",12,4,"lab"
"1452","30_0","survival",22,4,"lab"
"1453","30_0","survival",21,4,"lab"
"1454","30_0","survival",19,4,"lab"
"1455","30_0","survival",1,4,"lab"
"1456","30_0","survival",15,4,"lab"
"1457","30_0","survival",18,4,"lab"
"1458","30_0","survival",15,4,"lab"
"1459","30_0","survival",18,4,"lab"
"1460","30_0","survival",21,4,"lab"
"1461","30_0","survival",13,4,"lab"
"1462","30_0","survival",14,4,"lab"
"1463","30_0","survival",20,4,"lab"
"1464","30_0","survival",15,4,"lab"
"1465","30_0","survival",17,4,"lab"
"1466","30_0","survival",20,4,"lab"
"1467","30_0","survival",17,4,"lab"
"1468","30_0","survival",19,4,"lab"
"1469","30_0","survival",20,4,"lab"
"1470","30_0","survival",19,4,"lab"
"1471","30_0","survival",23,4,"lab"
"1472","30_0","survival",13,4,"lab"
"1473","30_0","survival",18,4,"lab"
"1474","30_0","survival",5,4,"lab"
"1475","30_0","survival",15,4,"lab"
"1476","30_0","survival",15,4,"lab"
"1477","30_0","survival",18,4,"lab"
"1478","30_0","survival",4,4,"lab"
"1479","30_0","survival",14,4,"lab"
"1480","30_0","survival",15,4,"lab"
"1481","30_0","survival",14,4,"lab"
"1482","30_0","survival",14,4,"lab"
"1483","30_0","survival",19,4,"lab"
"1484","30_0","survival",18,4,"lab"
"1485","30_0","survival",11,4,"lab"
"1486","30_0","survival",15,4,"lab"
"1487","30_0","survival",11,4,"lab"
"1488","30_0","survival",11,4,"lab"
"1489","30_0","survival",8,4,"field"
"1490","30_0","survival",16,4,"field"
"1491","30_0","survival",17,4,"field"
"1492","30_0","survival",7,4,"field"
"1493","30_0","survival",17,4,"field"
"1494","30_0","survival",26,4,"field"
"1495","30_0","survival",21,4,"field"
"1496","30_0","survival",14,4,"field"
"1497","30_0","survival",12,4,"field"
"1498","30_0","survival",24,4,"field"
"1499","30_0","survival",25,4,"field"
"1500","30_0","survival",14,4,"field"
"1501","30_0","survival",22,4,"field"
"1502","30_0","survival",24,4,"field"
"1503","30_0","survival",24,4,"field"
"1504","30_0","survival",11,4,"field"
"1505","30_0","survival",25,4,"field"
"1506","30_0","survival",24,4,"field"
"1507","30_0","survival",20,4,"field"
"1508","30_0","survival",15,4,"field"
"1509","30_0","survival",17,4,"field"
"15101","30_0","survival",23,4,"field"
"1511","30_0","survival",14,4,"field"
"1512","30_0","survival",19,4,"field"
"1513","30_0","survival",23,4,"field"
"1514","30_0","survival",17,4,"field"
"1515","30_0","survival",20,4,"field"
"1516","30_0","survival",21,4,"field"
"1517","30_0","survival",23,4,"field"
"1518","30_0","survival",13,4,"field"
"1519","30_0","survival",23,4,"field"
"1520","30_0","survival",18,4,"field"
"1521","30_0","survival",11,4,"field"
"1522","30_0","survival",24,4,"field"
"1523","30_0","survival",16,4,"field"
"1524","30_0","survival",17,4,"field"
"1525","30_0","survival",18,4,"field"
"1526","30_0","survival",18,4,"field"
"1527","30_0","survival",21,4,"field"
"1528","30_0","survival",15,4,"field"
"1529","30_0","survival",18,4,"field"
"1530","30_0","survival",20,4,"field"
"1531","30_0","survival",18,4,"field"
"1532","30_0","survival",19,4,"field"
"1533","30_0","survival",24,4,"field"
"1534","30_0","survival",23,4,"field"
"1535","30_0","survival",24,4,"field"
"1536","30_0","survival",11,4,"field"
"1537","30_0","survival",20,4,"field"
"1538","30_0","survival",11,4,"field"
"1539","30_0","survival",21,4,"lab"
"1540","30_0","survival",11,4,"lab"
"1541","30_0","survival",4,4,"lab"
"1542","30_0","survival",10,4,"lab"
"1543","30_0","survival",13,4,"lab"
"1544","30_0","survival",12,4,"lab"
"1545","30_0","survival",9,4,"lab"
"1546","30_0","survival",6,4,"lab"
"1547","30_0","survival",9,4,"lab"
"1548","30_0","survival",13,4,"lab"
"1549","30_0","survival",13,4,"lab"
"1550","30_0","survival",11,4,"lab"
"1551","30_0","survival",11,4,"lab"
"1552","30_0","survival",23,4,"lab"
"1553","30_0","survival",21,4,"lab"
"1554","30_0","survival",19,4,"lab"
"1555","30_0","survival",20,4,"lab"
"1556","30_0","survival",2,4,"lab"
"1557","30_0","survival",18,4,"lab"
"1558","30_0","survival",4,4,"lab"
"1559","30_0","survival",19,4,"lab"
"1560","30_0","survival",14,4,"lab"
"1561","30_0","survival",6,4,"lab"
"1562","30_0","survival",16,4,"lab"
"1563","30_0","survival",18,4,"lab"
"1564","30_0","survival",13,4,"lab"
"1565","30_0","survival",16,4,"lab"
"1566","30_0","survival",20,4,"lab"
"1567","30_0","survival",23,4,"lab"
"1568","30_0","survival",7,4,"lab"
"1569","30_0","survival",19,4,"lab"
"1570","30_0","survival",15,4,"lab"
"1571","30_0","survival",21,4,"lab"
"1572","30_0","survival",19,4,"lab"
"1573","30_0","survival",20,4,"lab"
"1574","30_0","survival",13,4,"lab"
"1575","30_0","survival",18,4,"lab"
"1576","30_0","survival",19,4,"lab"
"1577","30_0","survival",15,4,"lab"
"1578","30_0","survival",18,4,"lab"
"1579","30_0","survival",17,4,"lab"
"1580","30_0","survival",13,4,"lab"
"1581","30_0","survival",13,4,"lab"
"1582","30_0","survival",10,4,"lab"
"1583","30_0","survival",4,4,"lab"
"1584","30_0","survival",19,4,"lab"
"1585","30_0","survival",15,4,"lab"
"1586","30_0","survival",11,4,"lab"
"1587","30_0","survival",5,4,"lab"
"1588","30_0","survival",17,4,"lab"
"1589","30_0","survival",19,4,"lab"
"1590","30_0","survival",10,4,"lab"
"1591","30_0","survival",15,4,"lab"
"1592","30_0","survival",14,4,"lab"
"1593","30_0","survival",20,4,"lab"
"1594","30_0","survival",15,4,"lab"
"1595","30_0","survival",19,4,"lab"
"1596","30_0","survival",17,4,"lab"
"1597","30_0","survival",18,4,"lab"
"1598","30_0","survival",13,4,"lab"
"1599","30_0","survival",11,4,"lab"
"1600","30_0","survival",10,4,"lab"
"1601","30_0","survival",17,4,"lab"
"1602","30_0","survival",10,4,"lab"
"1603","30_0","survival",10,4,"lab"
"1604","30_0","survival",20,4,"lab"
"1605","30_0","survival",16,4,"lab"
"1606","30_0","survival",24,4,"lab"
"1607","30_0","survival",19,4,"lab"
"1608","30_0","survival",18,4,"lab"
"1609","30_0","survival",19,4,"lab"
"16101","30_0","survival",15,4,"lab"
"1611","30_0","survival",19,4,"lab"
"1612","30_0","survival",16,4,"field"
"1613","30_0","survival",20,4,"field"
"1614","30_0","survival",18,4,"field"
"1615","30_0","survival",22,4,"field"
"1616","30_0","survival",22,4,"field"
"1617","30_0","survival",21,4,"field"
"1618","30_0","survival",21,4,"field"
"1619","30_0","survival",19,4,"field"
"1620","30_0","survival",20,4,"field"
"1621","30_0","survival",7,4,"field"
"1622","30_0","survival",8,4,"field"
"1623","30_0","survival",20,4,"field"
"1624","30_0","survival",23,4,"field"
"1625","30_0","survival",24,4,"field"
"1626","30_0","survival",27,4,"field"
"1627","30_0","survival",20,4,"field"
"1628","30_0","survival",17,4,"field"
"1629","30_0","survival",21,4,"field"
"1630","30_0","survival",23,4,"field"
"1631","30_0","survival",18,4,"field"
"1632","30_0","survival",23,4,"field"
"1633","30_0","survival",7,4,"field"
"1634","30_0","survival",19,4,"field"
"1635","30_0","survival",18,4,"field"
"1636","30_0","survival",25,4,"field"
"1637","30_0","survival",16,4,"field"
"1638","30_0","survival",19,4,"field"
"1639","30_0","survival",20,4,"field"
"1640","30_0","survival",17,4,"field"
"1641","30_0","survival",21,4,"field"
"1642","30_0","survival",19,4,"field"
"1643","30_0","survival",27,4,"field"
"1644","30_0","survival",24,4,"field"
"1645","30_0","survival",19,4,"field"
"1646","30_0","survival",17,4,"field"
"1647","30_0","survival",21,4,"field"
"1648","30_0","survival",21,4,"field"
"1649","30_0","survival",23,4,"field"
"1650","30_0","survival",26,4,"field"
"1651","30_0","survival",25,4,"field"
"1652","30_0","survival",13,4,"field"
"1653","30_0","survival",21,4,"field"
"1654","30_0","survival",20,4,"field"
"1655","30_0","survival",27,4,"field"
"1656","30_0","survival",24,4,"field"
"1657","30_0","survival",18,4,"field"
"1658","30_0","survival",16,4,"field"
"1659","30_0","survival",17,4,"field"
"1660","30_0","survival",19,4,"field"
"1661","32_0","survival",2,4,"lab"
"1662","32_0","survival",2,4,"lab"
"1663","32_0","survival",10,4,"lab"
"1664","32_0","survival",10,4,"lab"
"1665","32_0","survival",8,4,"lab"
"1666","32_0","survival",13,4,"lab"
"1667","32_0","survival",8,4,"lab"
"1668","32_0","survival",2,4,"lab"
"1669","32_0","survival",8,4,"lab"
"1670","32_0","survival",9,4,"lab"
"1671","32_0","survival",3,4,"lab"
"1672","32_0","survival",11,4,"lab"
"1673","32_0","survival",12,4,"lab"
"1674","32_0","survival",9,4,"lab"
"1675","32_0","survival",3,4,"lab"
"1676","32_0","survival",9,4,"lab"
"1677","32_0","survival",8,4,"lab"
"1678","32_0","survival",7,4,"lab"
"1679","32_0","survival",2,4,"lab"
"1680","32_0","survival",12,4,"lab"
"1681","32_0","survival",7,4,"lab"
"1682","32_0","survival",9,4,"lab"
"1683","32_0","survival",4,4,"lab"
"1684","32_0","survival",17,4,"lab"
"1685","32_0","survival",1,4,"lab"
"1686","32_0","survival",5,4,"lab"
"1687","32_0","survival",9,4,"lab"
"1688","32_0","survival",5,4,"lab"
"1689","32_0","survival",13,4,"lab"
"1690","32_0","survival",13,4,"lab"
"1691","32_0","survival",4,4,"lab"
"1692","32_0","survival",17,4,"lab"
"1693","32_0","survival",4,4,"lab"
"1694","32_0","survival",3,4,"lab"
"1695","32_0","survival",11,4,"lab"
"1696","32_0","survival",8,4,"lab"
"1697","32_0","survival",16,4,"lab"
"1698","32_0","survival",13,4,"lab"
"1699","32_0","survival",2,4,"lab"
"1700","32_0","survival",10,4,"lab"
"1701","32_0","survival",12,4,"lab"
"1702","32_0","survival",15,4,"lab"
"1703","32_0","survival",14,4,"lab"
"1704","32_0","survival",16,4,"lab"
"1705","32_0","survival",15,4,"lab"
"1706","32_0","survival",10,4,"lab"
"1707","32_0","survival",9,4,"lab"
"1708","32_0","survival",14,4,"lab"
"1709","32_0","survival",3,4,"lab"
"1710","32_0","survival",12,4,"lab"
"1711","32_0","survival",14,4,"lab"
"1712","32_0","survival",14,4,"lab"
"1713","32_0","survival",6,4,"lab"
"1714","32_0","survival",11,4,"lab"
"1715","32_0","survival",8,4,"lab"
"1716","32_0","survival",13,4,"lab"
"1717","32_0","survival",8,4,"lab"
"1718","32_0","survival",1,4,"lab"
"1719","32_0","survival",8,4,"lab"
"1720","32_0","survival",4,4,"lab"
"1721","32_0","survival",11,4,"lab"
"1722","32_0","survival",11,4,"lab"
"1723","32_0","survival",14,4,"lab"
"1724","32_0","survival",15,4,"lab"
"1725","32_0","survival",11,4,"lab"
"1726","32_0","survival",15,4,"lab"
"1727","32_0","survival",11,4,"lab"
"1728","32_0","survival",14,4,"lab"
"1729","32_0","survival",12,4,"lab"
"1730","32_0","survival",9,4,"lab"
"1731","32_0","survival",17,4,"lab"
"1732","32_0","survival",17,4,"lab"
"1733","32_0","survival",14,4,"lab"
"1734","32_0","survival",8,4,"field"
"1735","32_0","survival",8,4,"field"
"1736","32_0","survival",12,4,"field"
"1737","32_0","survival",12,4,"field"
"1738","32_0","survival",7,4,"field"
"1739","32_0","survival",18,4,"field"
"1740","32_0","survival",16,4,"field"
"1741","32_0","survival",16,4,"field"
"1742","32_0","survival",12,4,"field"
"1743","32_0","survival",12,4,"field"
"1744","32_0","survival",12,4,"field"
"1745","32_0","survival",15,4,"field"
"1746","32_0","survival",14,4,"field"
"1747","32_0","survival",12,4,"field"
"1748","32_0","survival",10,4,"field"
"1749","32_0","survival",9,4,"field"
"1750","32_0","survival",20,4,"field"
"1751","32_0","survival",16,4,"field"
"1752","32_0","survival",10,4,"field"
"1753","32_0","survival",16,4,"field"
"1754","32_0","survival",12,4,"field"
"1755","32_0","survival",8,4,"field"
"1756","32_0","survival",13,4,"field"
"1757","32_0","survival",12,4,"field"
"1758","32_0","survival",17,4,"field"
"1759","32_0","survival",3,4,"field"
"1760","32_0","survival",11,4,"field"
"1761","32_0","survival",3,4,"field"
"1762","32_0","survival",11,4,"field"
"1763","32_0","survival",4,4,"field"
"1764","32_0","survival",19,4,"field"
"1765","32_0","survival",11,4,"field"
"1766","32_0","survival",2,4,"field"
"1767","32_0","survival",9,4,"field"
"1768","32_0","survival",10,4,"field"
"1769","32_0","survival",3,4,"field"
"1770","32_0","survival",10,4,"field"
"1771","32_0","survival",8,4,"field"
"1772","32_0","survival",8,4,"field"
"1773","32_0","survival",9,4,"field"
"1774","32_0","survival",4,4,"field"
"1775","32_0","survival",18,4,"field"
"1776","32_0","survival",6,4,"field"
"1777","32_0","survival",10,4,"field"
"1778","32_0","survival",15,4,"field"
"1779","32_0","survival",3,4,"field"
"1780","32_0","survival",18,4,"field"
"1781","32_0","survival",12,4,"field"
"1782","32_0","survival",13,4,"field"
"1783","32_0","survival",18,4,"field"
"1784","32_0","survival",11,4,"field"
"1785","32_0","survival",15,4,"field"
"1786","32_0","survival",15,4,"field"
"1787","32_0","survival",14,4,"field"
"1788","32_0","survival",15,4,"field"
"1789","32_0","survival",16,4,"field"
"1790","32_0","survival",11,4,"field"
"1791","32_0","survival",16,4,"field"
"1792","32_0","survival",10,4,"field"
"1793","32_0","survival",14,4,"field"
"1794","32_0","survival",15,4,"field"
"1795","32_0","survival",19,4,"field"
"1796","32_0","survival",21,4,"field"
"1797","32_0","survival",19,4,"field"
"1798","32_0","survival",18,4,"field"
"1799","32_0","survival",16,4,"field"
"1800","32_0","survival",18,4,"field"
"1801","32_0","survival",15,4,"field"
"1802","32_0","survival",15,4,"field"
"1803","32_0","survival",10,4,"field"
"1804","32_0","survival",15,4,"field"
"1805","32_0","survival",14,4,"field"
"1806","32_0","survival",17,4,"field"
"1807","32_0","survival",10,4,"field"
"1808","32_0","survival",18,4,"field"
"1809","32_0","survival",3,4,"lab"
"1810","32_0","survival",7,4,"lab"
"1811","32_0","survival",5,4,"lab"
"1812","32_0","survival",4,4,"lab"
"1813","32_0","survival",7,4,"lab"
"1814","32_0","survival",8,4,"lab"
"1815","32_0","survival",9,4,"lab"
"1816","32_0","survival",5,4,"lab"
"1817","32_0","survival",5,4,"lab"
"1818","32_0","survival",5,4,"lab"
"1819","32_0","survival",2,4,"lab"
"1820","32_0","survival",2,4,"lab"
"1821","32_0","survival",13,4,"lab"
"1822","32_0","survival",12,4,"lab"
"1823","32_0","survival",4,4,"lab"
"1824","32_0","survival",14,4,"lab"
"1825","32_0","survival",16,4,"lab"
"1826","32_0","survival",13,4,"lab"
"1827","32_0","survival",11,4,"lab"
"1828","32_0","survival",15,4,"lab"
"1829","32_0","survival",6,4,"lab"
"1830","32_0","survival",2,4,"lab"
"1831","32_0","survival",2,4,"lab"
"1832","32_0","survival",10,4,"lab"
"1833","32_0","survival",12,4,"lab"
"1834","32_0","survival",13,4,"lab"
"1835","32_0","survival",8,4,"lab"
"1836","32_0","survival",5,4,"lab"
"1837","32_0","survival",12,4,"lab"
"1838","32_0","survival",13,4,"lab"
"1839","32_0","survival",3,4,"lab"
"1840","32_0","survival",13,4,"lab"
"1841","32_0","survival",1,4,"lab"
"1842","32_0","survival",2,4,"lab"
"1843","32_0","survival",2,4,"lab"
"1844","32_0","survival",9,4,"lab"
"1845","32_0","survival",6,4,"lab"
"1846","32_0","survival",9,4,"lab"
"1847","32_0","survival",8,4,"lab"
"1848","32_0","survival",11,4,"lab"
"1849","32_0","survival",9,4,"lab"
"1850","32_0","survival",10,4,"lab"
"1851","32_0","survival",8,4,"lab"
"1852","32_0","survival",13,4,"lab"
"1853","32_0","survival",11,4,"lab"
"1854","32_0","survival",5,4,"lab"
"1855","32_0","survival",7,4,"lab"
"1856","32_0","survival",8,4,"lab"
"1857","32_0","survival",7,4,"lab"
"1858","32_0","survival",9,4,"lab"
"1859","32_0","survival",9,4,"lab"
"1860","32_0","survival",1,4,"lab"
"1861","32_0","survival",2,4,"lab"
"1862","32_0","survival",4,4,"lab"
"1863","32_0","survival",9,4,"lab"
"1864","32_0","survival",7,4,"lab"
"1865","32_0","survival",10,4,"lab"
"1866","32_0","survival",8,4,"lab"
"1867","32_0","survival",2,4,"lab"
"1868","32_0","survival",8,4,"lab"
"1869","32_0","survival",9,4,"lab"
"1870","32_0","survival",3,4,"lab"
"1871","32_0","survival",10,4,"lab"
"1872","32_0","survival",6,4,"lab"
"1873","32_0","survival",9,4,"lab"
"1874","32_0","survival",10,4,"lab"
"1875","32_0","survival",2,4,"lab"
"1876","32_0","survival",5,4,"lab"
"1877","32_0","survival",9,4,"lab"
"1878","32_0","survival",12,4,"lab"
"1879","32_0","survival",4,4,"lab"
"1880","32_0","survival",14,4,"lab"
"1881","32_0","survival",9,4,"lab"
"1882","32_0","survival",5,4,"field"
"1883","32_0","survival",12,4,"field"
"1884","32_0","survival",6,4,"field"
"1885","32_0","survival",5,4,"field"
"1886","32_0","survival",15,4,"field"
"1887","32_0","survival",14,4,"field"
"1888","32_0","survival",6,4,"field"
"1889","32_0","survival",10,4,"field"
"1890","32_0","survival",8,4,"field"
"1891","32_0","survival",15,4,"field"
"1892","32_0","survival",11,4,"field"
"1893","32_0","survival",12,4,"field"
"1894","32_0","survival",12,4,"field"
"1895","32_0","survival",5,4,"field"
"1896","32_0","survival",12,4,"field"
"1897","32_0","survival",10,4,"field"
"1898","32_0","survival",5,4,"field"
"1899","32_0","survival",8,4,"field"
"1900","32_0","survival",15,4,"field"
"1901","32_0","survival",17,4,"field"
"1902","32_0","survival",18,4,"field"
"1903","32_0","survival",16,4,"field"
"1904","32_0","survival",9,4,"field"
"1905","32_0","survival",4,4,"field"
"1906","32_0","survival",15,4,"field"
"1907","32_0","survival",12,4,"field"
"1908","32_0","survival",8,4,"field"
"1909","32_0","survival",10,4,"field"
"1910","32_0","survival",14,4,"field"
"1911","32_0","survival",15,4,"field"
"1912","32_0","survival",15,4,"field"
"1913","32_0","survival",12,4,"field"
"1914","32_0","survival",16,4,"field"
"1915","32_0","survival",10,4,"field"
"1916","32_0","survival",14,4,"field"
"1917","32_0","survival",11,4,"field"
"1918","32_0","survival",17,4,"field"
"1919","32_0","survival",14,4,"field"
"1920","32_0","survival",19,4,"field"
"1921","32_0","survival",8,4,"field"
"1922","32_0","survival",17,4,"field"
"1923","32_0","survival",10,4,"field"
"1924","32_0","survival",15,4,"field"
"1925","32_0","survival",8,4,"field"
"1926","32_0","survival",18,4,"field"
"1927","32_0","survival",5,4,"field"
"1928","32_0","survival",5,4,"field"
"1929","32_0","survival",15,4,"field"
"1930","32_0","survival",11,4,"field"
"1931","32_0","survival",18,4,"field"
"1932","32_0","survival",16,4,"field"
"1933","32_0","survival",18,4,"field"
"1934","32_0","survival",11,4,"field"
"1935","32_0","survival",12,4,"field"
"1936","32_0","survival",15,4,"field"
"1937","32_0","survival",15,4,"field"
"1938","32_0","survival",5,4,"field"
"1939","32_0","survival",11,4,"field"
"1940","32_0","survival",1,4,"field"
"1941","32_0","survival",14,4,"field"
"1942","32_0","survival",18,4,"field"
"1943","32_0","survival",13,4,"field"
"1944","32_0","survival",12,4,"field"
"1945","32_0","survival",2,4,"field"
"1946","32_0","survival",17,4,"field"
"1947","32_0","survival",16,4,"field"
"1948","32_0","survival",16,4,"field"
"1949","32_0","survival",11,4,"field"
"1950","32_0","survival",13,4,"field"
"1951","32_0","survival",14,4,"field"
"1952","32_0","survival",13,4,"field"
"1953","32_0","survival",15,4,"field"
"1954","32_0","survival",9,4,"field"
"1955","32_0","survival",13,4,"field"
"1956","32_0","survival",17,4,"field"
"1957","32_0","survival",17,4,"field"
"1958","32_0","survival",9,4,"field"
"1959","32_0","survival",17,4,"field"
"1960","22_0","fecundity",18,3,"lab"
"1961","22_0","fecundity",17,3,"lab"
"1962","22_0","fecundity",55,3,"lab"
"1963","22_0","fecundity",54,3,"lab"
"1964","22_0","fecundity",45,3,"lab"
"1965","22_0","fecundity",14,3,"lab"
"1966","22_0","fecundity",47,3,"lab"
"1967","22_0","fecundity",54,3,"lab"
"1968","22_0","fecundity",36,3,"lab"
"1969","22_0","fecundity",34,3,"lab"
"1970","22_0","fecundity",32,3,"lab"
"1971","22_0","fecundity",10,3,"lab"
"1972","22_0","fecundity",6,3,"lab"
"1973","22_0","fecundity",47,3,"lab"
"1974","22_0","fecundity",51,3,"lab"
"1975","22_0","fecundity",41,3,"lab"
"1976","22_0","fecundity",67,3,"lab"
"1977","22_0","fecundity",34,3,"lab"
"1978","22_0","fecundity",4,3,"lab"
"1979","22_0","fecundity",64,3,"lab"
"1980","22_0","fecundity",26,3,"lab"
"1981","22_0","fecundity",42,3,"lab"
"1982","22_0","fecundity",68,3,"lab"
"1983","22_0","fecundity",36,3,"lab"
"1984","22_0","fecundity",6,3,"lab"
"1985","22_0","fecundity",45,3,"lab"
"1986","22_0","fecundity",44,3,"lab"
"1987","22_0","fecundity",51,3,"lab"
"1988","22_0","fecundity",55,3,"lab"
"1989","22_0","fecundity",47,3,"lab"
"1990","22_0","fecundity",6,3,"lab"
"1991","22_0","fecundity",52,3,"lab"
"1992","22_0","fecundity",36,3,"lab"
"1993","22_0","fecundity",37,3,"lab"
"1994","22_0","fecundity",45,3,"lab"
"1995","22_0","fecundity",86,3,"lab"
"1996","22_0","fecundity",53,3,"lab"
"1997","22_0","fecundity",63,3,"lab"
"1998","22_0","fecundity",36,3,"lab"
"1999","22_0","fecundity",54,3,"lab"
"2000","22_0","fecundity",30,3,"lab"
"2001","22_0","fecundity",62,3,"lab"
"2002","22_0","fecundity",64,3,"lab"
"2003","22_0","fecundity",58,3,"lab"
"2004","22_0","fecundity",51,3,"lab"
"2005","22_0","fecundity",12,3,"lab"
"2006","22_0","fecundity",54,3,"lab"
"2007","22_0","fecundity",64,3,"field"
"2008","22_0","fecundity",53,3,"field"
"2009","22_0","fecundity",40,3,"field"
"2010","22_0","fecundity",66,3,"field"
"2011","22_0","fecundity",45,3,"field"
"2012","22_0","fecundity",73,3,"field"
"2013","22_0","fecundity",64,3,"field"
"2014","22_0","fecundity",56,3,"field"
"2015","22_0","fecundity",76,3,"field"
"2016","22_0","fecundity",60,3,"field"
"2017","22_0","fecundity",12,3,"field"
"2018","22_0","fecundity",34,3,"field"
"2019","22_0","fecundity",72,3,"field"
"2020","22_0","fecundity",61,3,"field"
"2021","22_0","fecundity",89,3,"field"
"2022","22_0","fecundity",67,3,"field"
"2023","22_0","fecundity",33,3,"field"
"2024","22_0","fecundity",67,3,"field"
"2025","22_0","fecundity",61,3,"field"
"2026","22_0","fecundity",66,3,"field"
"2027","22_0","fecundity",25,3,"field"
"2028","22_0","fecundity",50,3,"field"
"2029","22_0","fecundity",70,3,"field"
"2030","22_0","fecundity",64,3,"field"
"2031","22_0","fecundity",63,3,"field"
"2032","22_0","fecundity",68,3,"field"
"2033","22_0","fecundity",80,3,"field"
"2034","22_0","fecundity",66,3,"field"
"2035","22_0","fecundity",48,3,"field"
"2036","22_0","fecundity",49,3,"field"
"2037","22_0","fecundity",59,3,"field"
"2038","22_0","fecundity",62,3,"field"
"2039","22_0","fecundity",52,3,"field"
"2040","22_0","fecundity",23,3,"field"
"2041","22_0","fecundity",71,3,"field"
"2042","22_0","fecundity",68,3,"field"
"2043","22_0","fecundity",77,3,"field"
"2044","22_0","fecundity",28,3,"field"
"2045","22_0","fecundity",54,3,"field"
"2046","22_0","fecundity",37,3,"field"
"2047","22_0","fecundity",63,3,"field"
"2048","22_0","fecundity",37,3,"field"
"2049","22_0","fecundity",49,3,"field"
"2050","22_0","fecundity",48,3,"field"
"2051","22_0","fecundity",54,3,"field"
"2052","22_0","fecundity",62,3,"field"
"2053","22_5","fecundity",47,3,"lab"
"2054","22_5","fecundity",39,3,"lab"
"2055","22_5","fecundity",26,3,"lab"
"2056","22_5","fecundity",19,3,"lab"
"2057","22_5","fecundity",11,3,"lab"
"2058","22_5","fecundity",25,3,"lab"
"2059","22_5","fecundity",23,3,"lab"
"2060","22_5","fecundity",28,3,"lab"
"2061","22_5","fecundity",24,3,"lab"
"2062","22_5","fecundity",45,3,"lab"
"2063","22_5","fecundity",25,3,"lab"
"2064","22_5","fecundity",63,3,"lab"
"2065","22_5","fecundity",42,3,"lab"
"2066","22_5","fecundity",51,3,"lab"
"2067","22_5","fecundity",60,3,"lab"
"2068","22_5","fecundity",61,3,"lab"
"2069","22_5","fecundity",44,3,"lab"
"2070","22_5","fecundity",36,3,"lab"
"2071","22_5","fecundity",43,3,"lab"
"2072","22_5","fecundity",69,3,"lab"
"2073","22_5","fecundity",60,3,"lab"
"2074","22_5","fecundity",29,3,"lab"
"2075","22_5","fecundity",42,3,"lab"
"2076","22_5","fecundity",60,3,"lab"
"2077","22_5","fecundity",52,3,"lab"
"2078","22_5","fecundity",41,3,"lab"
"2079","22_5","fecundity",53,3,"lab"
"2080","22_5","fecundity",46,3,"lab"
"2081","22_5","fecundity",35,3,"lab"
"2082","22_5","fecundity",57,3,"lab"
"2083","22_5","fecundity",49,3,"lab"
"2084","22_5","fecundity",43,3,"lab"
"2085","22_5","fecundity",9,3,"lab"
"2086","22_5","fecundity",56,3,"lab"
"2087","22_5","fecundity",64,3,"lab"
"2088","22_5","fecundity",56,3,"lab"
"2089","22_5","fecundity",59,3,"lab"
"2090","22_5","fecundity",32,3,"lab"
"2091","22_5","fecundity",33,3,"field"
"2092","22_5","fecundity",80,3,"field"
"2093","22_5","fecundity",70,3,"field"
"2094","22_5","fecundity",61,3,"field"
"2095","22_5","fecundity",76,3,"field"
"2096","22_5","fecundity",81,3,"field"
"2097","22_5","fecundity",84,3,"field"
"2098","22_5","fecundity",70,3,"field"
"2099","22_5","fecundity",73,3,"field"
"2100","22_5","fecundity",78,3,"field"
"2101","22_5","fecundity",53,3,"field"
"2102","22_5","fecundity",72,3,"field"
"2103","22_5","fecundity",77,3,"field"
"2104","22_5","fecundity",51,3,"field"
"2105","22_5","fecundity",55,3,"field"
"2106","22_5","fecundity",81,3,"field"
"2107","22_5","fecundity",72,3,"field"
"2108","22_5","fecundity",78,3,"field"
"2109","22_5","fecundity",54,3,"field"
"2110","22_5","fecundity",64,3,"field"
"2111","22_5","fecundity",71,3,"field"
"2112","22_5","fecundity",73,3,"field"
"2113","22_5","fecundity",67,3,"field"
"2114","22_5","fecundity",72,3,"field"
"2115","22_5","fecundity",55,3,"field"
"2116","22_5","fecundity",27,3,"field"
"2117","22_5","fecundity",84,3,"field"
"2118","22_5","fecundity",82,3,"field"
"2119","22_5","fecundity",59,3,"field"
"2120","22_5","fecundity",76,3,"field"
"2121","22_5","fecundity",78,3,"field"
"2122","22_5","fecundity",59,3,"field"
"2123","22_5","fecundity",63,3,"field"
"2124","22_5","fecundity",84,3,"field"
"2125","22_5","fecundity",71,3,"field"
"2126","22_5","fecundity",77,3,"field"
"2127","22_5","fecundity",79,3,"field"
"2128","22_5","fecundity",80,3,"field"
"2129","22_5","fecundity",77,3,"field"
"2130","22_5","fecundity",58,3,"field"
"2131","22_5","fecundity",64,3,"field"
"2132","22_5","fecundity",90,3,"field"
"2133","22_5","fecundity",42,3,"field"
"2134","22_5","fecundity",87,3,"field"
"2135","22_5","fecundity",61,3,"field"
"2136","22_5","fecundity",37,3,"field"
"2137","22_9","fecundity",28,3,"lab"
"2138","22_9","fecundity",33,3,"lab"
"2139","22_9","fecundity",21,3,"lab"
"2140","22_9","fecundity",5,3,"lab"
"2141","22_9","fecundity",45,3,"lab"
"2142","22_9","fecundity",6,3,"lab"
"2143","22_9","fecundity",42,3,"lab"
"2144","22_9","fecundity",40,3,"lab"
"2145","22_9","fecundity",36,3,"lab"
"2146","22_9","fecundity",8,3,"lab"
"2147","22_9","fecundity",58,3,"lab"
"2148","22_9","fecundity",9,3,"lab"
"2149","22_9","fecundity",9,3,"lab"
"2150","22_9","fecundity",26,3,"lab"
"2151","22_9","fecundity",53,3,"lab"
"2152","22_9","fecundity",50,3,"lab"
"2153","22_9","fecundity",40,3,"lab"
"2154","22_9","fecundity",58,3,"lab"
"2155","22_9","fecundity",27,3,"lab"
"2156","22_9","fecundity",55,3,"lab"
"2157","22_9","fecundity",30,3,"lab"
"2158","22_9","fecundity",6,3,"lab"
"2159","22_9","fecundity",39,3,"lab"
"2160","22_9","fecundity",38,3,"lab"
"2161","22_9","fecundity",39,3,"lab"
"2162","22_9","fecundity",43,3,"lab"
"2163","22_9","fecundity",45,3,"lab"
"2164","22_9","fecundity",42,3,"lab"
"2165","22_9","fecundity",12,3,"lab"
"2166","22_9","fecundity",51,3,"lab"
"2167","22_9","fecundity",24,3,"lab"
"2168","22_9","fecundity",11,3,"lab"
"2169","22_9","fecundity",57,3,"lab"
"2170","22_9","fecundity",63,3,"lab"
"2171","22_9","fecundity",31,3,"lab"
"2172","22_9","fecundity",24,3,"lab"
"2173","22_9","fecundity",52,3,"lab"
"2174","22_9","fecundity",38,3,"lab"
"2175","22_9","fecundity",34,3,"lab"
"2176","22_9","fecundity",35,3,"lab"
"2177","22_9","fecundity",20,3,"lab"
"2178","22_9","fecundity",35,3,"field"
"2179","22_9","fecundity",69,3,"field"
"2180","22_9","fecundity",41,3,"field"
"2181","22_9","fecundity",66,3,"field"
"2182","22_9","fecundity",61,3,"field"
"2183","22_9","fecundity",66,3,"field"
"2184","22_9","fecundity",70,3,"field"
"2185","22_9","fecundity",70,3,"field"
"2186","22_9","fecundity",61,3,"field"
"2187","22_9","fecundity",39,3,"field"
"2188","22_9","fecundity",62,3,"field"
"2189","22_9","fecundity",56,3,"field"
"2190","22_9","fecundity",57,3,"field"
"2191","22_9","fecundity",82,3,"field"
"2192","22_9","fecundity",59,3,"field"
"2193","22_9","fecundity",66,3,"field"
"2194","22_9","fecundity",70,3,"field"
"2195","22_9","fecundity",41,3,"field"
"2196","22_9","fecundity",63,3,"field"
"2197","22_9","fecundity",80,3,"field"
"2198","22_9","fecundity",55,3,"field"
"2199","22_9","fecundity",78,3,"field"
"2200","22_9","fecundity",37,3,"field"
"2201","22_9","fecundity",45,3,"field"
"2202","22_9","fecundity",49,3,"field"
"2203","22_9","fecundity",60,3,"field"
"2204","22_9","fecundity",42,3,"field"
"2205","22_9","fecundity",58,3,"field"
"2206","22_9","fecundity",58,3,"field"
"2207","22_9","fecundity",21,3,"field"
"2208","22_9","fecundity",55,3,"field"
"2209","22_9","fecundity",32,3,"field"
"2210","22_9","fecundity",47,3,"field"
"2211","22_9","fecundity",68,3,"field"
"2212","22_9","fecundity",80,3,"field"
"2213","22_9","fecundity",76,3,"field"
"2214","22_9","fecundity",71,3,"field"
"2215","22_9","fecundity",57,3,"field"
"2216","22_9","fecundity",73,3,"field"
"2217","22_9","fecundity",56,3,"field"
"2218","22_9","fecundity",9,3,"field"
"2219","22_9","fecundity",69,3,"field"
"2220","22_9","fecundity",68,3,"field"
"2221","22_9","fecundity",65,3,"field"
"2222","22_9","fecundity",46,3,"field"
"2223","22_9","fecundity",53,3,"field"
"2224","22_9","fecundity",51,3,"field"
"2225","22_9","fecundity",40,3,"field"
"2226","22_9","fecundity",71,3,"field"
"2227","22_9","fecundity",80,3,"field"
"2228","22_9","fecundity",72,3,"field"
"2229","22_13","fecundity",25,3,"lab"
"2230","22_13","fecundity",30,3,"lab"
"2231","22_13","fecundity",15,3,"lab"
"2232","22_13","fecundity",17,3,"lab"
"2233","22_13","fecundity",16,3,"lab"
"2234","22_13","fecundity",30,3,"lab"
"2235","22_13","fecundity",8,3,"lab"
"2236","22_13","fecundity",23,3,"lab"
"2237","22_13","fecundity",12,3,"lab"
"2238","22_13","fecundity",18,3,"lab"
"2239","22_13","fecundity",27,3,"lab"
"2240","22_13","fecundity",35,3,"lab"
"2241","22_13","fecundity",12,3,"lab"
"2242","22_13","fecundity",2,3,"lab"
"2243","22_13","fecundity",2,3,"lab"
"2244","22_13","fecundity",5,3,"lab"
"2245","22_13","fecundity",31,3,"lab"
"2246","22_13","fecundity",21,3,"lab"
"2247","22_13","fecundity",1,3,"lab"
"2248","22_13","fecundity",17,3,"lab"
"2249","22_13","fecundity",26,3,"lab"
"2250","22_13","fecundity",16,3,"lab"
"2251","22_13","fecundity",20,3,"lab"
"2252","22_13","fecundity",22,3,"lab"
"2253","22_13","fecundity",18,3,"lab"
"2254","22_13","fecundity",37,3,"lab"
"2255","22_13","fecundity",19,3,"lab"
"2256","22_13","fecundity",18,3,"lab"
"2257","22_13","fecundity",18,3,"lab"
"2258","22_13","fecundity",24,3,"lab"
"2259","22_13","fecundity",13,3,"lab"
"2260","22_13","fecundity",12,3,"lab"
"2261","22_13","fecundity",21,3,"lab"
"2262","22_13","fecundity",37,3,"lab"
"2263","22_13","fecundity",21,3,"lab"
"2264","22_13","fecundity",22,3,"lab"
"2265","22_13","fecundity",31,3,"lab"
"2266","22_13","fecundity",49,3,"lab"
"2267","22_13","fecundity",15,3,"lab"
"2268","22_13","fecundity",21,3,"lab"
"2269","22_13","fecundity",37,3,"lab"
"2270","22_13","fecundity",44,3,"field"
"2271","22_13","fecundity",44,3,"field"
"2272","22_13","fecundity",33,3,"field"
"2273","22_13","fecundity",37,3,"field"
"2274","22_13","fecundity",6,3,"field"
"2275","22_13","fecundity",60,3,"field"
"2276","22_13","fecundity",16,3,"field"
"2277","22_13","fecundity",66,3,"field"
"2278","22_13","fecundity",49,3,"field"
"2279","22_13","fecundity",54,3,"field"
"2280","22_13","fecundity",67,3,"field"
"2281","22_13","fecundity",62,3,"field"
"2282","22_13","fecundity",51,3,"field"
"2283","22_13","fecundity",54,3,"field"
"2284","22_13","fecundity",44,3,"field"
"2285","22_13","fecundity",30,3,"field"
"2286","22_13","fecundity",16,3,"field"
"2287","22_13","fecundity",54,3,"field"
"2288","22_13","fecundity",15,3,"field"
"2289","22_13","fecundity",53,3,"field"
"2290","22_13","fecundity",38,3,"field"
"2291","22_13","fecundity",20,3,"field"
"2292","22_13","fecundity",3,3,"field"
"2293","22_13","fecundity",47,3,"field"
"2294","22_13","fecundity",38,3,"field"
"2295","22_13","fecundity",1,3,"field"
"2296","22_13","fecundity",33,3,"field"
"2297","22_13","fecundity",74,3,"field"
"2298","22_13","fecundity",19,3,"field"
"2299","22_13","fecundity",42,3,"field"
"2300","22_13","fecundity",54,3,"field"
"2301","22_13","fecundity",52,3,"field"
"2302","22_13","fecundity",29,3,"field"
"2303","22_13","fecundity",60,3,"field"
"2304","22_13","fecundity",48,3,"field"
"2305","22_13","fecundity",32,3,"field"
"2306","22_13","fecundity",45,3,"field"
"2307","22_13","fecundity",20,3,"field"
"2308","22_13","fecundity",39,3,"field"
"2309","22_13","fecundity",43,3,"field"
"2310","22_13","fecundity",55,3,"field"
"2311","22_13","fecundity",48,3,"field"
"2312","22_13","fecundity",59,3,"field"
"2313","22_13","fecundity",19,3,"field"
"2314","22_13","fecundity",2,3,"field"
"2315","22_13","fecundity",30,3,"field"
"2316","22_13","fecundity",69,3,"field"
"2317","22_13","fecundity",22,3,"field"
"2318","22_13","fecundity",17,3,"field"
"2319","22_0","survival",12,3,"lab"
"2320","22_0","survival",9,3,"lab"
"2321","22_0","survival",12,3,"lab"
"2322","22_0","survival",24,3,"lab"
"2323","22_0","survival",5,3,"lab"
"2324","22_0","survival",32,3,"lab"
"2325","22_0","survival",27,3,"lab"
"2326","22_0","survival",16,3,"lab"
"2327","22_0","survival",23,3,"lab"
"2328","22_0","survival",30,3,"lab"
"2329","22_0","survival",29,3,"lab"
"2330","22_0","survival",31,3,"lab"
"2331","22_0","survival",3,3,"lab"
"2332","22_0","survival",27,3,"lab"
"2333","22_0","survival",11,3,"lab"
"2334","22_0","survival",11,3,"lab"
"2335","22_0","survival",31,3,"lab"
"2336","22_0","survival",23,3,"lab"
"2337","22_0","survival",17,3,"lab"
"2338","22_0","survival",34,3,"lab"
"2339","22_0","survival",31,3,"lab"
"2340","22_0","survival",11,3,"lab"
"2341","22_0","survival",34,3,"lab"
"2342","22_0","survival",15,3,"lab"
"2343","22_0","survival",31,3,"lab"
"2344","22_0","survival",6,3,"lab"
"2345","22_0","survival",28,3,"lab"
"2346","22_0","survival",2,3,"lab"
"2347","22_0","survival",26,3,"lab"
"2348","22_0","survival",11,3,"lab"
"2349","22_0","survival",32,3,"lab"
"2350","22_0","survival",18,3,"lab"
"2351","22_0","survival",20,3,"lab"
"2352","22_0","survival",27,3,"lab"
"2353","22_0","survival",23,3,"lab"
"2354","22_0","survival",11,3,"lab"
"2355","22_0","survival",20,3,"lab"
"2356","22_0","survival",12,3,"lab"
"2357","22_0","survival",7,3,"lab"
"2358","22_0","survival",18,3,"lab"
"2359","22_0","survival",34,3,"lab"
"2360","22_0","survival",4,3,"lab"
"2361","22_0","survival",4,3,"lab"
"2362","22_0","survival",30,3,"lab"
"2363","22_0","survival",5,3,"lab"
"2364","22_0","survival",40,3,"lab"
"2365","22_0","survival",22,3,"lab"
"2366","22_0","survival",29,3,"lab"
"2367","22_0","survival",29,3,"lab"
"2368","22_0","survival",27,3,"lab"
"2369","22_0","survival",19,3,"lab"
"2370","22_0","survival",25,3,"lab"
"2371","22_0","survival",29,3,"lab"
"2372","22_0","survival",30,3,"lab"
"2373","22_0","survival",24,3,"lab"
"2374","22_0","survival",10,3,"lab"
"2375","22_0","survival",30,3,"lab"
"2376","22_0","survival",39,3,"field"
"2377","22_0","survival",29,3,"field"
"2378","22_0","survival",28,3,"field"
"2379","22_0","survival",32,3,"field"
"2380","22_0","survival",31,3,"field"
"2381","22_0","survival",38,3,"field"
"2382","22_0","survival",29,3,"field"
"2383","22_0","survival",39,3,"field"
"2384","22_0","survival",39,3,"field"
"2385","22_0","survival",36,3,"field"
"2386","22_0","survival",12,3,"field"
"2387","22_0","survival",27,3,"field"
"2388","22_0","survival",37,3,"field"
"2389","22_0","survival",40,3,"field"
"2390","22_0","survival",38,3,"field"
"2391","22_0","survival",22,3,"field"
"2392","22_0","survival",17,3,"field"
"2393","22_0","survival",30,3,"field"
"2394","22_0","survival",35,3,"field"
"2395","22_0","survival",35,3,"field"
"2396","22_0","survival",19,3,"field"
"2397","22_0","survival",20,3,"field"
"2398","22_0","survival",43,3,"field"
"2399","22_0","survival",41,3,"field"
"2400","22_0","survival",38,3,"field"
"2401","22_0","survival",36,3,"field"
"2402","22_0","survival",42,3,"field"
"2403","22_0","survival",36,3,"field"
"2404","22_0","survival",29,3,"field"
"2405","22_0","survival",8,3,"field"
"2406","22_0","survival",26,3,"field"
"2407","22_0","survival",37,3,"field"
"2408","22_0","survival",42,3,"field"
"2409","22_0","survival",33,3,"field"
"2410","22_0","survival",17,3,"field"
"2411","22_0","survival",42,3,"field"
"2412","22_0","survival",45,3,"field"
"2413","22_0","survival",35,3,"field"
"2414","22_0","survival",18,3,"field"
"2415","22_0","survival",27,3,"field"
"2416","22_0","survival",26,3,"field"
"2417","22_0","survival",29,3,"field"
"2418","22_0","survival",20,3,"field"
"2419","22_0","survival",39,3,"field"
"2420","22_0","survival",29,3,"field"
"2421","22_0","survival",29,3,"field"
"2422","22_0","survival",28,3,"field"
"2423","22_5","survival",22,3,"lab"
"2424","22_5","survival",10,3,"lab"
"2425","22_5","survival",30,3,"lab"
"2426","22_5","survival",3,3,"lab"
"2427","22_5","survival",6,3,"lab"
"2428","22_5","survival",2,3,"lab"
"2429","22_5","survival",6,3,"lab"
"2430","22_5","survival",9,3,"lab"
"2431","22_5","survival",5,3,"lab"
"2432","22_5","survival",24,3,"lab"
"2433","22_5","survival",3,3,"lab"
"2434","22_5","survival",27,3,"lab"
"2435","22_5","survival",11,3,"lab"
"2436","22_5","survival",3,3,"lab"
"2437","22_5","survival",28,3,"lab"
"2438","22_5","survival",20,3,"lab"
"2439","22_5","survival",28,3,"lab"
"2440","22_5","survival",4,3,"lab"
"2441","22_5","survival",4,3,"lab"
"2442","22_5","survival",19,3,"lab"
"2443","22_5","survival",2,3,"lab"
"2444","22_5","survival",3,3,"lab"
"2445","22_5","survival",2,3,"lab"
"2446","22_5","survival",32,3,"lab"
"2447","22_5","survival",1,3,"lab"
"2448","22_5","survival",21,3,"lab"
"2449","22_5","survival",29,3,"lab"
"2450","22_5","survival",16,3,"lab"
"2451","22_5","survival",7,3,"lab"
"2452","22_5","survival",24,3,"lab"
"2453","22_5","survival",31,3,"lab"
"2454","22_5","survival",34,3,"lab"
"2455","22_5","survival",21,3,"lab"
"2456","22_5","survival",28,3,"lab"
"2457","22_5","survival",30,3,"lab"
"2458","22_5","survival",33,3,"lab"
"2459","22_5","survival",34,3,"lab"
"2460","22_5","survival",20,3,"lab"
"2461","22_5","survival",18,3,"lab"
"2462","22_5","survival",29,3,"lab"
"2463","22_5","survival",24,3,"lab"
"2464","22_5","survival",32,3,"lab"
"2465","22_5","survival",26,3,"lab"
"2466","22_5","survival",6,3,"lab"
"2467","22_5","survival",28,3,"lab"
"2468","22_5","survival",24,3,"lab"
"2469","22_5","survival",5,3,"lab"
"2470","22_5","survival",29,3,"lab"
"2471","22_5","survival",31,3,"lab"
"2472","22_5","survival",21,3,"lab"
"2473","22_5","survival",16,3,"lab"
"2474","22_5","survival",29,3,"lab"
"2475","22_5","survival",29,3,"lab"
"2476","22_5","survival",30,3,"lab"
"2477","22_5","survival",33,3,"lab"
"2478","22_5","survival",30,3,"lab"
"2479","22_5","survival",21,3,"field"
"2480","22_5","survival",45,3,"field"
"2481","22_5","survival",28,3,"field"
"2482","22_5","survival",47,3,"field"
"2483","22_5","survival",36,3,"field"
"2484","22_5","survival",42,3,"field"
"2485","22_5","survival",46,3,"field"
"2486","22_5","survival",25,3,"field"
"2487","22_5","survival",37,3,"field"
"2488","22_5","survival",38,3,"field"
"2489","22_5","survival",40,3,"field"
"2490","22_5","survival",42,3,"field"
"2491","22_5","survival",2,3,"field"
"2492","22_5","survival",41,3,"field"
"2493","22_5","survival",31,3,"field"
"2494","22_5","survival",43,3,"field"
"2495","22_5","survival",35,3,"field"
"2496","22_5","survival",36,3,"field"
"2497","22_5","survival",43,3,"field"
"2498","22_5","survival",26,3,"field"
"2499","22_5","survival",43,3,"field"
"2500","22_5","survival",43,3,"field"
"2501","22_5","survival",2,3,"field"
"2502","22_5","survival",41,3,"field"
"2503","22_5","survival",40,3,"field"
"2504","22_5","survival",41,3,"field"
"2505","22_5","survival",29,3,"field"
"2506","22_5","survival",23,3,"field"
"2507","22_5","survival",27,3,"field"
"2508","22_5","survival",38,3,"field"
"2509","22_5","survival",36,3,"field"
"2510","22_5","survival",43,3,"field"
"2511","22_5","survival",40,3,"field"
"2512","22_5","survival",36,3,"field"
"2513","22_5","survival",42,3,"field"
"2514","22_5","survival",36,3,"field"
"2515","22_5","survival",34,3,"field"
"2516","22_5","survival",35,3,"field"
"2517","22_5","survival",43,3,"field"
"2518","22_5","survival",46,3,"field"
"2519","22_5","survival",29,3,"field"
"2520","22_5","survival",35,3,"field"
"2521","22_5","survival",34,3,"field"
"2522","22_5","survival",43,3,"field"
"2523","22_5","survival",7,3,"field"
"2524","22_5","survival",24,3,"field"
"2525","22_5","survival",40,3,"field"
"2526","22_5","survival",2,3,"field"
"2527","22_5","survival",37,3,"field"
"2528","22_5","survival",32,3,"field"
"2529","22_9","survival",11,3,"lab"
"2530","22_9","survival",4,3,"lab"
"2531","22_9","survival",7,3,"lab"
"2532","22_9","survival",4,3,"lab"
"2533","22_9","survival",26,3,"lab"
"2534","22_9","survival",29,3,"lab"
"2535","22_9","survival",7,3,"lab"
"2536","22_9","survival",3,3,"lab"
"2537","22_9","survival",2,3,"lab"
"2538","22_9","survival",21,3,"lab"
"2539","22_9","survival",5,3,"lab"
"2540","22_9","survival",16,3,"lab"
"2541","22_9","survival",8,3,"lab"
"2542","22_9","survival",30,3,"lab"
"2543","22_9","survival",11,3,"lab"
"2544","22_9","survival",24,3,"lab"
"2545","22_9","survival",27,3,"lab"
"2546","22_9","survival",23,3,"lab"
"2547","22_9","survival",16,3,"lab"
"2548","22_9","survival",5,3,"lab"
"2549","22_9","survival",35,3,"lab"
"2550","22_9","survival",17,3,"lab"
"2551","22_9","survival",17,3,"lab"
"2552","22_9","survival",22,3,"lab"
"2553","22_9","survival",32,3,"lab"
"2554","22_9","survival",30,3,"lab"
"2555","22_9","survival",9,3,"lab"
"2556","22_9","survival",6,3,"lab"
"2557","22_9","survival",31,3,"lab"
"2558","22_9","survival",32,3,"lab"
"2559","22_9","survival",6,3,"lab"
"2560","22_9","survival",21,3,"lab"
"2561","22_9","survival",28,3,"lab"
"2562","22_9","survival",29,3,"lab"
"2563","22_9","survival",13,3,"lab"
"2564","22_9","survival",28,3,"lab"
"2565","22_9","survival",21,3,"lab"
"2566","22_9","survival",10,3,"lab"
"2567","22_9","survival",26,3,"lab"
"2568","22_9","survival",26,3,"lab"
"2569","22_9","survival",27,3,"lab"
"2570","22_9","survival",3,3,"lab"
"2571","22_9","survival",27,3,"lab"
"2572","22_9","survival",17,3,"lab"
"2573","22_9","survival",29,3,"lab"
"2574","22_9","survival",18,3,"lab"
"2575","22_9","survival",17,3,"lab"
"2576","22_9","survival",31,3,"lab"
"2577","22_9","survival",32,3,"lab"
"2578","22_9","survival",29,3,"lab"
"2579","22_9","survival",19,3,"lab"
"2580","22_9","survival",28,3,"lab"
"2581","22_9","survival",26,3,"lab"
"2582","22_9","survival",24,3,"lab"
"2583","22_9","survival",19,3,"lab"
"2584","22_9","survival",29,3,"lab"
"2585","22_9","survival",22,3,"field"
"2586","22_9","survival",36,3,"field"
"2587","22_9","survival",22,3,"field"
"2588","22_9","survival",44,3,"field"
"2589","22_9","survival",39,3,"field"
"2590","22_9","survival",41,3,"field"
"2591","22_9","survival",35,3,"field"
"2592","22_9","survival",40,3,"field"
"2593","22_9","survival",40,3,"field"
"2594","22_9","survival",20,3,"field"
"2595","22_9","survival",34,3,"field"
"2596","22_9","survival",29,3,"field"
"2597","22_9","survival",49,3,"field"
"2598","22_9","survival",37,3,"field"
"2599","22_9","survival",44,3,"field"
"2600","22_9","survival",46,3,"field"
"2601","22_9","survival",30,3,"field"
"2602","22_9","survival",20,3,"field"
"2603","22_9","survival",41,3,"field"
"2604","22_9","survival",40,3,"field"
"2605","22_9","survival",33,3,"field"
"2606","22_9","survival",47,3,"field"
"2607","22_9","survival",27,3,"field"
"2608","22_9","survival",25,3,"field"
"2609","22_9","survival",19,3,"field"
"2610","22_9","survival",33,3,"field"
"2611","22_9","survival",22,3,"field"
"2612","22_9","survival",39,3,"field"
"2613","22_9","survival",36,3,"field"
"2614","22_9","survival",16,3,"field"
"2615","22_9","survival",37,3,"field"
"2616","22_9","survival",28,3,"field"
"2617","22_9","survival",24,3,"field"
"2618","22_9","survival",39,3,"field"
"2619","22_9","survival",45,3,"field"
"2620","22_9","survival",1,3,"field"
"2621","22_9","survival",34,3,"field"
"2622","22_9","survival",45,3,"field"
"2623","22_9","survival",42,3,"field"
"2624","22_9","survival",38,3,"field"
"2625","22_9","survival",38,3,"field"
"2626","22_9","survival",14,3,"field"
"2627","22_9","survival",47,3,"field"
"2628","22_9","survival",44,3,"field"
"2629","22_9","survival",27,3,"field"
"2630","22_9","survival",23,3,"field"
"2631","22_9","survival",28,3,"field"
"2632","22_9","survival",41,3,"field"
"2633","22_9","survival",34,3,"field"
"2634","22_9","survival",50,3,"field"
"2635","22_9","survival",48,3,"field"
"2636","22_9","survival",49,3,"field"
"2637","22_13","survival",6,3,"lab"
"2638","22_13","survival",25,3,"lab"
"2639","22_13","survival",12,3,"lab"
"2640","22_13","survival",4,3,"lab"
"2641","22_13","survival",2,3,"lab"
"2642","22_13","survival",4,3,"lab"
"2643","22_13","survival",25,3,"lab"
"2644","22_13","survival",13,3,"lab"
"2645","22_13","survival",2,3,"lab"
"2646","22_13","survival",4,3,"lab"
"2647","22_13","survival",4,3,"lab"
"2648","22_13","survival",2,3,"lab"
"2649","22_13","survival",4,3,"lab"
"2650","22_13","survival",18,3,"lab"
"2651","22_13","survival",20,3,"lab"
"2652","22_13","survival",21,3,"lab"
"2653","22_13","survival",28,3,"lab"
"2654","22_13","survival",20,3,"lab"
"2655","22_13","survival",25,3,"lab"
"2656","22_13","survival",19,3,"lab"
"2657","22_13","survival",24,3,"lab"
"2658","22_13","survival",9,3,"lab"
"2659","22_13","survival",27,3,"lab"
"2660","22_13","survival",32,3,"lab"
"2661","22_13","survival",8,3,"lab"
"2662","22_13","survival",19,3,"lab"
"2663","22_13","survival",15,3,"lab"
"2664","22_13","survival",15,3,"lab"
"2665","22_13","survival",14,3,"lab"
"2666","22_13","survival",21,3,"lab"
"2667","22_13","survival",21,3,"lab"
"2668","22_13","survival",8,3,"lab"
"2669","22_13","survival",20,3,"lab"
"2670","22_13","survival",2,3,"lab"
"2671","22_13","survival",21,3,"lab"
"2672","22_13","survival",23,3,"lab"
"2673","22_13","survival",18,3,"lab"
"2674","22_13","survival",27,3,"lab"
"2675","22_13","survival",21,3,"lab"
"2676","22_13","survival",28,3,"lab"
"2677","22_13","survival",19,3,"lab"
"2679","22_13","survival",22,3,"lab"
"2680","22_13","survival",17,3,"lab"
"2681","22_13","survival",20,3,"lab"
"2682","22_13","survival",21,3,"lab"
"2683","22_13","survival",5,3,"lab"
"2684","22_13","survival",22,3,"lab"
"2685","22_13","survival",23,3,"lab"
"2686","22_13","survival",27,3,"lab"
"2687","22_13","survival",26,3,"lab"
"2688","22_13","survival",23,3,"lab"
"2689","22_13","survival",21,3,"lab"
"2690","22_13","survival",31,3,"lab"
"2691","22_13","survival",18,3,"lab"
"2692","22_13","survival",22,3,"lab"
"2693","22_13","survival",23,3,"lab"
"2694","22_13","survival",38,3,"field"
"2695","22_13","survival",28,3,"field"
"2696","22_13","survival",27,3,"field"
"2697","22_13","survival",29,3,"field"
"2698","22_13","survival",14,3,"field"
"2699","22_13","survival",27,3,"field"
"2700","22_13","survival",29,3,"field"
"2701","22_13","survival",38,3,"field"
"2702","22_13","survival",37,3,"field"
"2703","22_13","survival",41,3,"field"
"2704","22_13","survival",39,3,"field"
"2705","22_13","survival",37,3,"field"
"2706","22_13","survival",32,3,"field"
"2707","22_13","survival",32,3,"field"
"2708","22_13","survival",34,3,"field"
"2709","22_13","survival",29,3,"field"
"2710","22_13","survival",23,3,"field"
"2711","22_13","survival",33,3,"field"
"2712","22_13","survival",19,3,"field"
"2713","22_13","survival",40,3,"field"
"2714","22_13","survival",34,3,"field"
"2715","22_13","survival",21,3,"field"
"2716","22_13","survival",15,3,"field"
"2717","22_13","survival",38,3,"field"
"2718","22_13","survival",30,3,"field"
"2719","22_13","survival",14,3,"field"
"2720","22_13","survival",38,3,"field"
"2721","22_13","survival",36,3,"field"
"2722","22_13","survival",27,3,"field"
"2723","22_13","survival",40,3,"field"
"2724","22_13","survival",31,3,"field"
"2725","22_13","survival",33,3,"field"
"2726","22_13","survival",35,3,"field"
"2727","22_13","survival",37,3,"field"
"2728","22_13","survival",10,3,"field"
"2729","22_13","survival",37,3,"field"
"2730","22_13","survival",27,3,"field"
"2731","22_13","survival",40,3,"field"
"2732","22_13","survival",21,3,"field"
"2733","22_13","survival",12,3,"field"
"2734","22_13","survival",33,3,"field"
"2735","22_13","survival",31,3,"field"
"2736","22_13","survival",34,3,"field"
"2737","22_13","survival",35,3,"field"
"2738","22_13","survival",44,3,"field"
"2739","22_13","survival",18,3,"field"
"2740","22_13","survival",14,3,"field"
"2741","22_13","survival",20,3,"field"
"2742","22_13","survival",38,3,"field"
"2743","22_13","survival",23,3,"field"
"2744","22_13","survival",31,3,"field"
"11001","3_1_1","longevity",8,5,NA
"2746","3_1_1","longevity",9.5,5,NA
"3102","3_1_1","longevity",8,5,NA
"4102","3_1_1","longevity",6.5,5,NA
"5102","3_1_1","longevity",7,5,NA
"6102","3_1_1","longevity",11,5,NA
"7102","3_1_1","longevity",8,5,NA
"8102","3_1_1","longevity",8,5,NA
"9102","3_1_1","longevity",9,5,NA
"10102","3_1_1","longevity",6,5,NA
"11102","3_1_1","longevity",5.5,5,NA
"12102","3_1_1","longevity",10,5,NA
"13102","3_1_1","longevity",9,5,NA
"14102","3_1_1","longevity",7,5,NA
"15102","3_1_1","longevity",20,5,NA
"16102","3_1_1","longevity",4,5,NA
"17101","3_1_1","longevity",7.5,5,NA
"18101","3_1_1","longevity",7,5,NA
"19101","3_1_1","longevity",6,5,NA
"20101","3_1_1","longevity",9.5,5,NA
"21101","3_1_1","longevity",7,5,NA
"22101","3_1_1","longevity",11,5,NA
"23101","3_1_1","longevity",8.5,5,NA
"24101","3_1_1","longevity",9,5,NA
"25101","3_1_1","longevity",7.5,5,NA
"26101","3_1_1","longevity",7,5,NA
"2747","2_1_1","longevity",5,5,NA
"2812","2_1_1","longevity",7.5,5,NA
"2912","2_1_1","longevity",6.5,5,NA
"3012","2_1_1","longevity",11.5,5,NA
"3112","2_1_1","longevity",6.5,5,NA
"3212","2_1_1","longevity",6.5,5,NA
"3312","2_1_1","longevity",16,5,NA
"3412","2_1_1","longevity",8.5,5,NA
"3512","2_1_1","longevity",11.5,5,NA
"3612","2_1_1","longevity",6.5,5,NA
"3712","2_1_1","longevity",14.5,5,NA
"3812","2_1_1","longevity",9,5,NA
"3912","2_1_1","longevity",6,5,NA
"4012","2_1_1","longevity",7.5,5,NA
"4112","2_1_1","longevity",12.5,5,NA
"4212","2_1_1","longevity",11.5,5,NA
"4312","2_1_1","longevity",5.5,5,NA
"4412","2_1_1","longevity",14.5,5,NA
"4512","2_1_1","longevity",8.5,5,NA
"4612","2_1_1","longevity",12.5,5,NA
"4712","2_1_1","longevity",2.5,5,NA
"4812","2_1_1","longevity",6.5,5,NA
"4912","2_1_1","longevity",10,5,NA
"5012","2_1_1","longevity",11,5,NA
"5112","2_1_1","longevity",5,5,NA
"5212","2_1_1","longevity",7.5,5,NA
"5312","2_1_1","longevity",3,5,NA
"5412","2_1_1","longevity",11,5,NA
"5512","2_1_1","longevity",3,5,NA
"5612","1_1_1","longevity",17.5,5,NA
"5712","1_1_1","longevity",11,5,NA
"5812","1_1_1","longevity",12.5,5,NA
"5912","1_1_1","longevity",23,5,NA
"6012","1_1_1","longevity",9.5,5,NA
"6112","1_1_1","longevity",14,5,NA
"6212","1_1_1","longevity",22.5,5,NA
"6312","1_1_1","longevity",13,5,NA
"6412","1_1_1","longevity",13,5,NA
"6512","1_1_1","longevity",9,5,NA
"6612","1_1_1","longevity",4,5,NA
"6712","1_1_1","longevity",16,5,NA
"6812","1_1_1","longevity",7,5,NA
"6912","1_1_1","longevity",5,5,NA
"7012","1_1_1","longevity",24,5,NA
"7112","1_1_1","longevity",15,5,NA
"7212","1_1_1","longevity",13.5,5,NA
"7312","1_1_1","longevity",2,5,NA
"7412","1_1_1","longevity",11.5,5,NA
"7512","1_1_1","longevity",13,5,NA
"7612","1_1_1","longevity",15.5,5,NA
"7712","1_1_1","longevity",9,5,NA
"7812","1_1_1","longevity",11,5,NA
"7912","1_1_1","longevity",8,5,NA
"8012","1_1_1","longevity",12,5,NA
"8112","1_1_1","longevity",10,5,NA
"8211","1_1_1","longevity",14,5,NA
"8312","1_3_1","longevity",26,5,NA
"8412","1_3_1","longevity",25,5,NA
"8512","1_3_1","longevity",12,5,NA
"8611","1_3_1","longevity",8,5,NA
"8712","1_3_1","longevity",7,5,NA
"8811","1_3_1","longevity",15,5,NA
"8912","1_3_1","longevity",14,5,NA
"9011","1_3_1","longevity",29,5,NA
"9111","1_3_1","longevity",17.5,5,NA
"9211","1_3_1","longevity",22.5,5,NA
"9311","1_3_1","longevity",9,5,NA
"9411","1_3_1","longevity",17,5,NA
"9511","1_3_1","longevity",9.5,5,NA
"9611","1_3_1","longevity",9.5,5,NA
"9711","1_3_1","longevity",27,5,NA
"9811","1_3_1","longevity",26.5,5,NA
"9911","1_3_1","longevity",22,5,NA
"10011","1_3_1","longevity",23,5,NA
"10111","1_3_1","longevity",21.5,5,NA
"10211","1_3_1","longevity",8.5,5,NA
"10311","1_3_1","longevity",17,5,NA
"10411","1_3_1","longevity",21.5,5,NA
"10511","1_3_1","longevity",6.5,5,NA
"10611","1_3_1","longevity",23.5,5,NA
"10711","1_3_1","longevity",18,5,NA
"10811","1_3_1","longevity",19.5,5,NA
"10911","1_3_1","longevity",13.5,5,NA
"11011","1_3_1","longevity",31.5,5,NA
"11111","1_3_1","longevity",8.5,5,NA
"11211","1_3_1","longevity",20.5,5,NA
"11311","1_2_1","longevity",7,5,NA
"11411","1_2_1","longevity",15,5,NA
"11511","1_2_1","longevity",10.5,5,NA
"11611","1_2_1","longevity",6,5,NA
"11711","1_2_1","longevity",16.5,5,NA
"11811","1_2_1","longevity",20.5,5,NA
"11911","1_2_1","longevity",20.5,5,NA
"12011","1_2_1","longevity",13,5,NA
"12111","1_2_1","longevity",15.5,5,NA
"12211","1_2_1","longevity",11.5,5,NA
"12311","1_2_1","longevity",3,5,NA
"12411","1_2_1","longevity",6.5,5,NA
"12511","1_2_1","longevity",1.5,5,NA
"12611","1_2_1","longevity",22.5,5,NA
"12711","1_2_1","longevity",11,5,NA
"12811","1_2_1","longevity",11.5,5,NA
"12911","1_2_1","longevity",3.5,5,NA
"13011","1_2_1","longevity",19,5,NA
"13111","1_2_1","longevity",19,5,NA
"13211","1_2_1","longevity",21,5,NA
"13311","1_2_1","longevity",23,5,NA
"13411","1_2_1","longevity",9.5,5,NA
"13511","1_2_1","longevity",12.5,5,NA
"13611","1_2_1","longevity",12,5,NA
"13711","1_2_1","longevity",11.5,5,NA
"13811","1_2_1","longevity",16,5,NA
"13911","1_2_1","longevity",19,5,NA
"14011","1_2_1","longevity",13,5,NA
"14111","1_2_1","longevity",19,5,NA
"14211","1_2_1","longevity",20,5,NA
"14311","1_2_1","longevity",12,5,NA
"14411","3_3_1","longevity",20,5,NA
"14511","3_3_1","longevity",6.5,5,NA
"14611","3_3_1","longevity",16,5,NA
"14711","3_3_1","longevity",9,5,NA
"14811","3_3_1","longevity",10,5,NA
"14911","3_3_1","longevity",13.5,5,NA
"15011","3_3_1","longevity",10.5,5,NA
"15111","3_3_1","longevity",6,5,NA
"15211","3_3_1","longevity",10.5,5,NA
"15311","3_3_1","longevity",21.5,5,NA
"15411","3_3_1","longevity",8,5,NA
"15511","3_3_1","longevity",13,5,NA
"15611","3_3_1","longevity",11,5,NA
"15711","3_3_1","longevity",6.5,5,NA
"15811","3_3_1","longevity",9.5,5,NA
"15911","3_3_1","longevity",13,5,NA
"16011","3_3_1","longevity",25.5,5,NA
"16111","3_3_1","longevity",13,5,NA
"16211","3_3_1","longevity",14,5,NA
"16311","3_3_1","longevity",11.5,5,NA
"16411","3_3_1","longevity",9,5,NA
"16511","3_3_1","longevity",13,5,NA
"16611","2_2_1","longevity",9,5,NA
"16711","2_2_1","longevity",4,5,NA
"16811","2_2_1","longevity",11,5,NA
"16911","2_2_1","longevity",8,5,NA
"17011","2_2_1","longevity",7.5,5,NA
"17111","2_2_1","longevity",29,5,NA
"17211","2_2_1","longevity",21,5,NA
"17310","2_2_1","longevity",15.5,5,NA
"17410","2_2_1","longevity",13,5,NA
"17510","2_2_1","longevity",25,5,NA
"17610","2_2_1","longevity",15,5,NA
"17710","2_2_1","longevity",12,5,NA
"17810","2_2_1","longevity",17.5,5,NA
"17910","2_2_1","longevity",17.5,5,NA
"18010","2_2_1","longevity",14,5,NA
"18111","2_2_1","longevity",17,5,NA
"18210","2_2_1","longevity",4,5,NA
"18310","2_2_1","longevity",8,5,NA
"18410","2_2_1","longevity",13,5,NA
"18510","2_2_1","longevity",7,5,NA
"18610","2_2_1","longevity",4,5,NA
"18710","2_2_1","longevity",10,5,NA
"18810","2_2_1","longevity",9.5,5,NA
"18910","2_2_1","longevity",10.5,5,NA
"19010","3_2_1","longevity",17,5,NA
"19111","3_2_1","longevity",15,5,NA
"19210","3_2_1","longevity",9,5,NA
"19310","3_2_1","longevity",3,5,NA
"19410","3_2_1","longevity",15,5,NA
"19510","3_2_1","longevity",7,5,NA
"19610","3_2_1","longevity",7,5,NA
"19710","3_2_1","longevity",15.5,5,NA
"19810","3_2_1","longevity",10,5,NA
"19910","3_2_1","longevity",14.5,5,NA
"20010","3_2_1","longevity",11,5,NA
"20111","3_2_1","longevity",3.5,5,NA
"20210","3_2_1","longevity",8,5,NA
"20310","3_2_1","longevity",13.5,5,NA
"20410","3_2_1","longevity",11.5,5,NA
"20510","3_2_1","longevity",16.5,5,NA
"20610","3_2_1","longevity",11,5,NA
"20710","3_2_1","longevity",27,5,NA
"20810","3_2_1","longevity",11,5,NA
"20910","3_2_1","longevity",7,5,NA
"21011","3_2_1","longevity",19.5,5,NA
"21111","3_2_1","longevity",11,5,NA
"21210","3_2_1","longevity",12,5,NA
"21310","3_2_1","longevity",23.5,5,NA
"21410","3_2_1","longevity",16,5,NA
"21510","3_2_1","longevity",18,5,NA
"21610","3_2_1","longevity",24.5,5,NA
"21710","3_2_1","longevity",11,5,NA
"21810","2_3_1","longevity",8,5,NA
"21910","2_3_1","longevity",8,5,NA
"22010","2_3_1","longevity",8.5,5,NA
"22111","2_3_1","longevity",6,5,NA
"22210","2_3_1","longevity",4,5,NA
"22310","2_3_1","longevity",18.5,5,NA
"22410","2_3_1","longevity",8,5,NA
"22510","2_3_1","longevity",24.5,5,NA
"22610","2_3_1","longevity",2.5,5,NA
"22710","2_3_1","longevity",2,5,NA
"22810","2_3_1","longevity",16,5,NA
"22910","2_3_1","longevity",26.5,5,NA
"23010","2_3_1","longevity",6,5,NA
"23111","2_3_1","longevity",8,5,NA
"23210","2_3_1","longevity",12.5,5,NA
"23310","2_3_1","longevity",9,5,NA
"23410","2_3_1","longevity",24,5,NA
"23510","2_3_1","longevity",7.5,5,NA
"23610","2_3_1","longevity",8,5,NA
"23710","2_3_1","longevity",16.5,5,NA
"23810","2_3_1","longevity",5.5,5,NA
"23910","2_3_1","longevity",11.5,5,NA
"24010","2_3_1","longevity",15.5,5,NA
"24111","2_3_1","longevity",22.5,5,NA
"24210","2_3_1","longevity",7,5,NA
"24310","2_3_1","longevity",24.5,5,NA
"24410","2_3_1","longevity",16,5,NA
"24510","2_3_1","longevity",16.5,5,NA
"24610","2_3_1","longevity",8,5,NA
"24710","2_3_1","longevity",13,5,NA
"24810","2_3_1","longevity",18,5,NA
"24910","3_1_2","longevity",18,5,NA
"25010","3_1_2","longevity",10.5,5,NA
"25111","3_1_2","longevity",9,5,NA
"25210","3_1_2","longevity",8,5,NA
"25310","3_1_2","longevity",8.5,5,NA
"25410","3_1_2","longevity",22,5,NA
"25510","3_1_2","longevity",22,5,NA
"25610","3_1_2","longevity",6.5,5,NA
"25710","3_1_2","longevity",7,5,NA
"25810","3_1_2","longevity",18,5,NA
"25910","3_1_2","longevity",5.5,5,NA
"26010","3_1_2","longevity",18,5,NA
"26111","3_1_2","longevity",15.5,5,NA
"26210","3_1_2","longevity",17,5,NA
"26310","3_1_2","longevity",15.5,5,NA
"26410","3_1_2","longevity",14,5,NA
"26510","3_1_2","longevity",19,5,NA
"26610","3_1_2","longevity",18,5,NA
"26710","3_1_2","longevity",4,5,NA
"26810","3_1_2","longevity",17.5,5,NA
"26910","3_1_2","longevity",4,5,NA
"27010","2_1_2","longevity",19,5,NA
"27111","2_1_2","longevity",6,5,NA
"27210","2_1_2","longevity",7,5,NA
"27310","2_1_2","longevity",10,5,NA
"2748","2_1_2","longevity",17,5,NA
"2751","2_1_2","longevity",9.5,5,NA
"2761","2_1_2","longevity",10,5,NA
"2771","2_1_2","longevity",11,5,NA
"2781","2_1_2","longevity",3,5,NA
"2791","2_1_2","longevity",8,5,NA
"2801","2_1_2","longevity",7.5,5,NA
"2813","2_1_2","longevity",6.5,5,NA
"2821","2_1_2","longevity",11,5,NA
"2831","2_1_2","longevity",17,5,NA
"2841","2_1_2","longevity",7,5,NA
"2851","2_1_2","longevity",5,5,NA
"2861","2_1_2","longevity",11,5,NA
"2871","2_1_2","longevity",4,5,NA
"2881","2_1_2","longevity",8,5,NA
"2891","2_1_2","longevity",8.5,5,NA
"2901","2_1_2","longevity",10,5,NA
"2913","2_1_2","longevity",16.5,5,NA
"2921","2_1_2","longevity",5,5,NA
"2931","2_1_2","longevity",11.5,5,NA
"2941","2_1_2","longevity",7,5,NA
"2951","2_1_2","longevity",18,5,NA
"2961","2_1_2","longevity",10,5,NA
"2971","1_1_2","longevity",8,5,NA
"2981","1_1_2","longevity",12,5,NA
"2991","1_1_2","longevity",5,5,NA
"3001","1_1_2","longevity",6.5,5,NA
"3013","1_1_2","longevity",4.5,5,NA
"3021","1_1_2","longevity",19,5,NA
"3031","1_1_2","longevity",9.5,5,NA
"3041","1_1_2","longevity",4.5,5,NA
"3051","1_1_2","longevity",11,5,NA
"3061","1_1_2","longevity",14,5,NA
"3071","1_1_2","longevity",10,5,NA
"3081","1_1_2","longevity",18,5,NA
"3091","1_1_2","longevity",17.5,5,NA
"3103","1_1_2","longevity",18.5,5,NA
"3113","1_1_2","longevity",17,5,NA
"3121","1_1_2","longevity",11,5,NA
"3131","1_1_2","longevity",17.5,5,NA
"3141","1_1_2","longevity",14,5,NA
"3151","1_1_2","longevity",7,5,NA
"3161","1_1_2","longevity",8.5,5,NA
"3171","1_3_2","longevity",9,5,NA
"3181","1_3_2","longevity",18,5,NA
"3191","1_3_2","longevity",16,5,NA
"3201","1_3_2","longevity",16,5,NA
"3213","1_3_2","longevity",26,5,NA
"3221","1_3_2","longevity",10,5,NA
"3231","1_3_2","longevity",19,5,NA
"3241","1_3_2","longevity",20.5,5,NA
"3251","1_3_2","longevity",11.5,5,NA
"3261","1_3_2","longevity",20,5,NA
"3271","1_3_2","longevity",25,5,NA
"3281","1_3_2","longevity",17,5,NA
"3291","1_3_2","longevity",19.5,5,NA
"3301","1_3_2","longevity",30.5,5,NA
"3313","1_3_2","longevity",5.5,5,NA
"3321","1_3_2","longevity",11,5,NA
"3331","1_3_2","longevity",18,5,NA
"3341","1_3_2","longevity",17.5,5,NA
"3351","1_3_2","longevity",23,5,NA
"3361","1_3_2","longevity",20.5,5,NA
"3371","1_3_2","longevity",5.5,5,NA
"3381","1_3_2","longevity",27.5,5,NA
"3391","1_3_2","longevity",6.5,5,NA
"3401","1_3_2","longevity",7,5,NA
"3413","1_3_2","longevity",15,5,NA
"3421","1_3_2","longevity",30.5,5,NA
"3431","1_3_2","longevity",10.5,5,NA
"3441","1_3_2","longevity",17,5,NA
"3451","1_2_2","longevity",23,5,NA
"3461","1_2_2","longevity",12,5,NA
"3471","1_2_2","longevity",4,5,NA
"3481","1_2_2","longevity",10,5,NA
"3491","1_2_2","longevity",11,5,NA
"3501","1_2_2","longevity",13,5,NA
"3513","1_2_2","longevity",26.5,5,NA
"3521","1_2_2","longevity",24,5,NA
"3531","1_2_2","longevity",11,5,NA
"3541","1_2_2","longevity",14.5,5,NA
"3551","1_2_2","longevity",19,5,NA
"3561","1_2_2","longevity",27,5,NA
"3571","1_2_2","longevity",27,5,NA
"3581","1_2_2","longevity",15,5,NA
"3591","1_2_2","longevity",24,5,NA
"3601","1_2_2","longevity",9.5,5,NA
"3613","1_2_2","longevity",22,5,NA
"3621","1_2_2","longevity",17,5,NA
"3631","1_2_2","longevity",4,5,NA
"3641","1_2_2","longevity",12.5,5,NA
"3651","1_2_2","longevity",8,5,NA
"3661","1_2_2","longevity",20,5,NA
"3671","1_2_2","longevity",3.5,5,NA
"3681","1_2_2","longevity",14,5,NA
"3691","1_2_2","longevity",23,5,NA
"3701","1_2_2","longevity",20,5,NA
"3713","3_3_2","longevity",12,5,NA
"3721","3_3_2","longevity",21,5,NA
"3731","3_3_2","longevity",13,5,NA
"3741","3_3_2","longevity",19,5,NA
"3751","3_3_2","longevity",8,5,NA
"3761","3_3_2","longevity",23,5,NA
"3771","3_3_2","longevity",15,5,NA
"3781","3_3_2","longevity",16,5,NA
"3791","3_3_2","longevity",14,5,NA
"3801","3_3_2","longevity",6,5,NA
"3813","3_3_2","longevity",6,5,NA
"3821","3_3_2","longevity",7.5,5,NA
"3831","3_3_2","longevity",15.5,5,NA
"3841","3_3_2","longevity",16,5,NA
"3851","3_3_2","longevity",25,5,NA
"3861","3_3_2","longevity",11,5,NA
"3871","3_3_2","longevity",20.5,5,NA
"3881","3_3_2","longevity",17.5,5,NA
"3891","3_3_2","longevity",3,5,NA
"3901","3_3_2","longevity",4,5,NA
"3913","3_3_2","longevity",14.5,5,NA
"3921","3_3_2","longevity",13,5,NA
"3931","3_3_2","longevity",15.5,5,NA
"3941","3_3_2","longevity",9,5,NA
"3951","2_2_2","longevity",6.5,5,NA
"3961","2_2_2","longevity",14,5,NA
"3971","2_2_2","longevity",23,5,NA
"3981","2_2_2","longevity",8,5,NA
"3991","2_2_2","longevity",9.5,5,NA
"4001","2_2_2","longevity",23,5,NA
"4013","2_2_2","longevity",12.5,5,NA
"4021","2_2_2","longevity",6.5,5,NA
"4031","2_2_2","longevity",13,5,NA
"4041","2_2_2","longevity",15,5,NA
"4051","2_2_2","longevity",19.5,5,NA
"4061","2_2_2","longevity",20,5,NA
"4071","2_2_2","longevity",13.5,5,NA
"4081","2_2_2","longevity",20,5,NA
"4091","2_2_2","longevity",27,5,NA
"4103","2_2_2","longevity",26,5,NA
"4113","2_2_2","longevity",25.5,5,NA
"4121","3_2_2","longevity",12.5,5,NA
"4131","3_2_2","longevity",10,5,NA
"4141","3_2_2","longevity",21,5,NA
"4151","3_2_2","longevity",21,5,NA
"4161","3_2_2","longevity",17.5,5,NA
"4171","3_2_2","longevity",6,5,NA
"4181","3_2_2","longevity",11,5,NA
"4191","3_2_2","longevity",19.5,5,NA
"4201","3_2_2","longevity",13.5,5,NA
"4213","3_2_2","longevity",19.5,5,NA
"4221","3_2_2","longevity",21,5,NA
"4231","3_2_2","longevity",16,5,NA
"4241","3_2_2","longevity",8.5,5,NA
"4251","3_2_2","longevity",13.5,5,NA
"4261","3_2_2","longevity",12,5,NA
"4271","3_2_2","longevity",12,5,NA
"4281","3_2_2","longevity",24,5,NA
"4291","3_2_2","longevity",20,5,NA
"4301","3_2_2","longevity",15,5,NA
"4313","3_2_2","longevity",19,5,NA
"4321","3_2_2","longevity",7.5,5,NA
"4331","3_2_2","longevity",9.5,5,NA
"4341","3_2_2","longevity",22,5,NA
"4351","2_3_2","longevity",7,5,NA
"4361","2_3_2","longevity",21,5,NA
"4371","2_3_2","longevity",15,5,NA
"4381","2_3_2","longevity",19,5,NA
"4391","2_3_2","longevity",12,5,NA
"4401","2_3_2","longevity",17,5,NA
"4413","2_3_2","longevity",23.5,5,NA
"4421","2_3_2","longevity",20,5,NA
"4431","2_3_2","longevity",4.5,5,NA
"4441","2_3_2","longevity",22.5,5,NA
"4451","2_3_2","longevity",16.5,5,NA
"4461","2_3_2","longevity",23,5,NA
"4471","2_3_2","longevity",25,5,NA
"4481","2_3_2","longevity",3.5,5,NA
"4491","2_3_2","longevity",1.5,5,NA
"4501","2_3_2","longevity",13,5,NA
"4513","2_3_2","longevity",13.5,5,NA
"4521","2_3_2","longevity",24.5,5,NA
"4531","2_3_2","longevity",25,5,NA
"4541","2_3_2","longevity",2.5,5,NA
"4551","2_3_2","longevity",17,5,NA
"4561","2_3_2","longevity",20,5,NA
"4571","2_3_2","longevity",20,5,NA
"4581","2_3_2","longevity",11,5,NA
"4591","2_3_2","longevity",18,5,NA
"4601","2_3_2","longevity",10,5,NA
"4613","2_3_2","longevity",7,5,NA
"4621","3_1_1","fecundity",19,5,NA
"4631","3_1_1","fecundity",22,5,NA
"4641","3_1_1","fecundity",12,5,NA
"4651","3_1_1","fecundity",12,5,NA
"4661","3_1_1","fecundity",15,5,NA
"4671","3_1_1","fecundity",30,5,NA
"4681","3_1_1","fecundity",16,5,NA
"4691","3_1_1","fecundity",16,5,NA
"4701","3_1_1","fecundity",28,5,NA
"4713","3_1_1","fecundity",12,5,NA
"4721","3_1_1","fecundity",10,5,NA
"4731","3_1_1","fecundity",20,5,NA
"4741","3_1_1","fecundity",22,5,NA
"4751","3_1_1","fecundity",21,5,NA
"4761","3_1_1","fecundity",19,5,NA
"4771","3_1_1","fecundity",4,5,NA
"4781","3_1_1","fecundity",12,5,NA
"4791","3_1_1","fecundity",9,5,NA
"4801","3_1_1","fecundity",11,5,NA
"4813","3_1_1","fecundity",12,5,NA
"4821","3_1_1","fecundity",13,5,NA
"4831","3_1_1","fecundity",34,5,NA
"4841","3_1_1","fecundity",20,5,NA
"4851","3_1_1","fecundity",7,5,NA
"4861","3_1_1","fecundity",19,5,NA
"4871","3_1_1","fecundity",19,5,NA
"4881","2_1_1","fecundity",11,5,NA
"4891","2_1_1","fecundity",21,5,NA
"4901","2_1_1","fecundity",22,5,NA
"4913","2_1_1","fecundity",26,5,NA
"4921","2_1_1","fecundity",12,5,NA
"4931","2_1_1","fecundity",17,5,NA
"4941","2_1_1","fecundity",40,5,NA
"4951","2_1_1","fecundity",21,5,NA
"4961","2_1_1","fecundity",36,5,NA
"4971","2_1_1","fecundity",22,5,NA
"4981","2_1_1","fecundity",35,5,NA
"4991","2_1_1","fecundity",23,5,NA
"5001","2_1_1","fecundity",12,5,NA
"5013","2_1_1","fecundity",15,5,NA
"5021","2_1_1","fecundity",38,5,NA
"5031","2_1_1","fecundity",37,5,NA
"5041","2_1_1","fecundity",21,5,NA
"5051","2_1_1","fecundity",20,5,NA
"5061","2_1_1","fecundity",30,5,NA
"5071","2_1_1","fecundity",17,5,NA
"5081","2_1_1","fecundity",4,5,NA
"5091","2_1_1","fecundity",8,5,NA
"5103","2_1_1","fecundity",23,5,NA
"5113","2_1_1","fecundity",21,5,NA
"5121","2_1_1","fecundity",11,5,NA
"5131","2_1_1","fecundity",9,5,NA
"5141","2_1_1","fecundity",6,5,NA
"5151","2_1_1","fecundity",31,5,NA
"5161","2_1_1","fecundity",2,5,NA
"5171","1_1_1","fecundity",39,5,NA
"5181","1_1_1","fecundity",24,5,NA
"5191","1_1_1","fecundity",17,5,NA
"5201","1_1_1","fecundity",58,5,NA
"5213","1_1_1","fecundity",21,5,NA
"5221","1_1_1","fecundity",42,5,NA
"5231","1_1_1","fecundity",49,5,NA
"5241","1_1_1","fecundity",33,5,NA
"5251","1_1_1","fecundity",29,5,NA
"5261","1_1_1","fecundity",33,5,NA
"5271","1_1_1","fecundity",8,5,NA
"5281","1_1_1","fecundity",21,5,NA
"5291","1_1_1","fecundity",14,5,NA
"5301","1_1_1","fecundity",11,5,NA
"5313","1_1_1","fecundity",51,5,NA
"5321","1_1_1","fecundity",56,5,NA
"5331","1_1_1","fecundity",38,5,NA
"5341","1_1_1","fecundity",6,5,NA
"5351","1_1_1","fecundity",37,5,NA
"5361","1_1_1","fecundity",37,5,NA
"5371","1_1_1","fecundity",44,5,NA
"5381","1_1_1","fecundity",31,5,NA
"5391","1_1_1","fecundity",30,5,NA
"5401","1_1_1","fecundity",13,5,NA
"5413","1_1_1","fecundity",39,5,NA
"5421","1_1_1","fecundity",27,5,NA
"5431","1_1_1","fecundity",36,5,NA
"5441","1_3_1","fecundity",53,5,NA
"5451","1_3_1","fecundity",51,5,NA
"5461","1_3_1","fecundity",25,5,NA
"5471","1_3_1","fecundity",33,5,NA
"5481","1_3_1","fecundity",7,5,NA
"5491","1_3_1","fecundity",24,5,NA
"5501","1_3_1","fecundity",36,5,NA
"5513","1_3_1","fecundity",70,5,NA
"5521","1_3_1","fecundity",50,5,NA
"5531","1_3_1","fecundity",67,5,NA
"5541","1_3_1","fecundity",14,5,NA
"5551","1_3_1","fecundity",43,5,NA
"5561","1_3_1","fecundity",32,5,NA
"5571","1_3_1","fecundity",20,5,NA
"5581","1_3_1","fecundity",54,5,NA
"5591","1_3_1","fecundity",61,5,NA
"5601","1_3_1","fecundity",51,5,NA
"5613","1_3_1","fecundity",60,5,NA
"5621","1_3_1","fecundity",61,5,NA
"5631","1_3_1","fecundity",20,5,NA
"5641","1_3_1","fecundity",39,5,NA
"5651","1_3_1","fecundity",36,5,NA
"5661","1_3_1","fecundity",18,5,NA
"5671","1_3_1","fecundity",65,5,NA
"5681","1_3_1","fecundity",44,5,NA
"5691","1_3_1","fecundity",40,5,NA
"5701","1_3_1","fecundity",45,5,NA
"5713","1_3_1","fecundity",42,5,NA
"5721","1_3_1","fecundity",21,5,NA
"5731","1_3_1","fecundity",55,5,NA
"5741","1_2_1","fecundity",22,5,NA
"5751","1_2_1","fecundity",47,5,NA
"5761","1_2_1","fecundity",33,5,NA
"5771","1_2_1","fecundity",25,5,NA
"5781","1_2_1","fecundity",38,5,NA
"5791","1_2_1","fecundity",35,5,NA
"5801","1_2_1","fecundity",55,5,NA
"5813","1_2_1","fecundity",41,5,NA
"5821","1_2_1","fecundity",31,5,NA
"5831","1_2_1","fecundity",37,5,NA
"5841","1_2_1","fecundity",3,5,NA
"5851","1_2_1","fecundity",28,5,NA
"5861","1_2_1","fecundity",1,5,NA
"5871","1_2_1","fecundity",54,5,NA
"5881","1_2_1","fecundity",23,5,NA
"5891","1_2_1","fecundity",26,5,NA
"5901","1_2_1","fecundity",5,5,NA
"5913","1_2_1","fecundity",55,5,NA
"5921","1_2_1","fecundity",45,5,NA
"5931","1_2_1","fecundity",35,5,NA
"5941","1_2_1","fecundity",52,5,NA
"5951","1_2_1","fecundity",31,5,NA
"5961","1_2_1","fecundity",33,5,NA
"5971","1_2_1","fecundity",46,5,NA
"5981","1_2_1","fecundity",33,5,NA
"5991","1_2_1","fecundity",46,5,NA
"6001","1_2_1","fecundity",59,5,NA
"6013","1_2_1","fecundity",34,5,NA
"6021","1_2_1","fecundity",42,5,NA
"6031","1_2_1","fecundity",55,5,NA
"6041","1_2_1","fecundity",36,5,NA
"6051","3_3_1","fecundity",45,5,NA
"6061","3_3_1","fecundity",14,5,NA
"6071","3_3_1","fecundity",36,5,NA
"6081","3_3_1","fecundity",22,5,NA
"6091","3_3_1","fecundity",31,5,NA
"6103","3_3_1","fecundity",19,5,NA
"6113","3_3_1","fecundity",33,5,NA
"6121","3_3_1","fecundity",22,5,NA
"6131","3_3_1","fecundity",26,5,NA
"6141","3_3_1","fecundity",20,5,NA
"6151","3_3_1","fecundity",20,5,NA
"6161","3_3_1","fecundity",37,5,NA
"6171","3_3_1","fecundity",22,5,NA
"6181","3_3_1","fecundity",16,5,NA
"6191","3_3_1","fecundity",26,5,NA
"6201","3_3_1","fecundity",25,5,NA
"6213","3_3_1","fecundity",39,5,NA
"6221","3_3_1","fecundity",31,5,NA
"6231","3_3_1","fecundity",30,5,NA
"6241","3_3_1","fecundity",35,5,NA
"6251","3_3_1","fecundity",24,5,NA
"6261","3_3_1","fecundity",37,5,NA
"6271","2_2_1","fecundity",22,5,NA
"6281","2_2_1","fecundity",14,5,NA
"6291","2_2_1","fecundity",30,5,NA
"6301","2_2_1","fecundity",26,5,NA
"6313","2_2_1","fecundity",28,5,NA
"6321","2_2_1","fecundity",53,5,NA
"6331","2_2_1","fecundity",44,5,NA
"6341","2_2_1","fecundity",34,5,NA
"6351","2_2_1","fecundity",24,5,NA
"6361","2_2_1","fecundity",50,5,NA
"6371","2_2_1","fecundity",41,5,NA
"6381","2_2_1","fecundity",35,5,NA
"6391","2_2_1","fecundity",32,5,NA
"6401","2_2_1","fecundity",22,5,NA
"6413","2_2_1","fecundity",39,5,NA
"6421","2_2_1","fecundity",39,5,NA
"6431","2_2_1","fecundity",6,5,NA
"6441","2_2_1","fecundity",16,5,NA
"6451","2_2_1","fecundity",38,5,NA
"6461","2_2_1","fecundity",9,5,NA
"6471","2_2_1","fecundity",7,5,NA
"6481","2_2_1","fecundity",24,5,NA
"6491","2_2_1","fecundity",37,5,NA
"6501","2_2_1","fecundity",19,5,NA
"6513","3_2_1","fecundity",45,5,NA
"6521","3_2_1","fecundity",41,5,NA
"6531","3_2_1","fecundity",28,5,NA
"6541","3_2_1","fecundity",2,5,NA
"6551","3_2_1","fecundity",47,5,NA
"6561","3_2_1","fecundity",18,5,NA
"6571","3_2_1","fecundity",22,5,NA
"6581","3_2_1","fecundity",32,5,NA
"6591","3_2_1","fecundity",15,5,NA
"6601","3_2_1","fecundity",35,5,NA
"6613","3_2_1","fecundity",17,5,NA
"6621","3_2_1","fecundity",8,5,NA
"6631","3_2_1","fecundity",26,5,NA
"6641","3_2_1","fecundity",30,5,NA
"6651","3_2_1","fecundity",34,5,NA
"6661","3_2_1","fecundity",52,5,NA
"6671","3_2_1","fecundity",19,5,NA
"6681","3_2_1","fecundity",69,5,NA
"6691","3_2_1","fecundity",41,5,NA
"6701","3_2_1","fecundity",14,5,NA
"6713","3_2_1","fecundity",43,5,NA
"6721","3_2_1","fecundity",32,5,NA
"6731","3_2_1","fecundity",22,5,NA
"6741","3_2_1","fecundity",56,5,NA
"6751","3_2_1","fecundity",32,5,NA
"6761","3_2_1","fecundity",48,5,NA
"6771","3_2_1","fecundity",49,5,NA
"6781","3_2_1","fecundity",19,5,NA
"6791","2_3_1","fecundity",32,5,NA
"6801","2_3_1","fecundity",29,5,NA
"6813","2_3_1","fecundity",34,5,NA
"6821","2_3_1","fecundity",35,5,NA
"6831","2_3_1","fecundity",14,5,NA
"6841","2_3_1","fecundity",43,5,NA
"6851","2_3_1","fecundity",18,5,NA
"6861","2_3_1","fecundity",57,5,NA
"6871","2_3_1","fecundity",7,5,NA
"6881","2_3_1","fecundity",3,5,NA
"6891","2_3_1","fecundity",50,5,NA
"6901","2_3_1","fecundity",38,5,NA
"6913","2_3_1","fecundity",20,5,NA
"6921","2_3_1","fecundity",23,5,NA
"6931","2_3_1","fecundity",26,5,NA
"6941","2_3_1","fecundity",27,5,NA
"6951","2_3_1","fecundity",53,5,NA
"6961","2_3_1","fecundity",17,5,NA
"6971","2_3_1","fecundity",18,5,NA
"6981","2_3_1","fecundity",36,5,NA
"6991","2_3_1","fecundity",6,5,NA
"7001","2_3_1","fecundity",39,5,NA
"7013","2_3_1","fecundity",27,5,NA
"7021","2_3_1","fecundity",41,5,NA
"7031","2_3_1","fecundity",22,5,NA
"7041","2_3_1","fecundity",61,5,NA
"7051","2_3_1","fecundity",48,5,NA
"7061","2_3_1","fecundity",52,5,NA
"7071","2_3_1","fecundity",20,5,NA
"7081","2_3_1","fecundity",43,5,NA
"7091","2_3_1","fecundity",48,5,NA
"7103","3_1_2","fecundity",54,5,NA
"7113","3_1_2","fecundity",32,5,NA
"7121","3_1_2","fecundity",13,5,NA
"7131","3_1_2","fecundity",28,5,NA
"7141","3_1_2","fecundity",12,5,NA
"7151","3_1_2","fecundity",38,5,NA
"7161","3_1_2","fecundity",43,5,NA
"7171","3_1_2","fecundity",10,5,NA
"7181","3_1_2","fecundity",17,5,NA
"7191","3_1_2","fecundity",39,5,NA
"7201","3_1_2","fecundity",9,5,NA
"7213","3_1_2","fecundity",37,5,NA
"7221","3_1_2","fecundity",23,5,NA
"7231","3_1_2","fecundity",35,5,NA
"7241","3_1_2","fecundity",36,5,NA
"7251","3_1_2","fecundity",34,5,NA
"7261","3_1_2","fecundity",28,5,NA
"7271","3_1_2","fecundity",46,5,NA
"7281","3_1_2","fecundity",5,5,NA
"7291","3_1_2","fecundity",28,5,NA
"7301","3_1_2","fecundity",13,5,NA
"7313","2_1_2","fecundity",55,5,NA
"7321","2_1_2","fecundity",8,5,NA
"7331","2_1_2","fecundity",16,5,NA
"7341","2_1_2","fecundity",27,5,NA
"7351","2_1_2","fecundity",43,5,NA
"7361","2_1_2","fecundity",18,5,NA
"7371","2_1_2","fecundity",25,5,NA
"7381","2_1_2","fecundity",27,5,NA
"7391","2_1_2","fecundity",6,5,NA
"7401","2_1_2","fecundity",18,5,NA
"7413","2_1_2","fecundity",16,5,NA
"7421","2_1_2","fecundity",13,5,NA
"7431","2_1_2","fecundity",16,5,NA
"7441","2_1_2","fecundity",14,5,NA
"7451","2_1_2","fecundity",23,5,NA
"7461","2_1_2","fecundity",12,5,NA
"7471","2_1_2","fecundity",17,5,NA
"7481","2_1_2","fecundity",8,5,NA
"7491","2_1_2","fecundity",21,5,NA
"7501","2_1_2","fecundity",26,5,NA
"7513","2_1_2","fecundity",24,5,NA
"7521","2_1_2","fecundity",29,5,NA
"7531","2_1_2","fecundity",12,5,NA
"7541","2_1_2","fecundity",20,5,NA
"7551","2_1_2","fecundity",13,5,NA
"7561","2_1_2","fecundity",46,5,NA
"7571","2_1_2","fecundity",13,5,NA
"7581","1_1_2","fecundity",27,5,NA
"7591","1_1_2","fecundity",31,5,NA
"7601","1_1_2","fecundity",12,5,NA
"7613","1_1_2","fecundity",15,5,NA
"7621","1_1_2","fecundity",4,5,NA
"7631","1_1_2","fecundity",33,5,NA
"7641","1_1_2","fecundity",21,5,NA
"7651","1_1_2","fecundity",16,5,NA
"7661","1_1_2","fecundity",30,5,NA
"7671","1_1_2","fecundity",35,5,NA
"7681","1_1_2","fecundity",19,5,NA
"7691","1_1_2","fecundity",25,5,NA
"7701","1_1_2","fecundity",41,5,NA
"7713","1_1_2","fecundity",47,5,NA
"7721","1_1_2","fecundity",41,5,NA
"7731","1_1_2","fecundity",30,5,NA
"7741","1_1_2","fecundity",36,5,NA
"7751","1_1_2","fecundity",38,5,NA
"7761","1_1_2","fecundity",9,5,NA
"7771","1_1_2","fecundity",21,5,NA
"7781","1_3_2","fecundity",27,5,NA
"7791","1_3_2","fecundity",43,5,NA
"7801","1_3_2","fecundity",41,5,NA
"7813","1_3_2","fecundity",40,5,NA
"7821","1_3_2","fecundity",52,5,NA
"7831","1_3_2","fecundity",22,5,NA
"7841","1_3_2","fecundity",53,5,NA
"7851","1_3_2","fecundity",47,5,NA
"7861","1_3_2","fecundity",33,5,NA
"7871","1_3_2","fecundity",53,5,NA
"7881","1_3_2","fecundity",26,5,NA
"7891","1_3_2","fecundity",26,5,NA
"7901","1_3_2","fecundity",42,5,NA
"7913","1_3_2","fecundity",65,5,NA
"7921","1_3_2","fecundity",12,5,NA
"7931","1_3_2","fecundity",29,5,NA
"7941","1_3_2","fecundity",48,5,NA
"7951","1_3_2","fecundity",54,5,NA
"7961","1_3_2","fecundity",55,5,NA
"7971","1_3_2","fecundity",54,5,NA
"7981","1_3_2","fecundity",22,5,NA
"7991","1_3_2","fecundity",55,5,NA
"8001","1_3_2","fecundity",10,5,NA
"8013","1_3_2","fecundity",18,5,NA
"8021","1_3_2","fecundity",34,5,NA
"8031","1_3_2","fecundity",42,5,NA
"8041","1_3_2","fecundity",33,5,NA
"8051","1_3_2","fecundity",36,5,NA
"8061","1_2_2","fecundity",44,5,NA
"8071","1_2_2","fecundity",36,5,NA
"8081","1_2_2","fecundity",2,5,NA
"8091","1_2_2","fecundity",38,5,NA
"8103","1_2_2","fecundity",36,5,NA
"8113","1_2_2","fecundity",29,5,NA
"8121","1_2_2","fecundity",47,5,NA
"8131","1_2_2","fecundity",45,5,NA
"8141","1_2_2","fecundity",24,5,NA
"8151","1_2_2","fecundity",44,5,NA
"8161","1_2_2","fecundity",37,5,NA
"8171","1_2_2","fecundity",42,5,NA
"8181","1_2_2","fecundity",57,5,NA
"8191","1_2_2","fecundity",36,5,NA
"8201","1_2_2","fecundity",55,5,NA
"8212","1_2_2","fecundity",33,5,NA
"8221","1_2_2","fecundity",36,5,NA
"8231","1_2_2","fecundity",35,5,NA
"8241","1_2_2","fecundity",2,5,NA
"8251","1_2_2","fecundity",24,5,NA
"8261","1_2_2","fecundity",15,5,NA
"8271","1_2_2","fecundity",36,5,NA
"8281","1_2_2","fecundity",5,5,NA
"8291","1_2_2","fecundity",26,5,NA
"8301","1_2_2","fecundity",57,5,NA
"8313","1_2_2","fecundity",27,5,NA
"8321","3_3_2","fecundity",38,5,NA
"8331","3_3_2","fecundity",43,5,NA
"8341","3_3_2","fecundity",36,5,NA
"8351","3_3_2","fecundity",47,5,NA
"8361","3_3_2","fecundity",21,5,NA
"8371","3_3_2","fecundity",46,5,NA
"8381","3_3_2","fecundity",29,5,NA
"8391","3_3_2","fecundity",38,5,NA
"8401","3_3_2","fecundity",22,5,NA
"8413","3_3_2","fecundity",8,5,NA
"8421","3_3_2","fecundity",8,5,NA
"8431","3_3_2","fecundity",9,5,NA
"8441","3_3_2","fecundity",18,5,NA
"8451","3_3_2","fecundity",41,5,NA
"8461","3_3_2","fecundity",50,5,NA
"8471","3_3_2","fecundity",28,5,NA
"8481","3_3_2","fecundity",6,5,NA
"8491","3_3_2","fecundity",41,5,NA
"8501","3_3_2","fecundity",2,5,NA
"8513","3_3_2","fecundity",4,5,NA
"8521","3_3_2","fecundity",30,5,NA
"8531","3_3_2","fecundity",28,5,NA
"8541","3_3_2","fecundity",27,5,NA
"8551","3_3_2","fecundity",3,5,NA
"8561","2_2_2","fecundity",20,5,NA
"8571","2_2_2","fecundity",35,5,NA
"8581","2_2_2","fecundity",59,5,NA
"8591","2_2_2","fecundity",25,5,NA
"8601","2_2_2","fecundity",35,5,NA
"8612","2_2_2","fecundity",45,5,NA
"8621","2_2_2","fecundity",29,5,NA
"8631","2_2_2","fecundity",10,5,NA
"8641","2_2_2","fecundity",34,5,NA
"8651","2_2_2","fecundity",33,5,NA
"8661","2_2_2","fecundity",45,5,NA
"8671","2_2_2","fecundity",45,5,NA
"8681","2_2_2","fecundity",39,5,NA
"8691","2_2_2","fecundity",48,5,NA
"8701","2_2_2","fecundity",60,5,NA
"8713","2_2_2","fecundity",56,5,NA
"8721","2_2_2","fecundity",34,5,NA
"8731","3_2_2","fecundity",33,5,NA
"8741","3_2_2","fecundity",27,5,NA
"8751","3_2_2","fecundity",42,5,NA
"8761","3_2_2","fecundity",35,5,NA
"8771","3_2_2","fecundity",34,5,NA
"8781","3_2_2","fecundity",3,5,NA
"8791","3_2_2","fecundity",33,5,NA
"8801","3_2_2","fecundity",51,5,NA
"8812","3_2_2","fecundity",27,5,NA
"8821","3_2_2","fecundity",26,5,NA
"8831","3_2_2","fecundity",35,5,NA
"8841","3_2_2","fecundity",37,5,NA
"8851","3_2_2","fecundity",15,5,NA
"8861","3_2_2","fecundity",32,5,NA
"8871","3_2_2","fecundity",41,5,NA
"8881","3_2_2","fecundity",22,5,NA
"8891","3_2_2","fecundity",49,5,NA
"8901","3_2_2","fecundity",34,5,NA
"8913","3_2_2","fecundity",26,5,NA
"8921","3_2_2","fecundity",30,5,NA
"8931","3_2_2","fecundity",7,5,NA
"8941","3_2_2","fecundity",15,5,NA
"8951","3_2_2","fecundity",32,5,NA
"8961","2_3_2","fecundity",17,5,NA
"8971","2_3_2","fecundity",53,5,NA
"8981","2_3_2","fecundity",21,5,NA
"8991","2_3_2","fecundity",37,5,NA
"9001","2_3_2","fecundity",31,5,NA
"9012","2_3_2","fecundity",17,5,NA
"9021","2_3_2","fecundity",58,5,NA
"9031","2_3_2","fecundity",43,5,NA
"9041","2_3_2","fecundity",16,5,NA
"9051","2_3_2","fecundity",32,5,NA
"9061","2_3_2","fecundity",40,5,NA
"9071","2_3_2","fecundity",48,5,NA
"9081","2_3_2","fecundity",54,5,NA
"9091","2_3_2","fecundity",12,5,NA
"9103","2_3_2","fecundity",1,5,NA
"9112","2_3_2","fecundity",30,5,NA
"9121","2_3_2","fecundity",33,5,NA
"9131","2_3_2","fecundity",51,5,NA
"9141","2_3_2","fecundity",35,5,NA
"9151","2_3_2","fecundity",1,5,NA
"9161","2_3_2","fecundity",43,5,NA
"9171","2_3_2","fecundity",55,5,NA
"9181","2_3_2","fecundity",59,5,NA
"9191","2_3_2","fecundity",35,5,NA
"9201","2_3_2","fecundity",51,5,NA
"9212","2_3_2","fecundity",26,5,NA
"9221","2_3_2","fecundity",28,5,NA
"9231","3_1_1","BirthDur",6,5,NA
"9241","3_1_1","BirthDur",8,5,NA
"9251","3_1_1","BirthDur",6,5,NA
"9261","3_1_1","BirthDur",5,5,NA
"9271","3_1_1","BirthDur",6,5,NA
"9281","3_1_1","BirthDur",8,5,NA
"9291","3_1_1","BirthDur",8,5,NA
"9301","3_1_1","BirthDur",7,5,NA
"9312","3_1_1","BirthDur",9,5,NA
"9321","3_1_1","BirthDur",5,5,NA
"9331","3_1_1","BirthDur",4,5,NA
"9341","3_1_1","BirthDur",5,5,NA
"9351","3_1_1","BirthDur",7,5,NA
"9361","3_1_1","BirthDur",7,5,NA
"9371","3_1_1","BirthDur",15,5,NA
"9381","3_1_1","BirthDur",3,5,NA
"9391","3_1_1","BirthDur",6,5,NA
"9401","3_1_1","BirthDur",6,5,NA
"9412","3_1_1","BirthDur",5,5,NA
"9421","3_1_1","BirthDur",9,5,NA
"9431","3_1_1","BirthDur",5,5,NA
"9441","3_1_1","BirthDur",11,5,NA
"9451","3_1_1","BirthDur",7,5,NA
"9461","3_1_1","BirthDur",4,5,NA
"9471","3_1_1","BirthDur",6,5,NA
"9481","3_1_1","BirthDur",8,5,NA
"9491","2_1_1","BirthDur",5,5,NA
"9501","2_1_1","BirthDur",6,5,NA
"9512","2_1_1","BirthDur",7,5,NA
"9521","2_1_1","BirthDur",9,5,NA
"9531","2_1_1","BirthDur",6,5,NA
"9541","2_1_1","BirthDur",6,5,NA
"9551","2_1_1","BirthDur",15,5,NA
"9561","2_1_1","BirthDur",8,5,NA
"9571","2_1_1","BirthDur",12,5,NA
"9581","2_1_1","BirthDur",7,5,NA
"9591","2_1_1","BirthDur",14,5,NA
"9601","2_1_1","BirthDur",9,5,NA
"9612","2_1_1","BirthDur",6,5,NA
"9621","2_1_1","BirthDur",7,5,NA
"9631","2_1_1","BirthDur",13,5,NA
"9641","2_1_1","BirthDur",11,5,NA
"9651","2_1_1","BirthDur",4,5,NA
"9661","2_1_1","BirthDur",11,5,NA
"9671","2_1_1","BirthDur",10,5,NA
"9681","2_1_1","BirthDur",8,5,NA
"9691","2_1_1","BirthDur",3,5,NA
"9701","2_1_1","BirthDur",5,5,NA
"9712","2_1_1","BirthDur",10,5,NA
"9721","2_1_1","BirthDur",11,5,NA
"9731","2_1_1","BirthDur",4,5,NA
"9741","2_1_1","BirthDur",6,5,NA
"9751","2_1_1","BirthDur",3,5,NA
"9761","2_1_1","BirthDur",9,5,NA
"9771","2_1_1","BirthDur",2,5,NA
"9781","1_1_1","BirthDur",18,5,NA
"9791","1_1_1","BirthDur",11,5,NA
"9801","1_1_1","BirthDur",12,5,NA
"9812","1_1_1","BirthDur",23,5,NA
"9821","1_1_1","BirthDur",9,5,NA
"9831","1_1_1","BirthDur",12,5,NA
"9841","1_1_1","BirthDur",21,5,NA
"9851","1_1_1","BirthDur",12,5,NA
"9861","1_1_1","BirthDur",13,5,NA
"9871","1_1_1","BirthDur",9,5,NA
"9881","1_1_1","BirthDur",3,5,NA
"9891","1_1_1","BirthDur",12,5,NA
"9901","1_1_1","BirthDur",7,5,NA
"9912","1_1_1","BirthDur",6,5,NA
"9921","1_1_1","BirthDur",22,5,NA
"9931","1_1_1","BirthDur",15,5,NA
"9941","1_1_1","BirthDur",13,5,NA
"9951","1_1_1","BirthDur",1,5,NA
"9961","1_1_1","BirthDur",11,5,NA
"9971","1_1_1","BirthDur",11,5,NA
"9981","1_1_1","BirthDur",15,5,NA
"9991","1_1_1","BirthDur",9,5,NA
"10001","1_1_1","BirthDur",10,5,NA
"10012","1_1_1","BirthDur",6,5,NA
"10021","1_1_1","BirthDur",11,5,NA
"10031","1_1_1","BirthDur",11,5,NA
"10041","1_1_1","BirthDur",13,5,NA
"10051","1_3_1","BirthDur",25,5,NA
"10061","1_3_1","BirthDur",19,5,NA
"10071","1_3_1","BirthDur",11,5,NA
"10081","1_3_1","BirthDur",9,5,NA
"10091","1_3_1","BirthDur",5,5,NA
"10103","1_3_1","BirthDur",13,5,NA
"10112","1_3_1","BirthDur",13,5,NA
"10121","1_3_1","BirthDur",26,5,NA
"10131","1_3_1","BirthDur",17,5,NA
"10141","1_3_1","BirthDur",21,5,NA
"10151","1_3_1","BirthDur",8,5,NA
"10161","1_3_1","BirthDur",16,5,NA
"10171","1_3_1","BirthDur",9,5,NA
"10181","1_3_1","BirthDur",9,5,NA
"10191","1_3_1","BirthDur",25,5,NA
"10201","1_3_1","BirthDur",23,5,NA
"10212","1_3_1","BirthDur",21,5,NA
"10221","1_3_1","BirthDur",22,5,NA
"10231","1_3_1","BirthDur",22,5,NA
"10241","1_3_1","BirthDur",8,5,NA
"10251","1_3_1","BirthDur",15,5,NA
"10261","1_3_1","BirthDur",20,5,NA
"10271","1_3_1","BirthDur",6,5,NA
"10281","1_3_1","BirthDur",19,5,NA
"10291","1_3_1","BirthDur",16,5,NA
"10301","1_3_1","BirthDur",18,5,NA
"10312","1_3_1","BirthDur",13,5,NA
"10321","1_3_1","BirthDur",19,5,NA
"10331","1_3_1","BirthDur",9,5,NA
"10341","1_3_1","BirthDur",17,5,NA
"10351","1_2_1","BirthDur",8,5,NA
"10361","1_2_1","BirthDur",15,5,NA
"10371","1_2_1","BirthDur",10,5,NA
"10381","1_2_1","BirthDur",5,5,NA
"10391","1_2_1","BirthDur",15,5,NA
"10401","1_2_1","BirthDur",17,5,NA
"10412","1_2_1","BirthDur",20,5,NA
"10421","1_2_1","BirthDur",12,5,NA
"10431","1_2_1","BirthDur",13,5,NA
"10441","1_2_1","BirthDur",12,5,NA
"10451","1_2_1","BirthDur",3,5,NA
"10461","1_2_1","BirthDur",7,5,NA
"10471","1_2_1","BirthDur",1,5,NA
"10481","1_2_1","BirthDur",22,5,NA
"10491","1_2_1","BirthDur",11,5,NA
"10501","1_2_1","BirthDur",11,5,NA
"10512","1_2_1","BirthDur",3,5,NA
"10521","1_2_1","BirthDur",17,5,NA
"10531","1_2_1","BirthDur",17,5,NA
"10541","1_2_1","BirthDur",17,5,NA
"10551","1_2_1","BirthDur",22,5,NA
"10561","1_2_1","BirthDur",11,5,NA
"10571","1_2_1","BirthDur",12,5,NA
"10581","1_2_1","BirthDur",11,5,NA
"10591","1_2_1","BirthDur",11,5,NA
"10601","1_2_1","BirthDur",14,5,NA
"10612","1_2_1","BirthDur",19,5,NA
"10621","1_2_1","BirthDur",12,5,NA
"10631","1_2_1","BirthDur",18,5,NA
"10641","1_2_1","BirthDur",20,5,NA
"10651","1_2_1","BirthDur",12,5,NA
"10661","3_3_1","BirthDur",19,5,NA
"10671","3_3_1","BirthDur",6,5,NA
"10681","3_3_1","BirthDur",15,5,NA
"10691","3_3_1","BirthDur",8,5,NA
"10701","3_3_1","BirthDur",11,5,NA
"10712","3_3_1","BirthDur",11,5,NA
"10721","3_3_1","BirthDur",9,5,NA
"10731","3_3_1","BirthDur",6,5,NA
"10741","3_3_1","BirthDur",10,5,NA
"10751","3_3_1","BirthDur",21,5,NA
"10761","3_3_1","BirthDur",7,5,NA
"10771","3_3_1","BirthDur",13,5,NA
"10781","3_3_1","BirthDur",8,5,NA
"10791","3_3_1","BirthDur",6,5,NA
"10801","3_3_1","BirthDur",8,5,NA
"10812","3_3_1","BirthDur",12,5,NA
"10821","3_3_1","BirthDur",20,5,NA
"10831","3_3_1","BirthDur",13,5,NA
"10841","3_3_1","BirthDur",13,5,NA
"10851","3_3_1","BirthDur",9,5,NA
"10861","3_3_1","BirthDur",9,5,NA
"10871","3_3_1","BirthDur",12,5,NA
"10881","2_2_1","BirthDur",8,5,NA
"10891","2_2_1","BirthDur",3,5,NA
"10901","2_2_1","BirthDur",11,5,NA
"10912","2_2_1","BirthDur",7,5,NA
"10921","2_2_1","BirthDur",8,5,NA
"10931","2_2_1","BirthDur",23,5,NA
"10941","2_2_1","BirthDur",20,5,NA
"10951","2_2_1","BirthDur",15,5,NA
"10961","2_2_1","BirthDur",12,5,NA
"10971","2_2_1","BirthDur",24,5,NA
"10981","2_2_1","BirthDur",14,5,NA
"10991","2_2_1","BirthDur",11,5,NA
"11002","2_2_1","BirthDur",17,5,NA
"11012","2_2_1","BirthDur",16,5,NA
"11021","2_2_1","BirthDur",12,5,NA
"11031","2_2_1","BirthDur",16,5,NA
"11041","2_2_1","BirthDur",3,5,NA
"11051","2_2_1","BirthDur",7,5,NA
"11061","2_2_1","BirthDur",12,5,NA
"11071","2_2_1","BirthDur",5,5,NA
"11081","2_2_1","BirthDur",3,5,NA
"11091","2_2_1","BirthDur",10,5,NA
"11103","2_2_1","BirthDur",9,5,NA
"11112","2_2_1","BirthDur",11,5,NA
"11121","3_2_1","BirthDur",16,5,NA
"11131","3_2_1","BirthDur",15,5,NA
"11141","3_2_1","BirthDur",8,5,NA
"11151","3_2_1","BirthDur",1,5,NA
"11161","3_2_1","BirthDur",16,5,NA
"11171","3_2_1","BirthDur",7,5,NA
"11181","3_2_1","BirthDur",6,5,NA
"11191","3_2_1","BirthDur",15,5,NA
"11201","3_2_1","BirthDur",7,5,NA
"11212","3_2_1","BirthDur",14,5,NA
"11221","3_2_1","BirthDur",11,5,NA
"11231","3_2_1","BirthDur",3,5,NA
"11241","3_2_1","BirthDur",8,5,NA
"11251","3_2_1","BirthDur",13,5,NA
"11261","3_2_1","BirthDur",12,5,NA
"11271","3_2_1","BirthDur",16,5,NA
"11281","3_2_1","BirthDur",10,5,NA
"11291","3_2_1","BirthDur",22,5,NA
"11301","3_2_1","BirthDur",10,5,NA
"11312","3_2_1","BirthDur",6,5,NA
"11321","3_2_1","BirthDur",20,5,NA
"11331","3_2_1","BirthDur",10,5,NA
"11341","3_2_1","BirthDur",10,5,NA
"11351","3_2_1","BirthDur",21,5,NA
"11361","3_2_1","BirthDur",14,5,NA
"11371","3_2_1","BirthDur",16,5,NA
"11381","3_2_1","BirthDur",22,5,NA
"11391","3_2_1","BirthDur",10,5,NA
"11401","2_3_1","BirthDur",7,5,NA
"11412","2_3_1","BirthDur",7,5,NA
"11421","2_3_1","BirthDur",8,5,NA
"11431","2_3_1","BirthDur",6,5,NA
"11441","2_3_1","BirthDur",3,5,NA
"11451","2_3_1","BirthDur",17,5,NA
"11461","2_3_1","BirthDur",7,5,NA
"11471","2_3_1","BirthDur",24,5,NA
"11481","2_3_1","BirthDur",2,5,NA
"11491","2_3_1","BirthDur",1,5,NA
"11501","2_3_1","BirthDur",15,5,NA
"11512","2_3_1","BirthDur",15,5,NA
"11521","2_3_1","BirthDur",6,5,NA
"11531","2_3_1","BirthDur",8,5,NA
"11541","2_3_1","BirthDur",11,5,NA
"11551","2_3_1","BirthDur",9,5,NA
"11561","2_3_1","BirthDur",23,5,NA
"11571","2_3_1","BirthDur",8,5,NA
"11581","2_3_1","BirthDur",8,5,NA
"11591","2_3_1","BirthDur",16,5,NA
"11601","2_3_1","BirthDur",5,5,NA
"11612","2_3_1","BirthDur",12,5,NA
"11621","2_3_1","BirthDur",15,5,NA
"11631","2_3_1","BirthDur",20,5,NA
"11641","2_3_1","BirthDur",6,5,NA
"11651","2_3_1","BirthDur",23,5,NA
"11661","2_3_1","BirthDur",14,5,NA
"11671","2_3_1","BirthDur",17,5,NA
"11681","2_3_1","BirthDur",8,5,NA
"11691","2_3_1","BirthDur",13,5,NA
"11701","2_3_1","BirthDur",19,5,NA
"11712","3_1_2","BirthDur",17,5,NA
"11721","3_1_2","BirthDur",10,5,NA
"11731","3_1_2","BirthDur",9,5,NA
"11741","3_1_2","BirthDur",8,5,NA
"11751","3_1_2","BirthDur",7,5,NA
"11761","3_1_2","BirthDur",19,5,NA
"11771","3_1_2","BirthDur",21,5,NA
"11781","3_1_2","BirthDur",5,5,NA
"11791","3_1_2","BirthDur",7,5,NA
"11801","3_1_2","BirthDur",17,5,NA
"11812","3_1_2","BirthDur",4,5,NA
"11821","3_1_2","BirthDur",18,5,NA
"11831","3_1_2","BirthDur",14,5,NA
"11841","3_1_2","BirthDur",16,5,NA
"11851","3_1_2","BirthDur",15,5,NA
"11861","3_1_2","BirthDur",13,5,NA
"11871","3_1_2","BirthDur",17,5,NA
"11881","3_1_2","BirthDur",17,5,NA
"11891","3_1_2","BirthDur",3,5,NA
"11901","3_1_2","BirthDur",13,5,NA
"11912","3_1_2","BirthDur",5,5,NA
"11921","2_1_2","BirthDur",18,5,NA
"11931","2_1_2","BirthDur",4,5,NA
"11941","2_1_2","BirthDur",6,5,NA
"11951","2_1_2","BirthDur",10,5,NA
"11961","2_1_2","BirthDur",16,5,NA
"11971","2_1_2","BirthDur",8,5,NA
"11981","2_1_2","BirthDur",10,5,NA
"11991","2_1_2","BirthDur",10,5,NA
"12001","2_1_2","BirthDur",3,5,NA
"12012","2_1_2","BirthDur",6,5,NA
"12021","2_1_2","BirthDur",6,5,NA
"12031","2_1_2","BirthDur",7,5,NA
"12041","2_1_2","BirthDur",11,5,NA
"12051","2_1_2","BirthDur",14,5,NA
"12061","2_1_2","BirthDur",7,5,NA
"12071","2_1_2","BirthDur",5,5,NA
"12081","2_1_2","BirthDur",7,5,NA
"12091","2_1_2","BirthDur",3,5,NA
"12103","2_1_2","BirthDur",7,5,NA
"12112","2_1_2","BirthDur",8,5,NA
"12121","2_1_2","BirthDur",9,5,NA
"12131","2_1_2","BirthDur",16,5,NA
"12141","2_1_2","BirthDur",3,5,NA
"12151","2_1_2","BirthDur",9,5,NA
"12161","2_1_2","BirthDur",6,5,NA
"12171","2_1_2","BirthDur",17,5,NA
"12181","2_1_2","BirthDur",9,5,NA
"12191","1_1_2","BirthDur",9,5,NA
"12201","1_1_2","BirthDur",10,5,NA
"12212","1_1_2","BirthDur",4,5,NA
"12221","1_1_2","BirthDur",7,5,NA
"12231","1_1_2","BirthDur",3,5,NA
"12241","1_1_2","BirthDur",18,5,NA
"12251","1_1_2","BirthDur",10,5,NA
"12261","1_1_2","BirthDur",5,5,NA
"12271","1_1_2","BirthDur",12,5,NA
"12281","1_1_2","BirthDur",14,5,NA
"12291","1_1_2","BirthDur",9,5,NA
"12301","1_1_2","BirthDur",15,5,NA
"12312","1_1_2","BirthDur",16,5,NA
"12321","1_1_2","BirthDur",17,5,NA
"12331","1_1_2","BirthDur",16,5,NA
"12341","1_1_2","BirthDur",10,5,NA
"12351","1_1_2","BirthDur",16,5,NA
"12361","1_1_2","BirthDur",14,5,NA
"12371","1_1_2","BirthDur",4,5,NA
"12381","1_1_2","BirthDur",7,5,NA
"12391","1_3_2","BirthDur",9,5,NA
"12401","1_3_2","BirthDur",17,5,NA
"12412","1_3_2","BirthDur",15,5,NA
"12421","1_3_2","BirthDur",15,5,NA
"12431","1_3_2","BirthDur",25,5,NA
"12441","1_3_2","BirthDur",9,5,NA
"12451","1_3_2","BirthDur",18,5,NA
"12461","1_3_2","BirthDur",21,5,NA
"12471","1_3_2","BirthDur",11,5,NA
"12481","1_3_2","BirthDur",19,5,NA
"12491","1_3_2","BirthDur",21,5,NA
"12501","1_3_2","BirthDur",15,5,NA
"12512","1_3_2","BirthDur",20,5,NA
"12521","1_3_2","BirthDur",26,5,NA
"12531","1_3_2","BirthDur",5,5,NA
"12541","1_3_2","BirthDur",11,5,NA
"12551","1_3_2","BirthDur",18,5,NA
"12561","1_3_2","BirthDur",19,5,NA
"12571","1_3_2","BirthDur",21,5,NA
"12581","1_3_2","BirthDur",20,5,NA
"12591","1_3_2","BirthDur",6,5,NA
"12601","1_3_2","BirthDur",26,5,NA
"12612","1_3_2","BirthDur",7,5,NA
"12621","1_3_2","BirthDur",6,5,NA
"12631","1_3_2","BirthDur",15,5,NA
"12641","1_3_2","BirthDur",22,5,NA
"12651","1_3_2","BirthDur",10,5,NA
"12661","1_3_2","BirthDur",17,5,NA
"12671","1_2_2","BirthDur",23,5,NA
"12681","1_2_2","BirthDur",11,5,NA
"12691","1_2_2","BirthDur",1,5,NA
"12701","1_2_2","BirthDur",9,5,NA
"12712","1_2_2","BirthDur",11,5,NA
"12721","1_2_2","BirthDur",12,5,NA
"12731","1_2_2","BirthDur",23,5,NA
"12741","1_2_2","BirthDur",22,5,NA
"12751","1_2_2","BirthDur",11,5,NA
"12761","1_2_2","BirthDur",14,5,NA
"12771","1_2_2","BirthDur",14,5,NA
"12781","1_2_2","BirthDur",20,5,NA
"12791","1_2_2","BirthDur",23,5,NA
"12801","1_2_2","BirthDur",15,5,NA
"12812","1_2_2","BirthDur",24,5,NA
"12821","1_2_2","BirthDur",10,5,NA
"12831","1_2_2","BirthDur",21,5,NA
"12841","1_2_2","BirthDur",15,5,NA
"12851","1_2_2","BirthDur",2,5,NA
"12861","1_2_2","BirthDur",10,5,NA
"12871","1_2_2","BirthDur",8,5,NA
"12881","1_2_2","BirthDur",19,5,NA
"12891","1_2_2","BirthDur",2,5,NA
"12901","1_2_2","BirthDur",12,5,NA
"12912","1_2_2","BirthDur",22,5,NA
"12921","1_2_2","BirthDur",17,5,NA
"12931","3_3_2","BirthDur",12,5,NA
"12941","3_3_2","BirthDur",20,5,NA
"12951","3_3_2","BirthDur",12,5,NA
"12961","3_3_2","BirthDur",20,5,NA
"12971","3_3_2","BirthDur",7,5,NA
"12981","3_3_2","BirthDur",21,5,NA
"12991","3_3_2","BirthDur",14,5,NA
"13001","3_3_2","BirthDur",15,5,NA
"13012","3_3_2","BirthDur",11,5,NA
"13021","3_3_2","BirthDur",4,5,NA
"13031","3_3_2","BirthDur",4,5,NA
"13041","3_3_2","BirthDur",6,5,NA
"13051","3_3_2","BirthDur",14,5,NA
"13061","3_3_2","BirthDur",15,5,NA
"13071","3_3_2","BirthDur",25,5,NA
"13081","3_3_2","BirthDur",10,5,NA
"13091","3_3_2","BirthDur",4,5,NA
"13103","3_3_2","BirthDur",16,5,NA
"13112","3_3_2","BirthDur",1,5,NA
"13121","3_3_2","BirthDur",2,5,NA
"13131","3_3_2","BirthDur",13,5,NA
"13141","3_3_2","BirthDur",11,5,NA
"13151","3_3_2","BirthDur",13,5,NA
"13161","3_3_2","BirthDur",7,5,NA
"13171","2_2_2","BirthDur",5,5,NA
"13181","2_2_2","BirthDur",13,5,NA
"13191","2_2_2","BirthDur",23,5,NA
"13201","2_2_2","BirthDur",8,5,NA
"13212","2_2_2","BirthDur",10,5,NA
"13221","2_2_2","BirthDur",21,5,NA
"13231","2_2_2","BirthDur",12,5,NA
"13241","2_2_2","BirthDur",7,5,NA
"13251","2_2_2","BirthDur",13,5,NA
"13261","2_2_2","BirthDur",14,5,NA
"13271","2_2_2","BirthDur",20,5,NA
"13281","2_2_2","BirthDur",17,5,NA
"13291","2_2_2","BirthDur",13,5,NA
"13301","2_2_2","BirthDur",19,5,NA
"13312","2_2_2","BirthDur",26,5,NA
"13321","2_2_2","BirthDur",25,5,NA
"13331","2_2_2","BirthDur",18,5,NA
"13341","3_2_2","BirthDur",12,5,NA
"13351","3_2_2","BirthDur",10,5,NA
"13361","3_2_2","BirthDur",19,5,NA
"13371","3_2_2","BirthDur",15,5,NA
"13381","3_2_2","BirthDur",16,5,NA
"13391","3_2_2","BirthDur",2,5,NA
"13401","3_2_2","BirthDur",10,5,NA
"13412","3_2_2","BirthDur",19,5,NA
"13421","3_2_2","BirthDur",11,5,NA
"13431","3_2_2","BirthDur",17,5,NA
"13441","3_2_2","BirthDur",17,5,NA
"13451","3_2_2","BirthDur",15,5,NA
"13461","3_2_2","BirthDur",7,5,NA
"13471","3_2_2","BirthDur",12,5,NA
"13481","3_2_2","BirthDur",11,5,NA
"13491","3_2_2","BirthDur",9,5,NA
"13501","3_2_2","BirthDur",20,5,NA
"13512","3_2_2","BirthDur",19,5,NA
"13521","3_2_2","BirthDur",13,5,NA
"13531","3_2_2","BirthDur",16,5,NA
"13541","3_2_2","BirthDur",5,5,NA
"13551","3_2_2","BirthDur",9,5,NA
"13561","3_2_2","BirthDur",16,5,NA
"13571","2_3_2","BirthDur",7,5,NA
"13581","2_3_2","BirthDur",19,5,NA
"13591","2_3_2","BirthDur",14,5,NA
"13601","2_3_2","BirthDur",16,5,NA
"13612","2_3_2","BirthDur",12,5,NA
"13621","2_3_2","BirthDur",11,5,NA
"13631","2_3_2","BirthDur",22,5,NA
"13641","2_3_2","BirthDur",16,5,NA
"13651","2_3_2","BirthDur",5,5,NA
"13661","2_3_2","BirthDur",22,5,NA
"13671","2_3_2","BirthDur",16,5,NA
"13681","2_3_2","BirthDur",22,5,NA
"13691","2_3_2","BirthDur",24,5,NA
"13701","2_3_2","BirthDur",4,5,NA
"13712","2_3_2","BirthDur",1,5,NA
"13721","2_3_2","BirthDur",13,5,NA
"13731","2_3_2","BirthDur",12,5,NA
"13741","2_3_2","BirthDur",24,5,NA
"13751","2_3_2","BirthDur",18,5,NA
"13761","2_3_2","BirthDur",1,5,NA
"13771","2_3_2","BirthDur",17,5,NA
"13781","2_3_2","BirthDur",20,5,NA
"13791","2_3_2","BirthDur",19,5,NA
"13801","2_3_2","BirthDur",12,5,NA
"13812","2_3_2","BirthDur",17,5,NA
"13821","2_3_2","BirthDur",11,5,NA
"13831","2_3_2","BirthDur",7,5,NA
"13841","3_1_1","dev_rate",0.142857142857143,5,NA
"13851","3_1_1","dev_rate",0.117647058823529,5,NA
"13861","3_1_1","dev_rate",0.125,5,NA
"13871","3_1_1","dev_rate",0.133333333333333,5,NA
"13881","3_1_1","dev_rate",0.166666666666667,5,NA
"13891","3_1_1","dev_rate",0.166666666666667,5,NA
"13901","3_1_1","dev_rate",0.142857142857143,5,NA
"13912","3_1_1","dev_rate",0.142857142857143,5,NA
"13921","3_1_1","dev_rate",0.142857142857143,5,NA
"13931","3_1_1","dev_rate",0.166666666666667,5,NA
"13941","3_1_1","dev_rate",0.117647058823529,5,NA
"13951","3_1_1","dev_rate",0.125,5,NA
"13961","3_1_1","dev_rate",0.166666666666667,5,NA
"13971","3_1_1","dev_rate",0.142857142857143,5,NA
"13981","3_1_1","dev_rate",0.111111111111111,5,NA
"13991","3_1_1","dev_rate",0.1,5,NA
"14001","3_1_1","dev_rate",0.117647058823529,5,NA
"14012","3_1_1","dev_rate",0.125,5,NA
"14021","3_1_1","dev_rate",0.125,5,NA
"14031","3_1_1","dev_rate",0.105263157894737,5,NA
"14041","3_1_1","dev_rate",0.125,5,NA
"14051","3_1_1","dev_rate",0.142857142857143,5,NA
"14061","3_1_1","dev_rate",0.133333333333333,5,NA
"14071","3_1_1","dev_rate",0.142857142857143,5,NA
"14081","3_1_1","dev_rate",0.117647058823529,5,NA
"14091","3_1_1","dev_rate",0.1,5,NA
"14103","2_1_1","dev_rate",0.142857142857143,5,NA
"14112","2_1_1","dev_rate",0.133333333333333,5,NA
"14121","2_1_1","dev_rate",0.153846153846154,5,NA
"14131","2_1_1","dev_rate",0.153846153846154,5,NA
"14141","2_1_1","dev_rate",0.133333333333333,5,NA
"14151","2_1_1","dev_rate",0.133333333333333,5,NA
"14161","2_1_1","dev_rate",0.142857142857143,5,NA
"14171","2_1_1","dev_rate",0.133333333333333,5,NA
"14181","2_1_1","dev_rate",0.153846153846154,5,NA
"14191","2_1_1","dev_rate",0.153846153846154,5,NA
"14201","2_1_1","dev_rate",0.153846153846154,5,NA
"14212","2_1_1","dev_rate",0.142857142857143,5,NA
"14221","2_1_1","dev_rate",0.142857142857143,5,NA
"14231","2_1_1","dev_rate",0.133333333333333,5,NA
"14241","2_1_1","dev_rate",0.133333333333333,5,NA
"14251","2_1_1","dev_rate",0.133333333333333,5,NA
"14261","2_1_1","dev_rate",0.133333333333333,5,NA
"14271","2_1_1","dev_rate",0.153846153846154,5,NA
"14281","2_1_1","dev_rate",0.117647058823529,5,NA
"14291","2_1_1","dev_rate",0.105263157894737,5,NA
"14301","2_1_1","dev_rate",0.133333333333333,5,NA
"14312","2_1_1","dev_rate",0.117647058823529,5,NA
"14321","2_1_1","dev_rate",0.125,5,NA
"14331","2_1_1","dev_rate",0.111111111111111,5,NA
"14341","2_1_1","dev_rate",0.125,5,NA
"14351","2_1_1","dev_rate",0.105263157894737,5,NA
"14361","2_1_1","dev_rate",0.142857142857143,5,NA
"14371","2_1_1","dev_rate",0.142857142857143,5,NA
"14381","2_1_1","dev_rate",0.125,5,NA
"14391","1_1_1","dev_rate",0.153846153846154,5,NA
"14401","1_1_1","dev_rate",0.142857142857143,5,NA
"14412","1_1_1","dev_rate",0.133333333333333,5,NA
"14421","1_1_1","dev_rate",0.142857142857143,5,NA
"14431","1_1_1","dev_rate",0.153846153846154,5,NA
"14441","1_1_1","dev_rate",0.166666666666667,5,NA
"14451","1_1_1","dev_rate",0.153846153846154,5,NA
"14461","1_1_1","dev_rate",0.142857142857143,5,NA
"14471","1_1_1","dev_rate",0.142857142857143,5,NA
"14481","1_1_1","dev_rate",0.142857142857143,5,NA
"14491","1_1_1","dev_rate",0.125,5,NA
"14501","1_1_1","dev_rate",0.125,5,NA
"14512","1_1_1","dev_rate",0.142857142857143,5,NA
"14521","1_1_1","dev_rate",0.125,5,NA
"14531","1_1_1","dev_rate",0.142857142857143,5,NA
"14541","1_1_1","dev_rate",0.166666666666667,5,NA
"14551","1_1_1","dev_rate",0.133333333333333,5,NA
"14561","1_1_1","dev_rate",0.166666666666667,5,NA
"14571","1_1_1","dev_rate",0.153846153846154,5,NA
"14581","1_1_1","dev_rate",0.166666666666667,5,NA
"14591","1_1_1","dev_rate",0.153846153846154,5,NA
"14601","1_1_1","dev_rate",0.166666666666667,5,NA
"14612","1_1_1","dev_rate",0.166666666666667,5,NA
"14621","1_1_1","dev_rate",0.166666666666667,5,NA
"14631","1_1_1","dev_rate",0.166666666666667,5,NA
"14641","1_1_1","dev_rate",0.142857142857143,5,NA
"14651","1_1_1","dev_rate",0.166666666666667,5,NA
"14661","1_3_1","dev_rate",0.125,5,NA
"14671","1_3_1","dev_rate",0.142857142857143,5,NA
"14681","1_3_1","dev_rate",0.142857142857143,5,NA
"14691","1_3_1","dev_rate",0.142857142857143,5,NA
"14701","1_3_1","dev_rate",0.125,5,NA
"14712","1_3_1","dev_rate",0.111111111111111,5,NA
"14721","1_3_1","dev_rate",0.142857142857143,5,NA
"14731","1_3_1","dev_rate",0.166666666666667,5,NA
"14741","1_3_1","dev_rate",0.133333333333333,5,NA
"14751","1_3_1","dev_rate",0.153846153846154,5,NA
"14761","1_3_1","dev_rate",0.125,5,NA
"14771","1_3_1","dev_rate",0.142857142857143,5,NA
"14781","1_3_1","dev_rate",0.153846153846154,5,NA
"14791","1_3_1","dev_rate",0.133333333333333,5,NA
"14801","1_3_1","dev_rate",0.142857142857143,5,NA
"14812","1_3_1","dev_rate",0.153846153846154,5,NA
"14821","1_3_1","dev_rate",0.166666666666667,5,NA
"14831","1_3_1","dev_rate",0.166666666666667,5,NA
"14841","1_3_1","dev_rate",0.153846153846154,5,NA
"14851","1_3_1","dev_rate",0.133333333333333,5,NA
"14861","1_3_1","dev_rate",0.142857142857143,5,NA
"14871","1_3_1","dev_rate",0.133333333333333,5,NA
"14881","1_3_1","dev_rate",0.153846153846154,5,NA
"14891","1_3_1","dev_rate",0.133333333333333,5,NA
"14901","1_3_1","dev_rate",0.142857142857143,5,NA
"14912","1_3_1","dev_rate",0.133333333333333,5,NA
"14921","1_3_1","dev_rate",0.153846153846154,5,NA
"14931","1_3_1","dev_rate",0.133333333333333,5,NA
"14941","1_3_1","dev_rate",0.133333333333333,5,NA
"14951","1_3_1","dev_rate",0.153846153846154,5,NA
"14961","1_2_1","dev_rate",0.142857142857143,5,NA
"14971","1_2_1","dev_rate",0.166666666666667,5,NA
"14981","1_2_1","dev_rate",0.153846153846154,5,NA
"14991","1_2_1","dev_rate",0.142857142857143,5,NA
"15001","1_2_1","dev_rate",0.133333333333333,5,NA
"15012","1_2_1","dev_rate",0.153846153846154,5,NA
"15021","1_2_1","dev_rate",0.153846153846154,5,NA
"15031","1_2_1","dev_rate",0.166666666666667,5,NA
"15041","1_2_1","dev_rate",0.181818181818182,5,NA
"15051","1_2_1","dev_rate",0.133333333333333,5,NA
"15061","1_2_1","dev_rate",0.142857142857143,5,NA
"15071","1_2_1","dev_rate",0.153846153846154,5,NA
"15081","1_2_1","dev_rate",0.133333333333333,5,NA
"15091","1_2_1","dev_rate",0.133333333333333,5,NA
"15103","1_2_1","dev_rate",0.142857142857143,5,NA
"15112","1_2_1","dev_rate",0.133333333333333,5,NA
"15121","1_2_1","dev_rate",0.133333333333333,5,NA
"15131","1_2_1","dev_rate",0.166666666666667,5,NA
"15141","1_2_1","dev_rate",0.125,5,NA
"15151","1_2_1","dev_rate",0.125,5,NA
"15161","1_2_1","dev_rate",0.142857142857143,5,NA
"15171","1_2_1","dev_rate",0.153846153846154,5,NA
"15181","1_2_1","dev_rate",0.153846153846154,5,NA
"15191","1_2_1","dev_rate",0.166666666666667,5,NA
"15201","1_2_1","dev_rate",0.133333333333333,5,NA
"15212","1_2_1","dev_rate",0.125,5,NA
"15221","1_2_1","dev_rate",0.142857142857143,5,NA
"15231","1_2_1","dev_rate",0.125,5,NA
"15241","1_2_1","dev_rate",0.125,5,NA
"15251","1_2_1","dev_rate",0.142857142857143,5,NA
"15261","1_2_1","dev_rate",0.142857142857143,5,NA
"15271","3_3_1","dev_rate",0.125,5,NA
"15281","3_3_1","dev_rate",0.153846153846154,5,NA
"15291","3_3_1","dev_rate",0.142857142857143,5,NA
"15301","3_3_1","dev_rate",0.142857142857143,5,NA
"15312","3_3_1","dev_rate",0.142857142857143,5,NA
"15321","3_3_1","dev_rate",0.105263157894737,5,NA
"15331","3_3_1","dev_rate",0.153846153846154,5,NA
"15341","3_3_1","dev_rate",0.142857142857143,5,NA
"15351","3_3_1","dev_rate",0.133333333333333,5,NA
"15361","3_3_1","dev_rate",0.153846153846154,5,NA
"15371","3_3_1","dev_rate",0.142857142857143,5,NA
"15381","3_3_1","dev_rate",0.142857142857143,5,NA
"15391","3_3_1","dev_rate",0.166666666666667,5,NA
"15401","3_3_1","dev_rate",0.133333333333333,5,NA
"15412","3_3_1","dev_rate",0.153846153846154,5,NA
"15421","3_3_1","dev_rate",0.125,5,NA
"15431","3_3_1","dev_rate",0.133333333333333,5,NA
"15441","3_3_1","dev_rate",0.142857142857143,5,NA
"15451","3_3_1","dev_rate",0.142857142857143,5,NA
"15461","3_3_1","dev_rate",0.153846153846154,5,NA
"15471","3_3_1","dev_rate",0.142857142857143,5,NA
"15481","3_3_1","dev_rate",0.166666666666667,5,NA
"15491","2_2_1","dev_rate",0.142857142857143,5,NA
"15501","2_2_1","dev_rate",0.142857142857143,5,NA
"15512","2_2_1","dev_rate",0.166666666666667,5,NA
"15521","2_2_1","dev_rate",0.142857142857143,5,NA
"15531","2_2_1","dev_rate",0.142857142857143,5,NA
"15541","2_2_1","dev_rate",0.142857142857143,5,NA
"15551","2_2_1","dev_rate",0.142857142857143,5,NA
"15561","2_2_1","dev_rate",0.133333333333333,5,NA
"15571","2_2_1","dev_rate",0.166666666666667,5,NA
"15581","2_2_1","dev_rate",0.142857142857143,5,NA
"15591","2_2_1","dev_rate",0.142857142857143,5,NA
"15601","2_2_1","dev_rate",0.142857142857143,5,NA
"15612","2_2_1","dev_rate",0.117647058823529,5,NA
"15621","2_2_1","dev_rate",0.117647058823529,5,NA
"15631","2_2_1","dev_rate",0.142857142857143,5,NA
"15641","2_2_1","dev_rate",0.166666666666667,5,NA
"15651","2_2_1","dev_rate",0.125,5,NA
"15661","2_2_1","dev_rate",0.142857142857143,5,NA
"15671","2_2_1","dev_rate",0.166666666666667,5,NA
"15681","2_2_1","dev_rate",0.125,5,NA
"15691","2_2_1","dev_rate",0.111111111111111,5,NA
"15701","2_2_1","dev_rate",0.166666666666667,5,NA
"15712","2_2_1","dev_rate",0.153846153846154,5,NA
"15721","2_2_1","dev_rate",0.117647058823529,5,NA
"15731","3_2_1","dev_rate",0.142857142857143,5,NA
"15741","3_2_1","dev_rate",0.142857142857143,5,NA
"15751","3_2_1","dev_rate",0.142857142857143,5,NA
"15761","3_2_1","dev_rate",0.142857142857143,5,NA
"15771","3_2_1","dev_rate",0.142857142857143,5,NA
"15781","3_2_1","dev_rate",0.142857142857143,5,NA
"15791","3_2_1","dev_rate",0.125,5,NA
"15801","3_2_1","dev_rate",0.153846153846154,5,NA
"15812","3_2_1","dev_rate",0.125,5,NA
"15821","3_2_1","dev_rate",0.153846153846154,5,NA
"15831","3_2_1","dev_rate",0.142857142857143,5,NA
"15841","3_2_1","dev_rate",0.153846153846154,5,NA
"15851","3_2_1","dev_rate",0.125,5,NA
"15861","3_2_1","dev_rate",0.153846153846154,5,NA
"15871","3_2_1","dev_rate",0.153846153846154,5,NA
"15881","3_2_1","dev_rate",0.153846153846154,5,NA
"15891","3_2_1","dev_rate",0.125,5,NA
"15901","3_2_1","dev_rate",0.181818181818182,5,NA
"15912","3_2_1","dev_rate",0.166666666666667,5,NA
"15921","3_2_1","dev_rate",0.125,5,NA
"15931","3_2_1","dev_rate",0.153846153846154,5,NA
"15941","3_2_1","dev_rate",0.125,5,NA
"15951","3_2_1","dev_rate",0.125,5,NA
"15961","3_2_1","dev_rate",0.153846153846154,5,NA
"15971","3_2_1","dev_rate",0.142857142857143,5,NA
"15981","3_2_1","dev_rate",0.142857142857143,5,NA
"15991","3_2_1","dev_rate",0.133333333333333,5,NA
"16001","3_2_1","dev_rate",0.142857142857143,5,NA
"16012","2_3_1","dev_rate",0.142857142857143,5,NA
"16021","2_3_1","dev_rate",0.142857142857143,5,NA
"16031","2_3_1","dev_rate",0.153846153846154,5,NA
"16041","2_3_1","dev_rate",0.166666666666667,5,NA
"16051","2_3_1","dev_rate",0.142857142857143,5,NA
"16061","2_3_1","dev_rate",0.153846153846154,5,NA
"16071","2_3_1","dev_rate",0.142857142857143,5,NA
"16081","2_3_1","dev_rate",0.153846153846154,5,NA
"16091","2_3_1","dev_rate",0.153846153846154,5,NA
"16103","2_3_1","dev_rate",0.125,5,NA
"16112","2_3_1","dev_rate",0.166666666666667,5,NA
"16121","2_3_1","dev_rate",0.133333333333333,5,NA
"16131","2_3_1","dev_rate",0.166666666666667,5,NA
"16141","2_3_1","dev_rate",0.166666666666667,5,NA
"16151","2_3_1","dev_rate",0.181818181818182,5,NA
"16161","2_3_1","dev_rate",0.142857142857143,5,NA
"16171","2_3_1","dev_rate",0.125,5,NA
"16181","2_3_1","dev_rate",0.133333333333333,5,NA
"16191","2_3_1","dev_rate",0.142857142857143,5,NA
"16201","2_3_1","dev_rate",0.153846153846154,5,NA
"16212","2_3_1","dev_rate",0.153846153846154,5,NA
"16221","2_3_1","dev_rate",0.153846153846154,5,NA
"16231","2_3_1","dev_rate",0.133333333333333,5,NA
"16241","2_3_1","dev_rate",0.133333333333333,5,NA
"16251","2_3_1","dev_rate",0.142857142857143,5,NA
"16261","2_3_1","dev_rate",0.153846153846154,5,NA
"16271","2_3_1","dev_rate",0.166666666666667,5,NA
"16281","2_3_1","dev_rate",0.153846153846154,5,NA
"16291","2_3_1","dev_rate",0.142857142857143,5,NA
"16301","2_3_1","dev_rate",0.142857142857143,5,NA
"16312","2_3_1","dev_rate",0.166666666666667,5,NA
"16321","3_1_2","dev_rate",0.142857142857143,5,NA
"16331","3_1_2","dev_rate",0.181818181818182,5,NA
"16341","3_1_2","dev_rate",0.125,5,NA
"16351","3_1_2","dev_rate",0.166666666666667,5,NA
"16361","3_1_2","dev_rate",0.133333333333333,5,NA
"16371","3_1_2","dev_rate",0.142857142857143,5,NA
"16381","3_1_2","dev_rate",0.142857142857143,5,NA
"16391","3_1_2","dev_rate",0.153846153846154,5,NA
"16401","3_1_2","dev_rate",0.166666666666667,5,NA
"16412","3_1_2","dev_rate",0.125,5,NA
"16421","3_1_2","dev_rate",0.133333333333333,5,NA
"16431","3_1_2","dev_rate",0.142857142857143,5,NA
"16441","3_1_2","dev_rate",0.133333333333333,5,NA
"16451","3_1_2","dev_rate",0.125,5,NA
"16461","3_1_2","dev_rate",0.133333333333333,5,NA
"16471","3_1_2","dev_rate",0.142857142857143,5,NA
"16481","3_1_2","dev_rate",0.125,5,NA
"16491","3_1_2","dev_rate",0.142857142857143,5,NA
"16501","3_1_2","dev_rate",0.125,5,NA
"16512","3_1_2","dev_rate",0.117647058823529,5,NA
"16521","3_1_2","dev_rate",0.166666666666667,5,NA
"16531","2_1_2","dev_rate",0.142857142857143,5,NA
"16541","2_1_2","dev_rate",0.142857142857143,5,NA
"16551","2_1_2","dev_rate",0.142857142857143,5,NA
"16561","2_1_2","dev_rate",0.142857142857143,5,NA
"16571","2_1_2","dev_rate",0.166666666666667,5,NA
"16581","2_1_2","dev_rate",0.133333333333333,5,NA
"16591","2_1_2","dev_rate",0.142857142857143,5,NA
"16601","2_1_2","dev_rate",0.166666666666667,5,NA
"16612","2_1_2","dev_rate",0.142857142857143,5,NA
"16621","2_1_2","dev_rate",0.125,5,NA
"16631","2_1_2","dev_rate",0.117647058823529,5,NA
"16641","2_1_2","dev_rate",0.117647058823529,5,NA
"16651","2_1_2","dev_rate",0.142857142857143,5,NA
"16661","2_1_2","dev_rate",0.1,5,NA
"16671","2_1_2","dev_rate",0.142857142857143,5,NA
"16681","2_1_2","dev_rate",0.142857142857143,5,NA
"16691","2_1_2","dev_rate",0.1,5,NA
"16701","2_1_2","dev_rate",0.142857142857143,5,NA
"16712","2_1_2","dev_rate",0.125,5,NA
"16721","2_1_2","dev_rate",0.153846153846154,5,NA
"16731","2_1_2","dev_rate",0.125,5,NA
"16741","2_1_2","dev_rate",0.153846153846154,5,NA
"16751","2_1_2","dev_rate",0.142857142857143,5,NA
"16761","2_1_2","dev_rate",0.133333333333333,5,NA
"16771","2_1_2","dev_rate",0.142857142857143,5,NA
"16781","2_1_2","dev_rate",0.166666666666667,5,NA
"16791","2_1_2","dev_rate",0.125,5,NA
"16801","1_1_2","dev_rate",0.166666666666667,5,NA
"16812","1_1_2","dev_rate",0.142857142857143,5,NA
"16821","1_1_2","dev_rate",0.125,5,NA
"16831","1_1_2","dev_rate",0.105263157894737,5,NA
"16841","1_1_2","dev_rate",0.117647058823529,5,NA
"16851","1_1_2","dev_rate",0.125,5,NA
"16861","1_1_2","dev_rate",0.133333333333333,5,NA
"16871","1_1_2","dev_rate",0.153846153846154,5,NA
"16881","1_1_2","dev_rate",0.166666666666667,5,NA
"16891","1_1_2","dev_rate",0.142857142857143,5,NA
"16901","1_1_2","dev_rate",0.125,5,NA
"16912","1_1_2","dev_rate",0.111111111111111,5,NA
"16921","1_1_2","dev_rate",0.153846153846154,5,NA
"16931","1_1_2","dev_rate",0.153846153846154,5,NA
"16941","1_1_2","dev_rate",0.125,5,NA
"16951","1_1_2","dev_rate",0.142857142857143,5,NA
"16961","1_1_2","dev_rate",0.133333333333333,5,NA
"16971","1_1_2","dev_rate",0.166666666666667,5,NA
"16981","1_1_2","dev_rate",0.125,5,NA
"16991","1_1_2","dev_rate",0.133333333333333,5,NA
"17001","1_3_2","dev_rate",0.142857142857143,5,NA
"17012","1_3_2","dev_rate",0.125,5,NA
"17021","1_3_2","dev_rate",0.166666666666667,5,NA
"17031","1_3_2","dev_rate",0.125,5,NA
"17041","1_3_2","dev_rate",0.142857142857143,5,NA
"17051","1_3_2","dev_rate",0.142857142857143,5,NA
"17061","1_3_2","dev_rate",0.142857142857143,5,NA
"17071","1_3_2","dev_rate",0.133333333333333,5,NA
"17081","1_3_2","dev_rate",0.105263157894737,5,NA
"17091","1_3_2","dev_rate",0.125,5,NA
"17102","1_3_2","dev_rate",0.0909090909090909,5,NA
"17112","1_3_2","dev_rate",0.125,5,NA
"17121","1_3_2","dev_rate",0.133333333333333,5,NA
"17131","1_3_2","dev_rate",0.153846153846154,5,NA
"17141","1_3_2","dev_rate",0.133333333333333,5,NA
"17151","1_3_2","dev_rate",0.142857142857143,5,NA
"17161","1_3_2","dev_rate",0.142857142857143,5,NA
"17171","1_3_2","dev_rate",0.153846153846154,5,NA
"17181","1_3_2","dev_rate",0.142857142857143,5,NA
"17191","1_3_2","dev_rate",0.153846153846154,5,NA
"17201","1_3_2","dev_rate",0.133333333333333,5,NA
"17212","1_3_2","dev_rate",0.153846153846154,5,NA
"17221","1_3_2","dev_rate",0.133333333333333,5,NA
"17231","1_3_2","dev_rate",0.142857142857143,5,NA
"17241","1_3_2","dev_rate",0.166666666666667,5,NA
"17251","1_3_2","dev_rate",0.153846153846154,5,NA
"17261","1_3_2","dev_rate",0.153846153846154,5,NA
"17271","1_3_2","dev_rate",0.142857142857143,5,NA
"17281","1_2_2","dev_rate",0.142857142857143,5,NA
"17291","1_2_2","dev_rate",0.142857142857143,5,NA
"17301","1_2_2","dev_rate",0.111111111111111,5,NA
"17311","1_2_2","dev_rate",0.142857142857143,5,NA
"17321","1_2_2","dev_rate",0.142857142857143,5,NA
"17331","1_2_2","dev_rate",0.125,5,NA
"17341","1_2_2","dev_rate",0.133333333333333,5,NA
"17351","1_2_2","dev_rate",0.142857142857143,5,NA
"17361","1_2_2","dev_rate",0.142857142857143,5,NA
"17371","1_2_2","dev_rate",0.153846153846154,5,NA
"17381","1_2_2","dev_rate",0.125,5,NA
"17391","1_2_2","dev_rate",0.142857142857143,5,NA
"17401","1_2_2","dev_rate",0.142857142857143,5,NA
"17411","1_2_2","dev_rate",0.125,5,NA
"17421","1_2_2","dev_rate",0.142857142857143,5,NA
"17431","1_2_2","dev_rate",0.153846153846154,5,NA
"17441","1_2_2","dev_rate",0.111111111111111,5,NA
"17451","1_2_2","dev_rate",0.125,5,NA
"17461","1_2_2","dev_rate",0.0833333333333333,5,NA
"17471","1_2_2","dev_rate",0.133333333333333,5,NA
"17481","1_2_2","dev_rate",0.111111111111111,5,NA
"17491","1_2_2","dev_rate",0.125,5,NA
"17501","1_2_2","dev_rate",0.133333333333333,5,NA
"17511","1_2_2","dev_rate",0.142857142857143,5,NA
"17521","1_2_2","dev_rate",0.125,5,NA
"17531","1_2_2","dev_rate",0.142857142857143,5,NA
"17541","3_3_2","dev_rate",0.166666666666667,5,NA
"17551","3_3_2","dev_rate",0.142857142857143,5,NA
"17561","3_3_2","dev_rate",0.142857142857143,5,NA
"17571","3_3_2","dev_rate",0.166666666666667,5,NA
"17581","3_3_2","dev_rate",0.142857142857143,5,NA
"17591","3_3_2","dev_rate",0.142857142857143,5,NA
"17601","3_3_2","dev_rate",0.111111111111111,5,NA
"17611","3_3_2","dev_rate",0.142857142857143,5,NA
"17621","3_3_2","dev_rate",0.125,5,NA
"17631","3_3_2","dev_rate",0.125,5,NA
"17641","3_3_2","dev_rate",0.1,5,NA
"17651","3_3_2","dev_rate",0.0952380952380952,5,NA
"17661","3_3_2","dev_rate",0.117647058823529,5,NA
"17671","3_3_2","dev_rate",0.142857142857143,5,NA
"17681","3_3_2","dev_rate",0.142857142857143,5,NA
"17691","3_3_2","dev_rate",0.142857142857143,5,NA
"17701","3_3_2","dev_rate",0.117647058823529,5,NA
"17711","3_3_2","dev_rate",0.133333333333333,5,NA
"17721","3_3_2","dev_rate",0.125,5,NA
"17731","3_3_2","dev_rate",0.111111111111111,5,NA
"17741","3_3_2","dev_rate",0.117647058823529,5,NA
"17751","3_3_2","dev_rate",0.142857142857143,5,NA
"17761","3_3_2","dev_rate",0.105263157894737,5,NA
"17771","3_3_2","dev_rate",0.0833333333333333,5,NA
"17781","2_2_2","dev_rate",0.133333333333333,5,NA
"17791","2_2_2","dev_rate",0.142857142857143,5,NA
"17801","2_2_2","dev_rate",0.166666666666667,5,NA
"17811","2_2_2","dev_rate",0.142857142857143,5,NA
"17821","2_2_2","dev_rate",0.153846153846154,5,NA
"17831","2_2_2","dev_rate",0.142857142857143,5,NA
"17841","2_2_2","dev_rate",0.133333333333333,5,NA
"17851","2_2_2","dev_rate",0.105263157894737,5,NA
"17861","2_2_2","dev_rate",0.166666666666667,5,NA
"17871","2_2_2","dev_rate",0.125,5,NA
"17881","2_2_2","dev_rate",0.153846153846154,5,NA
"17891","2_2_2","dev_rate",0.142857142857143,5,NA
"17901","2_2_2","dev_rate",0.153846153846154,5,NA
"17911","2_2_2","dev_rate",0.142857142857143,5,NA
"17921","2_2_2","dev_rate",0.166666666666667,5,NA
"17931","2_2_2","dev_rate",0.166666666666667,5,NA
"17941","2_2_2","dev_rate",0.153846153846154,5,NA
"17951","3_2_2","dev_rate",0.133333333333333,5,NA
"17961","3_2_2","dev_rate",0.142857142857143,5,NA
"17971","3_2_2","dev_rate",0.142857142857143,5,NA
"17981","3_2_2","dev_rate",0.142857142857143,5,NA
"17991","3_2_2","dev_rate",0.133333333333333,5,NA
"18001","3_2_2","dev_rate",0.1,5,NA
"18011","3_2_2","dev_rate",0.142857142857143,5,NA
"18021","3_2_2","dev_rate",0.153846153846154,5,NA
"18031","3_2_2","dev_rate",0.117647058823529,5,NA
"18041","3_2_2","dev_rate",0.133333333333333,5,NA
"18051","3_2_2","dev_rate",0.142857142857143,5,NA
"18061","3_2_2","dev_rate",0.142857142857143,5,NA
"18071","3_2_2","dev_rate",0.117647058823529,5,NA
"18081","3_2_2","dev_rate",0.133333333333333,5,NA
"18091","3_2_2","dev_rate",0.166666666666667,5,NA
"18102","3_2_2","dev_rate",0.142857142857143,5,NA
"18112","3_2_2","dev_rate",0.166666666666667,5,NA
"18121","3_2_2","dev_rate",0.166666666666667,5,NA
"18131","3_2_2","dev_rate",0.111111111111111,5,NA
"18141","3_2_2","dev_rate",0.125,5,NA
"18151","3_2_2","dev_rate",0.105263157894737,5,NA
"18161","3_2_2","dev_rate",0.133333333333333,5,NA
"18171","3_2_2","dev_rate",0.125,5,NA
"18181","2_3_2","dev_rate",0.166666666666667,5,NA
"18191","2_3_2","dev_rate",0.166666666666667,5,NA
"18201","2_3_2","dev_rate",0.0909090909090909,5,NA
"18211","2_3_2","dev_rate",0.142857142857143,5,NA
"18221","2_3_2","dev_rate",0.142857142857143,5,NA
"18231","2_3_2","dev_rate",0.111111111111111,5,NA
"18241","2_3_2","dev_rate",0.153846153846154,5,NA
"18251","2_3_2","dev_rate",0.142857142857143,5,NA
"18261","2_3_2","dev_rate",0.153846153846154,5,NA
"18271","2_3_2","dev_rate",0.153846153846154,5,NA
"18281","2_3_2","dev_rate",0.153846153846154,5,NA
"18291","2_3_2","dev_rate",0.166666666666667,5,NA
"18301","2_3_2","dev_rate",0.142857142857143,5,NA
"18311","2_3_2","dev_rate",0.153846153846154,5,NA
"18321","2_3_2","dev_rate",0.105263157894737,5,NA
"18331","2_3_2","dev_rate",0.142857142857143,5,NA
"18341","2_3_2","dev_rate",0.133333333333333,5,NA
"18351","2_3_2","dev_rate",0.153846153846154,5,NA
"18361","2_3_2","dev_rate",0.142857142857143,5,NA
"18371","2_3_2","dev_rate",0.153846153846154,5,NA
"18381","2_3_2","dev_rate",0.166666666666667,5,NA
"18391","2_3_2","dev_rate",0.166666666666667,5,NA
"18401","2_3_2","dev_rate",0.166666666666667,5,NA
"18411","2_3_2","dev_rate",0.142857142857143,5,NA
"18421","2_3_2","dev_rate",0.166666666666667,5,NA
"18431","2_3_2","dev_rate",0.166666666666667,5,NA
"18441","2_3_2","dev_rate",0.166666666666667,5,NA
"18451","3_1_1","fec.rate",2.375,5,NA
"18461","3_1_1","fec.rate",2.31578947368421,5,NA
"18471","3_1_1","fec.rate",1.5,5,NA
"18481","3_1_1","fec.rate",1.84615384615385,5,NA
"18491","3_1_1","fec.rate",2.14285714285714,5,NA
"18501","3_1_1","fec.rate",2.72727272727273,5,NA
"18511","3_1_1","fec.rate",2,5,NA
"18521","3_1_1","fec.rate",2,5,NA
"18531","3_1_1","fec.rate",3.11111111111111,5,NA
"18541","3_1_1","fec.rate",2,5,NA
"18551","3_1_1","fec.rate",1.81818181818182,5,NA
"18561","3_1_1","fec.rate",2,5,NA
"18571","3_1_1","fec.rate",2.44444444444444,5,NA
"18581","3_1_1","fec.rate",3,5,NA
"18591","3_1_1","fec.rate",0.95,5,NA
"18601","3_1_1","fec.rate",1,5,NA
"18611","3_1_1","fec.rate",1.6,5,NA
"18621","3_1_1","fec.rate",1.28571428571429,5,NA
"18631","3_1_1","fec.rate",1.83333333333333,5,NA
"18641","3_1_1","fec.rate",1.26315789473684,5,NA
"18651","3_1_1","fec.rate",1.85714285714286,5,NA
"18661","3_1_1","fec.rate",3.09090909090909,5,NA
"18671","3_1_1","fec.rate",2.35294117647059,5,NA
"18681","3_1_1","fec.rate",0.777777777777778,5,NA
"18691","3_1_1","fec.rate",2.53333333333333,5,NA
"18701","3_1_1","fec.rate",2.71428571428571,5,NA
"18711","2_1_1","fec.rate",2.2,5,NA
"18721","2_1_1","fec.rate",2.8,5,NA
"18731","2_1_1","fec.rate",3.38461538461538,5,NA
"18741","2_1_1","fec.rate",2.26086956521739,5,NA
"18751","2_1_1","fec.rate",1.84615384615385,5,NA
"18761","2_1_1","fec.rate",2.61538461538462,5,NA
"18771","2_1_1","fec.rate",2.5,5,NA
"18781","2_1_1","fec.rate",2.47058823529412,5,NA
"18791","2_1_1","fec.rate",3.1304347826087,5,NA
"18801","2_1_1","fec.rate",3.38461538461538,5,NA
"18811","2_1_1","fec.rate",2.41379310344828,5,NA
"18821","2_1_1","fec.rate",2.55555555555556,5,NA
"18831","2_1_1","fec.rate",2,5,NA
"18841","2_1_1","fec.rate",2,5,NA
"18851","2_1_1","fec.rate",3.04,5,NA
"18861","2_1_1","fec.rate",3.21739130434783,5,NA
"18871","2_1_1","fec.rate",3.81818181818182,5,NA
"18881","2_1_1","fec.rate",1.37931034482759,5,NA
"18891","2_1_1","fec.rate",3.52941176470588,5,NA
"18901","2_1_1","fec.rate",1.36,5,NA
"18911","2_1_1","fec.rate",1.6,5,NA
"18921","2_1_1","fec.rate",1.23076923076923,5,NA
"18931","2_1_1","fec.rate",2.3,5,NA
"18941","2_1_1","fec.rate",1.90909090909091,5,NA
"18951","2_1_1","fec.rate",2.2,5,NA
"18961","2_1_1","fec.rate",1.2,5,NA
"18971","2_1_1","fec.rate",2,5,NA
"18981","2_1_1","fec.rate",2.81818181818182,5,NA
"18991","2_1_1","fec.rate",0.666666666666667,5,NA
"19001","1_1_1","fec.rate",2.22857142857143,5,NA
"19011","1_1_1","fec.rate",2.18181818181818,5,NA
"19021","1_1_1","fec.rate",1.36,5,NA
"19031","1_1_1","fec.rate",2.52173913043478,5,NA
"19041","1_1_1","fec.rate",2.21052631578947,5,NA
"19051","1_1_1","fec.rate",3,5,NA
"19061","1_1_1","fec.rate",2.17777777777778,5,NA
"19071","1_1_1","fec.rate",2.53846153846154,5,NA
"19081","1_1_1","fec.rate",2.23076923076923,5,NA
"19091","1_1_1","fec.rate",3.66666666666667,5,NA
"19102","1_1_1","fec.rate",2,5,NA
"19112","1_1_1","fec.rate",1.3125,5,NA
"19121","1_1_1","fec.rate",2,5,NA
"19131","1_1_1","fec.rate",2.2,5,NA
"19141","1_1_1","fec.rate",2.125,5,NA
"19151","1_1_1","fec.rate",3.73333333333333,5,NA
"19161","1_1_1","fec.rate",2.81481481481481,5,NA
"19171","1_1_1","fec.rate",3,5,NA
"19181","1_1_1","fec.rate",3.21739130434783,5,NA
"19191","1_1_1","fec.rate",2.84615384615385,5,NA
"19201","1_1_1","fec.rate",2.83870967741935,5,NA
"19211","1_1_1","fec.rate",3.44444444444444,5,NA
"19221","1_1_1","fec.rate",2.72727272727273,5,NA
"19231","1_1_1","fec.rate",1.625,5,NA
"19241","1_1_1","fec.rate",3.25,5,NA
"19251","1_1_1","fec.rate",2.7,5,NA
"19261","1_1_1","fec.rate",2.57142857142857,5,NA
"19271","1_3_1","fec.rate",2.03846153846154,5,NA
"19281","1_3_1","fec.rate",2.04,5,NA
"19291","1_3_1","fec.rate",2.08333333333333,5,NA
"19301","1_3_1","fec.rate",4.125,5,NA
"19311","1_3_1","fec.rate",1,5,NA
"19321","1_3_1","fec.rate",1.6,5,NA
"19331","1_3_1","fec.rate",2.57142857142857,5,NA
"19341","1_3_1","fec.rate",2.41379310344828,5,NA
"19351","1_3_1","fec.rate",2.85714285714286,5,NA
"19361","1_3_1","fec.rate",2.97777777777778,5,NA
"19371","1_3_1","fec.rate",1.55555555555556,5,NA
"19381","1_3_1","fec.rate",2.52941176470588,5,NA
"19391","1_3_1","fec.rate",3.36842105263158,5,NA
"19401","1_3_1","fec.rate",2.10526315789474,5,NA
"19411","1_3_1","fec.rate",2,5,NA
"19421","1_3_1","fec.rate",2.30188679245283,5,NA
"19431","1_3_1","fec.rate",2.31818181818182,5,NA
"19441","1_3_1","fec.rate",2.60869565217391,5,NA
"19451","1_3_1","fec.rate",2.83720930232558,5,NA
"19461","1_3_1","fec.rate",2.35294117647059,5,NA
"19471","1_3_1","fec.rate",2.29411764705882,5,NA
"19481","1_3_1","fec.rate",1.67441860465116,5,NA
"19491","1_3_1","fec.rate",2.76923076923077,5,NA
"19501","1_3_1","fec.rate",2.76595744680851,5,NA
"19511","1_3_1","fec.rate",2.44444444444444,5,NA
"19521","1_3_1","fec.rate",2.05128205128205,5,NA
"19531","1_3_1","fec.rate",3.33333333333333,5,NA
"19541","1_3_1","fec.rate",1.33333333333333,5,NA
"19551","1_3_1","fec.rate",2.47058823529412,5,NA
"19561","1_3_1","fec.rate",2.68292682926829,5,NA
"19571","1_2_1","fec.rate",3.14285714285714,5,NA
"19581","1_2_1","fec.rate",3.13333333333333,5,NA
"19591","1_2_1","fec.rate",3.14285714285714,5,NA
"19601","1_2_1","fec.rate",4.16666666666667,5,NA
"19611","1_2_1","fec.rate",2.3030303030303,5,NA
"19621","1_2_1","fec.rate",1.70731707317073,5,NA
"19631","1_2_1","fec.rate",2.68292682926829,5,NA
"19641","1_2_1","fec.rate",3.15384615384615,5,NA
"19651","1_2_1","fec.rate",2,5,NA
"19661","1_2_1","fec.rate",3.21739130434783,5,NA
"19671","1_2_1","fec.rate",1,5,NA
"19681","1_2_1","fec.rate",4.30769230769231,5,NA
"19691","1_2_1","fec.rate",0.666666666666667,5,NA
"19701","1_2_1","fec.rate",2.4,5,NA
"19711","1_2_1","fec.rate",2.09090909090909,5,NA
"19721","1_2_1","fec.rate",2.26086956521739,5,NA
"19731","1_2_1","fec.rate",1.42857142857143,5,NA
"19741","1_2_1","fec.rate",2.89473684210526,5,NA
"19751","1_2_1","fec.rate",2.36842105263158,5,NA
"19761","1_2_1","fec.rate",1.66666666666667,5,NA
"19771","1_2_1","fec.rate",2.26086956521739,5,NA
"19781","1_2_1","fec.rate",3.26315789473684,5,NA
"19791","1_2_1","fec.rate",2.64,5,NA
"19801","1_2_1","fec.rate",3.83333333333333,5,NA
"19811","1_2_1","fec.rate",2.8695652173913,5,NA
"19821","1_2_1","fec.rate",2.875,5,NA
"19831","1_2_1","fec.rate",3.10526315789474,5,NA
"19841","1_2_1","fec.rate",2.61538461538462,5,NA
"19851","1_2_1","fec.rate",2.21052631578947,5,NA
"19861","1_2_1","fec.rate",2.75,5,NA
"19871","1_2_1","fec.rate",3,5,NA
"19881","3_3_1","fec.rate",2.25,5,NA
"19891","3_3_1","fec.rate",2.15384615384615,5,NA
"19901","3_3_1","fec.rate",2.25,5,NA
"19911","3_3_1","fec.rate",2.44444444444444,5,NA
"19921","3_3_1","fec.rate",3.1,5,NA
"19931","3_3_1","fec.rate",1.40740740740741,5,NA
"19941","3_3_1","fec.rate",3.14285714285714,5,NA
"19951","3_3_1","fec.rate",3.66666666666667,5,NA
"19961","3_3_1","fec.rate",2.47619047619048,5,NA
"19971","3_3_1","fec.rate",0.930232558139535,5,NA
"19981","3_3_1","fec.rate",2.5,5,NA
"19991","3_3_1","fec.rate",2.84615384615385,5,NA
"20001","3_3_1","fec.rate",2,5,NA
"20011","3_3_1","fec.rate",2.46153846153846,5,NA
"20021","3_3_1","fec.rate",2.73684210526316,5,NA
"20031","3_3_1","fec.rate",1.92307692307692,5,NA
"20041","3_3_1","fec.rate",1.52941176470588,5,NA
"20051","3_3_1","fec.rate",2.38461538461538,5,NA
"20061","3_3_1","fec.rate",2.14285714285714,5,NA
"20071","3_3_1","fec.rate",3.04347826086957,5,NA
"20081","3_3_1","fec.rate",2.66666666666667,5,NA
"20091","3_3_1","fec.rate",2.84615384615385,5,NA
"20102","2_2_1","fec.rate",2.44444444444444,5,NA
"20112","2_2_1","fec.rate",3.5,5,NA
"20121","2_2_1","fec.rate",2.72727272727273,5,NA
"20131","2_2_1","fec.rate",3.25,5,NA
"20141","2_2_1","fec.rate",3.73333333333333,5,NA
"20151","2_2_1","fec.rate",1.82758620689655,5,NA
"20161","2_2_1","fec.rate",2.0952380952381,5,NA
"20171","2_2_1","fec.rate",2.19354838709677,5,NA
"20181","2_2_1","fec.rate",1.84615384615385,5,NA
"20191","2_2_1","fec.rate",2,5,NA
"20201","2_2_1","fec.rate",2.73333333333333,5,NA
"20211","2_2_1","fec.rate",2.91666666666667,5,NA
"20221","2_2_1","fec.rate",1.82857142857143,5,NA
"20231","2_2_1","fec.rate",1.25714285714286,5,NA
"20241","2_2_1","fec.rate",2.78571428571429,5,NA
"20251","2_2_1","fec.rate",2.29411764705882,5,NA
"20261","2_2_1","fec.rate",1.5,5,NA
"20271","2_2_1","fec.rate",2,5,NA
"20281","2_2_1","fec.rate",2.92307692307692,5,NA
"20291","2_2_1","fec.rate",1.28571428571429,5,NA
"20301","2_2_1","fec.rate",1.75,5,NA
"20311","2_2_1","fec.rate",2.4,5,NA
"20321","2_2_1","fec.rate",3.89473684210526,5,NA
"20331","2_2_1","fec.rate",1.80952380952381,5,NA
"20341","3_2_1","fec.rate",2.64705882352941,5,NA
"20351","3_2_1","fec.rate",2.73333333333333,5,NA
"20361","3_2_1","fec.rate",3.11111111111111,5,NA
"20371","3_2_1","fec.rate",0.666666666666667,5,NA
"20381","3_2_1","fec.rate",3.13333333333333,5,NA
"20391","3_2_1","fec.rate",2.57142857142857,5,NA
"20401","3_2_1","fec.rate",3.14285714285714,5,NA
"20411","3_2_1","fec.rate",2.06451612903226,5,NA
"20421","3_2_1","fec.rate",1.5,5,NA
"20431","3_2_1","fec.rate",2.41379310344828,5,NA
"20441","3_2_1","fec.rate",1.54545454545455,5,NA
"20451","3_2_1","fec.rate",2.28571428571429,5,NA
"20461","3_2_1","fec.rate",3.25,5,NA
"20471","3_2_1","fec.rate",2.22222222222222,5,NA
"20481","3_2_1","fec.rate",2.95652173913043,5,NA
"20491","3_2_1","fec.rate",3.15151515151515,5,NA
"20501","3_2_1","fec.rate",1.72727272727273,5,NA
"20511","3_2_1","fec.rate",2.55555555555556,5,NA
"20521","3_2_1","fec.rate",3.72727272727273,5,NA
"20531","3_2_1","fec.rate",2,5,NA
"20541","3_2_1","fec.rate",2.20512820512821,5,NA
"20551","3_2_1","fec.rate",2.90909090909091,5,NA
"20561","3_2_1","fec.rate",1.83333333333333,5,NA
"20571","3_2_1","fec.rate",2.38297872340426,5,NA
"20581","3_2_1","fec.rate",2,5,NA
"20591","3_2_1","fec.rate",2.66666666666667,5,NA
"20601","3_2_1","fec.rate",2,5,NA
"20611","3_2_1","fec.rate",1.72727272727273,5,NA
"20621","2_3_1","fec.rate",4,5,NA
"20631","2_3_1","fec.rate",3.625,5,NA
"20641","2_3_1","fec.rate",4,5,NA
"20651","2_3_1","fec.rate",5.83333333333333,5,NA
"20661","2_3_1","fec.rate",3.5,5,NA
"20671","2_3_1","fec.rate",2.32432432432432,5,NA
"20681","2_3_1","fec.rate",2.25,5,NA
"20691","2_3_1","fec.rate",2.3265306122449,5,NA
"20701","2_3_1","fec.rate",2.8,5,NA
"20711","2_3_1","fec.rate",1.5,5,NA
"20721","2_3_1","fec.rate",3.125,5,NA
"20731","2_3_1","fec.rate",1.43396226415094,5,NA
"20741","2_3_1","fec.rate",3.33333333333333,5,NA
"20751","2_3_1","fec.rate",2.875,5,NA
"20761","2_3_1","fec.rate",2.08,5,NA
"20771","2_3_1","fec.rate",3,5,NA
"20781","2_3_1","fec.rate",2.20833333333333,5,NA
"20791","2_3_1","fec.rate",2.26666666666667,5,NA
"20801","2_3_1","fec.rate",2.25,5,NA
"20811","2_3_1","fec.rate",2.18181818181818,5,NA
"20821","2_3_1","fec.rate",1.09090909090909,5,NA
"20831","2_3_1","fec.rate",3.39130434782609,5,NA
"20841","2_3_1","fec.rate",1.74193548387097,5,NA
"20851","2_3_1","fec.rate",1.82222222222222,5,NA
"20861","2_3_1","fec.rate",3.14285714285714,5,NA
"20871","2_3_1","fec.rate",2.48979591836735,5,NA
"20881","2_3_1","fec.rate",3,5,NA
"20891","2_3_1","fec.rate",3.15151515151515,5,NA
"20901","2_3_1","fec.rate",2.5,5,NA
"20911","2_3_1","fec.rate",3.30769230769231,5,NA
"20921","2_3_1","fec.rate",2.66666666666667,5,NA
"20931","3_1_2","fec.rate",3,5,NA
"20941","3_1_2","fec.rate",3.04761904761905,5,NA
"20951","3_1_2","fec.rate",1.44444444444444,5,NA
"20961","3_1_2","fec.rate",3.5,5,NA
"20971","3_1_2","fec.rate",1.41176470588235,5,NA
"20981","3_1_2","fec.rate",1.72727272727273,5,NA
"20991","3_1_2","fec.rate",1.95454545454545,5,NA
"21001","3_1_2","fec.rate",1.53846153846154,5,NA
"21012","3_1_2","fec.rate",2.42857142857143,5,NA
"21021","3_1_2","fec.rate",2.16666666666667,5,NA
"21031","3_1_2","fec.rate",1.63636363636364,5,NA
"21041","3_1_2","fec.rate",2.05555555555556,5,NA
"21051","3_1_2","fec.rate",1.48387096774194,5,NA
"21061","3_1_2","fec.rate",2.05882352941176,5,NA
"21071","3_1_2","fec.rate",2.32258064516129,5,NA
"21081","3_1_2","fec.rate",2.42857142857143,5,NA
"21091","3_1_2","fec.rate",1.47368421052632,5,NA
"21102","3_1_2","fec.rate",2.55555555555556,5,NA
"21112","3_1_2","fec.rate",1.25,5,NA
"21121","3_1_2","fec.rate",1.6,5,NA
"21131","3_1_2","fec.rate",3.25,5,NA
"21141","2_1_2","fec.rate",2.89473684210526,5,NA
"21151","2_1_2","fec.rate",1.33333333333333,5,NA
"21161","2_1_2","fec.rate",2.28571428571429,5,NA
"21171","2_1_2","fec.rate",2.7,5,NA
"21181","2_1_2","fec.rate",2.52941176470588,5,NA
"21191","2_1_2","fec.rate",1.89473684210526,5,NA
"21201","2_1_2","fec.rate",2.5,5,NA
"21211","2_1_2","fec.rate",2.45454545454545,5,NA
"21221","2_1_2","fec.rate",2,5,NA
"21231","2_1_2","fec.rate",2.25,5,NA
"21241","2_1_2","fec.rate",2.13333333333333,5,NA
"21251","2_1_2","fec.rate",2,5,NA
"21261","2_1_2","fec.rate",1.45454545454545,5,NA
"21271","2_1_2","fec.rate",0.823529411764706,5,NA
"21281","2_1_2","fec.rate",3.28571428571429,5,NA
"21291","2_1_2","fec.rate",2.4,5,NA
"21301","2_1_2","fec.rate",1.54545454545455,5,NA
"21311","2_1_2","fec.rate",2,5,NA
"21321","2_1_2","fec.rate",2.625,5,NA
"21331","2_1_2","fec.rate",3.05882352941176,5,NA
"21341","2_1_2","fec.rate",2.4,5,NA
"21351","2_1_2","fec.rate",1.75757575757576,5,NA
"21361","2_1_2","fec.rate",2.4,5,NA
"21371","2_1_2","fec.rate",1.73913043478261,5,NA
"21381","2_1_2","fec.rate",1.85714285714286,5,NA
"21391","2_1_2","fec.rate",2.55555555555556,5,NA
"21401","2_1_2","fec.rate",1.3,5,NA
"21411","1_1_2","fec.rate",3.375,5,NA
"21421","1_1_2","fec.rate",2.58333333333333,5,NA
"21431","1_1_2","fec.rate",2.4,5,NA
"21441","1_1_2","fec.rate",2.30769230769231,5,NA
"21451","1_1_2","fec.rate",0.888888888888889,5,NA
"21461","1_1_2","fec.rate",1.73684210526316,5,NA
"21471","1_1_2","fec.rate",2.21052631578947,5,NA
"21481","1_1_2","fec.rate",3.55555555555556,5,NA
"21491","1_1_2","fec.rate",2.72727272727273,5,NA
"21501","1_1_2","fec.rate",2.5,5,NA
"21511","1_1_2","fec.rate",1.9,5,NA
"21521","1_1_2","fec.rate",1.38888888888889,5,NA
"21531","1_1_2","fec.rate",2.34285714285714,5,NA
"21541","1_1_2","fec.rate",2.54054054054054,5,NA
"21551","1_1_2","fec.rate",2.41176470588235,5,NA
"21561","1_1_2","fec.rate",2.72727272727273,5,NA
"21571","1_1_2","fec.rate",2.05714285714286,5,NA
"21581","1_1_2","fec.rate",2.71428571428571,5,NA
"21591","1_1_2","fec.rate",1.28571428571429,5,NA
"21601","1_1_2","fec.rate",2.47058823529412,5,NA
"21611","1_3_2","fec.rate",3,5,NA
"21621","1_3_2","fec.rate",2.38888888888889,5,NA
"21631","1_3_2","fec.rate",2.5625,5,NA
"21641","1_3_2","fec.rate",2.5,5,NA
"21651","1_3_2","fec.rate",2,5,NA
"21661","1_3_2","fec.rate",2.2,5,NA
"21671","1_3_2","fec.rate",2.78947368421053,5,NA
"21681","1_3_2","fec.rate",2.29268292682927,5,NA
"21691","1_3_2","fec.rate",2.8695652173913,5,NA
"21701","1_3_2","fec.rate",2.65,5,NA
"21711","1_3_2","fec.rate",1.04,5,NA
"21721","1_3_2","fec.rate",1.52941176470588,5,NA
"21731","1_3_2","fec.rate",2.15384615384615,5,NA
"21741","1_3_2","fec.rate",2.13114754098361,5,NA
"21751","1_3_2","fec.rate",2.18181818181818,5,NA
"21761","1_3_2","fec.rate",2.63636363636364,5,NA
"21771","1_3_2","fec.rate",2.66666666666667,5,NA
"21781","1_3_2","fec.rate",3.08571428571429,5,NA
"21791","1_3_2","fec.rate",2.39130434782609,5,NA
"21801","1_3_2","fec.rate",2.63414634146341,5,NA
"21811","1_3_2","fec.rate",4,5,NA
"21821","1_3_2","fec.rate",2,5,NA
"21831","1_3_2","fec.rate",1.53846153846154,5,NA
"21841","1_3_2","fec.rate",2.57142857142857,5,NA
"21851","1_3_2","fec.rate",2.26666666666667,5,NA
"21861","1_3_2","fec.rate",1.37704918032787,5,NA
"21871","1_3_2","fec.rate",3.14285714285714,5,NA
"21881","1_3_2","fec.rate",2.11764705882353,5,NA
"21891","1_2_2","fec.rate",1.91304347826087,5,NA
"21901","1_2_2","fec.rate",3,5,NA
"21911","1_2_2","fec.rate",0.5,5,NA
"21921","1_2_2","fec.rate",3.8,5,NA
"21931","1_2_2","fec.rate",3.27272727272727,5,NA
"21941","1_2_2","fec.rate",2.23076923076923,5,NA
"21951","1_2_2","fec.rate",1.77358490566038,5,NA
"21961","1_2_2","fec.rate",1.875,5,NA
"21971","1_2_2","fec.rate",2.18181818181818,5,NA
"21981","1_2_2","fec.rate",3.03448275862069,5,NA
"21991","1_2_2","fec.rate",1.94736842105263,5,NA
"22001","1_2_2","fec.rate",1.55555555555556,5,NA
"22011","1_2_2","fec.rate",2.11111111111111,5,NA
"22021","1_2_2","fec.rate",2.4,5,NA
"22031","1_2_2","fec.rate",2.29166666666667,5,NA
"22041","1_2_2","fec.rate",3.47368421052632,5,NA
"22051","1_2_2","fec.rate",1.63636363636364,5,NA
"22061","1_2_2","fec.rate",2.05882352941176,5,NA
"22071","1_2_2","fec.rate",0.5,5,NA
"22081","1_2_2","fec.rate",1.92,5,NA
"22091","1_2_2","fec.rate",1.875,5,NA
"22102","1_2_2","fec.rate",1.8,5,NA
"22112","1_2_2","fec.rate",1.42857142857143,5,NA
"22121","1_2_2","fec.rate",1.85714285714286,5,NA
"22131","1_2_2","fec.rate",2.47826086956522,5,NA
"22141","1_2_2","fec.rate",1.35,5,NA
"22151","3_3_2","fec.rate",3.16666666666667,5,NA
"22161","3_3_2","fec.rate",2.04761904761905,5,NA
"22171","3_3_2","fec.rate",2.76923076923077,5,NA
"22181","3_3_2","fec.rate",2.47368421052632,5,NA
"22191","3_3_2","fec.rate",2.625,5,NA
"22201","3_3_2","fec.rate",2,5,NA
"22211","3_3_2","fec.rate",1.93333333333333,5,NA
"22221","3_3_2","fec.rate",2.375,5,NA
"22231","3_3_2","fec.rate",1.57142857142857,5,NA
"22241","3_3_2","fec.rate",1.33333333333333,5,NA
"22251","3_3_2","fec.rate",1.33333333333333,5,NA
"22261","3_3_2","fec.rate",1.2,5,NA
"22271","3_3_2","fec.rate",1.16129032258065,5,NA
"22281","3_3_2","fec.rate",2.5625,5,NA
"22291","3_3_2","fec.rate",2,5,NA
"22301","3_3_2","fec.rate",2.54545454545455,5,NA
"22311","3_3_2","fec.rate",0.292682926829268,5,NA
"22321","3_3_2","fec.rate",2.34285714285714,5,NA
"22331","3_3_2","fec.rate",0.666666666666667,5,NA
"22341","3_3_2","fec.rate",1,5,NA
"22351","3_3_2","fec.rate",2.06896551724138,5,NA
"22361","3_3_2","fec.rate",2.15384615384615,5,NA
"22371","3_3_2","fec.rate",1.74193548387097,5,NA
"22381","3_3_2","fec.rate",0.333333333333333,5,NA
"22391","2_2_2","fec.rate",3.07692307692308,5,NA
"22401","2_2_2","fec.rate",2.5,5,NA
"22411","2_2_2","fec.rate",2.56521739130435,5,NA
"22421","2_2_2","fec.rate",3.125,5,NA
"22431","2_2_2","fec.rate",3.68421052631579,5,NA
"22441","2_2_2","fec.rate",1.95652173913043,5,NA
"22451","2_2_2","fec.rate",2.32,5,NA
"22461","2_2_2","fec.rate",1.53846153846154,5,NA
"22471","2_2_2","fec.rate",2.61538461538462,5,NA
"22481","2_2_2","fec.rate",2.2,5,NA
"22491","2_2_2","fec.rate",2.30769230769231,5,NA
"22501","2_2_2","fec.rate",2.25,5,NA
"22511","2_2_2","fec.rate",2.88888888888889,5,NA
"22521","2_2_2","fec.rate",2.4,5,NA
"22531","2_2_2","fec.rate",2.22222222222222,5,NA
"22541","2_2_2","fec.rate",2.15384615384615,5,NA
"22551","2_2_2","fec.rate",1.33333333333333,5,NA
"22561","3_2_2","fec.rate",2.64,5,NA
"22571","3_2_2","fec.rate",2.7,5,NA
"22581","3_2_2","fec.rate",2,5,NA
"22591","3_2_2","fec.rate",1.66666666666667,5,NA
"22601","3_2_2","fec.rate",1.94285714285714,5,NA
"22611","3_2_2","fec.rate",0.5,5,NA
"22621","3_2_2","fec.rate",3,5,NA
"22631","3_2_2","fec.rate",2.61538461538462,5,NA
"22641","3_2_2","fec.rate",2,5,NA
"22651","3_2_2","fec.rate",1.33333333333333,5,NA
"22661","3_2_2","fec.rate",1.66666666666667,5,NA
"22671","3_2_2","fec.rate",2.3125,5,NA
"22681","3_2_2","fec.rate",1.76470588235294,5,NA
"22691","3_2_2","fec.rate",2.37037037037037,5,NA
"22701","3_2_2","fec.rate",3.41666666666667,5,NA
"22711","3_2_2","fec.rate",1.83333333333333,5,NA
"22721","3_2_2","fec.rate",2.04166666666667,5,NA
"22731","3_2_2","fec.rate",1.7,5,NA
"22741","3_2_2","fec.rate",1.73333333333333,5,NA
"22751","3_2_2","fec.rate",1.57894736842105,5,NA
"22761","3_2_2","fec.rate",0.933333333333333,5,NA
"22771","3_2_2","fec.rate",1.57894736842105,5,NA
"22781","3_2_2","fec.rate",1.45454545454545,5,NA
"22791","2_3_2","fec.rate",2.42857142857143,5,NA
"22801","2_3_2","fec.rate",2.52380952380952,5,NA
"22811","2_3_2","fec.rate",1.4,5,NA
"22821","2_3_2","fec.rate",1.94736842105263,5,NA
"22831","2_3_2","fec.rate",2.58333333333333,5,NA
"22841","2_3_2","fec.rate",1,5,NA
"22851","2_3_2","fec.rate",2.46808510638298,5,NA
"22861","2_3_2","fec.rate",2.15,5,NA
"22871","2_3_2","fec.rate",3.55555555555556,5,NA
"22881","2_3_2","fec.rate",1.42222222222222,5,NA
"22891","2_3_2","fec.rate",2.42424242424242,5,NA
"22901","2_3_2","fec.rate",2.08695652173913,5,NA
"22911","2_3_2","fec.rate",2.16,5,NA
"22921","2_3_2","fec.rate",3.42857142857143,5,NA
"22931","2_3_2","fec.rate",0.666666666666667,5,NA
"22941","2_3_2","fec.rate",2.30769230769231,5,NA
"22951","2_3_2","fec.rate",2.44444444444444,5,NA
"22961","2_3_2","fec.rate",2.08163265306122,5,NA
"22971","2_3_2","fec.rate",1.4,5,NA
"22981","2_3_2","fec.rate",0.4,5,NA
"22991","2_3_2","fec.rate",2.52941176470588,5,NA
"23001","2_3_2","fec.rate",2.75,5,NA
"23011","2_3_2","fec.rate",2.95,5,NA
"23021","2_3_2","fec.rate",3.18181818181818,5,NA
"23031","2_3_2","fec.rate",2.83333333333333,5,NA
"23041","2_3_2","fec.rate",2.6,5,NA
"23051","2_3_2","fec.rate",4,5,NA
"11003","NL6","longevity",18.5,7,NA
"2749","NL6","longevity",22,7,NA
"3104","NL6","longevity",15.5,7,NA
"4104","NL6","longevity",17.5,7,NA
"5104","NL6","longevity",11,7,NA
"11104","NL6","longevity",2,7,NA
"13104","NL6","longevity",16.5,7,NA
"15104","NL6","longevity",11.5,7,NA
"16104","NL6","longevity",19.5,7,NA
"17103","NL6","longevity",6,7,NA
"18103","NL6","longevity",4,7,NA
"19103","NL6","longevity",8.5,7,NA
"21103","NL6","longevity",10.5,7,NA
"24102","NL6","longevity",18,7,NA
"25102","NL6","longevity",11.5,7,NA
"26102","NL6","longevity",11,7,NA
"2914","NL6","longevity",8.5,7,NA
"3614","NL6","longevity",15.5,7,NA
"3714","NL6","longevity",6,7,NA
"3814","NL6","longevity",11.5,7,NA
"4014","NL6","longevity",14,7,NA
"4114","NL6","longevity",0.5,7,NA
"4214","NL6","longevity",24,7,NA
"4314","NL6","longevity",24.5,7,NA
"4414","NL6","longevity",22.5,7,NA
"4514","NL6","longevity",1,7,NA
"4614","NL6","longevity",13.5,7,NA
"4714","NL6","longevity",18,7,NA
"4814","NL6","longevity",30,7,NA
"4914","NL6","longevity",10,7,NA
"5514","NL5","longevity",13,7,NA
"5614","NL5","longevity",13,7,NA
"5714","NL5","longevity",10.5,7,NA
"5914","NL5","longevity",23.5,7,NA
"6114","NL5","longevity",13,7,NA
"6514","NL5","longevity",20.5,7,NA
"6614","NL5","longevity",10,7,NA
"6914","NL5","longevity",11.5,7,NA
"7014","NL5","longevity",9,7,NA
"7114","NL5","longevity",14,7,NA
"7514","NL5","longevity",9.5,7,NA
"7614","NL5","longevity",23,7,NA
"7714","NL5","longevity",12.5,7,NA
"7814","NL5","longevity",20,7,NA
"7914","NL5","longevity",10,7,NA
"8114","NL5","longevity",10,7,NA
"8414","NL5","longevity",9,7,NA
"8514","NL5","longevity",14.5,7,NA
"8813","NL5","longevity",6.5,7,NA
"8914","NL5","longevity",22,7,NA
"9013","NL5","longevity",10.5,7,NA
"9213","NL5","longevity",10,7,NA
"9313","NL5","longevity",10.5,7,NA
"9413","NL5","longevity",5.5,7,NA
"9713","NL5","longevity",14.5,7,NA
"9813","NL5","longevity",14.5,7,NA
"10013","NL5","longevity",13.5,7,NA
"10113","NL5","longevity",28.5,7,NA
"10413","NL5","longevity",9.5,7,NA
"10513","NL4","longevity",24.5,7,NA
"10613","NL4","longevity",20,7,NA
"10813","NL4","longevity",9.5,7,NA
"11213","NL4","longevity",11.5,7,NA
"11313","NL4","longevity",11,7,NA
"11513","NL4","longevity",10,7,NA
"11613","NL4","longevity",11,7,NA
"11713","NL4","longevity",19,7,NA
"11813","NL4","longevity",12,7,NA
"11913","NL4","longevity",12,7,NA
"12013","NL4","longevity",15.5,7,NA
"12213","NL4","longevity",12,7,NA
"12313","NL4","longevity",19,7,NA
"12513","NL4","longevity",2,7,NA
"12713","NL4","longevity",28.5,7,NA
"12813","NL4","longevity",21,7,NA
"12913","NL4","longevity",21.5,7,NA
"13013","NL4","longevity",12,7,NA
"13213","NL4","longevity",15,7,NA
"13313","NL4","longevity",7.5,7,NA
"13413","NL4","longevity",13.5,7,NA
"13513","NL4","longevity",10,7,NA
"13613","NL4","longevity",2.5,7,NA
"13713","NL4","longevity",27,7,NA
"13913","NL4","longevity",20.5,7,NA
"14013","NL4","longevity",14.5,7,NA
"14113","NL4","longevity",12.5,7,NA
"14213","NL4","longevity",17.5,7,NA
"14413","NL4","longevity",23,7,NA
"14613","NL4","longevity",14,7,NA
"14813","NL4","longevity",13.5,7,NA
"14913","NL3","longevity",18,7,NA
"15013","NL3","longevity",20,7,NA
"15113","NL3","longevity",27,7,NA
"15213","NL3","longevity",11.5,7,NA
"15313","NL3","longevity",22,7,NA
"15413","NL3","longevity",21.5,7,NA
"15513","NL3","longevity",16,7,NA
"15613","NL3","longevity",18,7,NA
"16113","NL3","longevity",8,7,NA
"16213","NL3","longevity",25.5,7,NA
"16513","NL3","longevity",5.5,7,NA
"16813","NL3","longevity",23,7,NA
"17013","NL3","longevity",25.5,7,NA
"17312","NL3","longevity",23,7,NA
"17412","NL3","longevity",24,7,NA
"17712","NL3","longevity",15.5,7,NA
"17812","NL3","longevity",15.5,7,NA
"17912","NL3","longevity",8,7,NA
"18012","NL3","longevity",27,7,NA
"18113","NL3","longevity",20,7,NA
"18212","NL3","longevity",11,7,NA
"18312","NL3","longevity",19.5,7,NA
"18512","NL3","longevity",17.5,7,NA
"18712","NL3","longevity",7,7,NA
"18812","NL3","longevity",10.5,7,NA
"19012","NL3","longevity",8.5,7,NA
"19113","NL3","longevity",20,7,NA
"19312","NL3","longevity",19,7,NA
"19412","NL3","longevity",8.5,7,NA
"19512","NL3","longevity",19,7,NA
"19612","NL3","longevity",10.5,7,NA
"19712","NL3","longevity",4.5,7,NA
"19812","NL2","longevity",18,7,NA
"20113","NL2","longevity",14,7,NA
"20312","NL2","longevity",12.5,7,NA
"20412","NL2","longevity",27.5,7,NA
"20512","NL2","longevity",15.5,7,NA
"20712","NL2","longevity",11,7,NA
"20812","NL2","longevity",10.5,7,NA
"20912","NL2","longevity",7,7,NA
"21013","NL2","longevity",14,7,NA
"21113","NL2","longevity",31.5,7,NA
"21212","NL2","longevity",17,7,NA
"21312","NL2","longevity",12.5,7,NA
"21412","NL2","longevity",13,7,NA
"21512","NL2","longevity",8.5,7,NA
"21612","NL2","longevity",25.5,7,NA
"21712","NL2","longevity",19.5,7,NA
"21812","NL2","longevity",15.5,7,NA
"21912","NL2","longevity",16.5,7,NA
"22012","NL2","longevity",9.5,7,NA
"22113","NL2","longevity",25,7,NA
"22212","NL2","longevity",20,7,NA
"22312","NL2","longevity",18,7,NA
"22512","NL2","longevity",17.5,7,NA
"22612","NL2","longevity",14.5,7,NA
"22712","NL2","longevity",15.5,7,NA
"22812","NL2","longevity",4.5,7,NA
"22912","NL2","longevity",14,7,NA
"23112","NL2","longevity",13.5,7,NA
"23211","NL2","longevity",20,7,NA
"23311","NL2","longevity",4,7,NA
"23411","NL2","longevity",19,7,NA
"23511","NL2","longevity",10.5,7,NA
"23711","NL2","longevity",23,7,NA
"23811","NL2","longevity",1.5,7,NA
"23911","NL2","longevity",17,7,NA
"24011","NL2","longevity",7,7,NA
"24112","NL2","longevity",21.5,7,NA
"24211","NL2","longevity",22,7,NA
"24311","NL1","longevity",30,7,NA
"24511","NL1","longevity",8.5,7,NA
"24711","NL1","longevity",22.5,7,NA
"24811","NL1","longevity",10.5,7,NA
"25011","NL1","longevity",17,7,NA
"25211","NL1","longevity",22,7,NA
"25311","NL1","longevity",21,7,NA
"25411","NL1","longevity",27.5,7,NA
"25511","NL1","longevity",11.5,7,NA
"25611","NL1","longevity",9,7,NA
"25711","NL1","longevity",13.5,7,NA
"25811","NL1","longevity",24.5,7,NA
"25911","NL1","longevity",25,7,NA
"26011","NL1","longevity",18,7,NA
"26112","NL1","longevity",15,7,NA
"26211","NL1","longevity",15,7,NA
"26311","NL1","longevity",5.5,7,NA
"26411","NL1","longevity",18.5,7,NA
"26511","NL1","longevity",14.5,7,NA
"26611","NL1","longevity",13,7,NA
"26711","NL1","longevity",17.5,7,NA
"26811","NL1","longevity",16.5,7,NA
"26911","NL1","longevity",30.5,7,NA
"27011","NL1","longevity",17,7,NA
"27112","NL1","longevity",20.5,7,NA
"27211","NL1","longevity",1.5,7,NA
"27311","NL1","longevity",18,7,NA
"27410","NL1","longevity",5.5,7,NA
"2752","NL1","longevity",8.5,7,NA
"2762","NL1","longevity",10,7,NA
"2772","NL1","longevity",17.5,7,NA
"2782","NL1","longevity",17.5,7,NA
"2792","NL1","longevity",29.5,7,NA
"2802","NL1","longevity",17,7,NA
"2814","NL1","longevity",25.5,7,NA
"2822","NL1","longevity",8,7,NA
"2832","NL1","longevity",20.5,7,NA
"2842","NL1","longevity",19,7,NA
"2852","NL1","longevity",27,7,NA
"2862","NL1","longevity",21,7,NA
"2872","NL1","longevity",16.5,7,NA
"2882","NL1","longevity",18,7,NA
"2892","NL1","longevity",30.5,7,NA
"2902","AE1","longevity",16,6,NA
"2915","AE1","longevity",10,6,NA
"2922","AE1","longevity",25,6,NA
"2932","AE1","longevity",21,6,NA
"2942","AE1","longevity",12,6,NA
"2952","AE1","longevity",26,6,NA
"2962","AE1","longevity",10,6,NA
"2972","AE1","longevity",1,6,NA
"2982","AE1","longevity",33,6,NA
"2992","AE1","longevity",29,6,NA
"3002","AE1","longevity",22,6,NA
"3014","AE1","longevity",27,6,NA
"3022","AE1","longevity",3,6,NA
"3032","AE1","longevity",13,6,NA
"3042","AE1","longevity",2,6,NA
"3052","AE1","longevity",2,6,NA
"3062","AE1","longevity",22,6,NA
"3072","AE1","longevity",3,6,NA
"3082","AE1","longevity",22,6,NA
"3092","AE1","longevity",5,6,NA
"3105","AE1","longevity",31,6,NA
"3114","AE1","longevity",33,6,NA
"3122","AE1","longevity",4,6,NA
"3132","AE1","longevity",4,6,NA
"3142","AE1","longevity",26,6,NA
"3152","AE1","longevity",2,6,NA
"3162","AE1","longevity",25,6,NA
"3172","AE1","longevity",16,6,NA
"3182","AE1","longevity",19,6,NA
"3192","AE1","longevity",28,6,NA
"3202","AE1","longevity",18,6,NA
"3214","AE1","longevity",28,6,NA
"3222","AE1","longevity",7,6,NA
"3232","AE1","longevity",12,6,NA
"3242","AE1","longevity",19,6,NA
"3252","AE2","longevity",17,6,NA
"3262","AE2","longevity",4,6,NA
"3272","AE2","longevity",22,6,NA
"3282","AE2","longevity",2,6,NA
"3292","AE2","longevity",3,6,NA
"3302","AE2","longevity",1,6,NA
"3314","AE2","longevity",18,6,NA
"3322","AE2","longevity",33,6,NA
"3332","AE2","longevity",24,6,NA
"3342","AE2","longevity",21,6,NA
"3352","AE2","longevity",20,6,NA
"3362","AE2","longevity",10,6,NA
"3372","AE2","longevity",27,6,NA
"3382","AE2","longevity",11,6,NA
"3392","AE2","longevity",5,6,NA
"3402","AE2","longevity",13,6,NA
"3414","AE2","longevity",22,6,NA
"3422","AE2","longevity",26,6,NA
"3432","AE2","longevity",31,6,NA
"3442","AE2","longevity",2,6,NA
"3452","AE2","longevity",1,6,NA
"3462","AE2","longevity",13,6,NA
"3472","AE2","longevity",1,6,NA
"3482","AE2","longevity",23,6,NA
"3492","AE2","longevity",22,6,NA
"3502","AE2","longevity",20,6,NA
"3514","AE2","longevity",21,6,NA
"3522","AE2","longevity",18,6,NA
"3532","AE2","longevity",11,6,NA
"3542","AE2","longevity",20,6,NA
"3552","AE2","longevity",18,6,NA
"3562","AE2","longevity",19,6,NA
"3572","AE2","longevity",19,6,NA
"3582","AE3","longevity",16,6,NA
"3592","AE3","longevity",5,6,NA
"3602","AE3","longevity",2,6,NA
"3615","AE3","longevity",6,6,NA
"3622","AE3","longevity",2,6,NA
"3632","AE3","longevity",28,6,NA
"3642","AE3","longevity",32,6,NA
"3652","AE3","longevity",7,6,NA
"3662","AE3","longevity",7,6,NA
"3672","AE3","longevity",21,6,NA
"3682","AE3","longevity",19,6,NA
"3692","AE3","longevity",21,6,NA
"3702","AE3","longevity",1,6,NA
"3715","AE3","longevity",11,6,NA
"3722","AE3","longevity",20,6,NA
"3732","AE3","longevity",4,6,NA
"3742","AE3","longevity",3,6,NA
"3752","AE3","longevity",35,6,NA
"3762","AE3","longevity",30,6,NA
"3772","AE3","longevity",7,6,NA
"3782","AE3","longevity",1,6,NA
"3792","AE3","longevity",30,6,NA
"3802","AE3","longevity",6,6,NA
"3815","AE3","longevity",5,6,NA
"3822","AE3","longevity",17,6,NA
"3832","AE3","longevity",5,6,NA
"3842","AE3","longevity",1,6,NA
"3852","AE3","longevity",21,6,NA
"3862","AE3","longevity",16,6,NA
"3872","AE3","longevity",2,6,NA
"3882","AE3","longevity",14,6,NA
"3892","AE3","longevity",14,6,NA
"3902","AE3","longevity",12,6,NA
"3914","AE4","longevity",21,6,NA
"3922","AE4","longevity",35,6,NA
"3932","AE4","longevity",1,6,NA
"3942","AE4","longevity",3,6,NA
"3952","AE4","longevity",7,6,NA
"3962","AE4","longevity",1,6,NA
"3972","AE4","longevity",22,6,NA
"3982","AE4","longevity",16,6,NA
"3992","AE4","longevity",18,6,NA
"4002","AE4","longevity",26,6,NA
"4015","AE4","longevity",2,6,NA
"4022","AE4","longevity",24,6,NA
"4032","AE4","longevity",1,6,NA
"4042","AE4","longevity",3,6,NA
"4052","AE4","longevity",3,6,NA
"4062","AE4","longevity",29,6,NA
"4072","AE4","longevity",3,6,NA
"4082","AE4","longevity",4,6,NA
"4092","AE4","longevity",17,6,NA
"4105","AE4","longevity",23,6,NA
"4115","AE4","longevity",22,6,NA
"4122","AE4","longevity",2,6,NA
"4132","AE4","longevity",2,6,NA
"4142","AE4","longevity",2,6,NA
"4152","AE4","longevity",4,6,NA
"4162","AE4","longevity",2,6,NA
"4172","AE4","longevity",20,6,NA
"4182","AE4","longevity",6,6,NA
"4192","AE4","longevity",19,6,NA
"4202","AE4","longevity",25,6,NA
"4215","AE4","longevity",32,6,NA
"4222","AE4","longevity",17,6,NA
"4232","AE4","longevity",29,6,NA
"4242","AE4","longevity",24,6,NA
"4252","AE5","longevity",5,6,NA
"4262","AE5","longevity",18,6,NA
"4272","AE5","longevity",20,6,NA
"4282","AE5","longevity",3,6,NA
"4292","AE5","longevity",20,6,NA
"4302","AE5","longevity",1,6,NA
"4315","AE5","longevity",21,6,NA
"4322","AE5","longevity",2,6,NA
"4332","AE5","longevity",9,6,NA
"4342","AE5","longevity",9,6,NA
"4352","AE5","longevity",2,6,NA
"4362","AE5","longevity",12,6,NA
"4372","AE5","longevity",3,6,NA
"4382","AE5","longevity",14,6,NA
"4392","AE5","longevity",8,6,NA
"4402","AE5","longevity",5,6,NA
"4415","AE5","longevity",4,6,NA
"4422","AE5","longevity",16,6,NA
"4432","AE5","longevity",24,6,NA
"4442","AE5","longevity",16,6,NA
"4452","AE5","longevity",24,6,NA
"4462","AE5","longevity",3,6,NA
"4472","AE5","longevity",2,6,NA
"4482","AE5","longevity",2,6,NA
"4492","AE5","longevity",22,6,NA
"4502","AE5","longevity",10,6,NA
"4515","AE5","longevity",19,6,NA
"4522","AE5","longevity",3,6,NA
"4532","AE5","longevity",3,6,NA
"4542","AE5","longevity",10,6,NA
"4552","AE5","longevity",14,6,NA
"4562","AE6","longevity",25,6,NA
"4572","AE6","longevity",2,6,NA
"4582","AE6","longevity",15,6,NA
"4592","AE6","longevity",3,6,NA
"4602","AE6","longevity",2,6,NA
"4615","AE6","longevity",3,6,NA
"4622","AE6","longevity",2,6,NA
"4632","AE6","longevity",22,6,NA
"4642","AE6","longevity",2,6,NA
"4652","AE6","longevity",21,6,NA
"4662","AE6","longevity",1,6,NA
"4672","AE6","longevity",2,6,NA
"4682","AE6","longevity",3,6,NA
"4692","AE6","longevity",26,6,NA
"4702","AE6","longevity",7,6,NA
"4715","AE6","longevity",2,6,NA
"4722","AE6","longevity",1,6,NA
"4732","AE6","longevity",2,6,NA
"4742","AE6","longevity",14,6,NA
"4752","AE6","longevity",14,6,NA
"4762","AE6","longevity",1,6,NA
"4772","AE6","longevity",2,6,NA
"4782","AE6","longevity",5,6,NA
"4792","AE6","longevity",18,6,NA
"4802","AE6","longevity",7,6,NA
"4815","AE6","longevity",10,6,NA
"4822","AE6","longevity",3,6,NA
"4832","AE6","longevity",2,6,NA
"4842","AE6","longevity",1,6,NA
"4852","AE6","longevity",4,6,NA
"4862","AE6","longevity",1,6,NA
"4872","AE6","longevity",20,6,NA
"4882","AE6","longevity",2,6,NA
"4892","AE6","longevity",3,6,NA
"4902","AE6","longevity",19,6,NA
"4915","AE6","longevity",11,6,NA
"4922","AE6","longevity",13,6,NA
"4932","AE6","longevity",8,6,NA
"4942","AE6","longevity",6,6,NA
"4952","NL6","fecundity",50,7,NA
"4962","NL6","fecundity",27,7,NA
"4972","NL6","fecundity",26,7,NA
"4982","NL6","fecundity",36,7,NA
"4992","NL6","fecundity",22,7,NA
"5052","NL6","fecundity",0,7,NA
"5072","NL6","fecundity",16,7,NA
"5092","NL6","fecundity",35,7,NA
"5105","NL6","fecundity",48,7,NA
"5114","NL6","fecundity",13,7,NA
"5122","NL6","fecundity",4,7,NA
"5132","NL6","fecundity",10,7,NA
"5152","NL6","fecundity",26,7,NA
"5182","NL6","fecundity",22,7,NA
"5192","NL6","fecundity",29,7,NA
"5202","NL6","fecundity",32,7,NA
"5232","NL6","fecundity",26,7,NA
"5302","NL6","fecundity",17,7,NA
"5314","NL6","fecundity",18,7,NA
"5322","NL6","fecundity",35,7,NA
"5342","NL6","fecundity",45,7,NA
"5352","NL6","fecundity",0,7,NA
"5362","NL6","fecundity",49,7,NA
"5372","NL6","fecundity",58,7,NA
"5382","NL6","fecundity",48,7,NA
"5392","NL6","fecundity",0,7,NA
"5402","NL6","fecundity",35,7,NA
"5414","NL6","fecundity",38,7,NA
"5422","NL6","fecundity",41,7,NA
"5432","NL6","fecundity",26,7,NA
"5492","NL5","fecundity",31,7,NA
"5502","NL5","fecundity",22,7,NA
"5515","NL5","fecundity",31,7,NA
"5532","NL5","fecundity",25,7,NA
"5552","NL5","fecundity",35,7,NA
"5592","NL5","fecundity",56,7,NA
"5602","NL5","fecundity",23,7,NA
"5632","NL5","fecundity",26,7,NA
"5642","NL5","fecundity",10,7,NA
"5652","NL5","fecundity",39,7,NA
"5692","NL5","fecundity",19,7,NA
"5702","NL5","fecundity",42,7,NA
"5715","NL5","fecundity",22,7,NA
"5722","NL5","fecundity",45,7,NA
"5732","NL5","fecundity",20,7,NA
"5752","NL5","fecundity",20,7,NA
"5782","NL5","fecundity",18,7,NA
"5792","NL5","fecundity",41,7,NA
"5822","NL5","fecundity",13,7,NA
"5832","NL5","fecundity",29,7,NA
"5842","NL5","fecundity",39,7,NA
"5862","NL5","fecundity",23,7,NA
"5872","NL5","fecundity",14,7,NA
"5882","NL5","fecundity",16,7,NA
"5915","NL5","fecundity",38,7,NA
"5922","NL5","fecundity",34,7,NA
"5942","NL5","fecundity",36,7,NA
"5952","NL5","fecundity",39,7,NA
"5982","NL5","fecundity",17,7,NA
"5992","NL4","fecundity",55,7,NA
"6002","NL4","fecundity",43,7,NA
"6022","NL4","fecundity",31,7,NA
"6062","NL4","fecundity",31,7,NA
"6072","NL4","fecundity",38,7,NA
"6092","NL4","fecundity",26,7,NA
"6104","NL4","fecundity",25,7,NA
"6115","NL4","fecundity",45,7,NA
"6122","NL4","fecundity",39,7,NA
"6132","NL4","fecundity",34,7,NA
"6142","NL4","fecundity",30,7,NA
"6162","NL4","fecundity",28,7,NA
"6172","NL4","fecundity",46,7,NA
"6192","NL4","fecundity",0,7,NA
"6214","NL4","fecundity",45,7,NA
"6222","NL4","fecundity",51,7,NA
"6232","NL4","fecundity",42,7,NA
"6242","NL4","fecundity",26,7,NA
"6262","NL4","fecundity",46,7,NA
"6272","NL4","fecundity",15,7,NA
"6282","NL4","fecundity",35,7,NA
"6292","NL4","fecundity",36,7,NA
"6302","NL4","fecundity",1,7,NA
"6314","NL4","fecundity",41,7,NA
"6332","NL4","fecundity",51,7,NA
"6342","NL4","fecundity",27,7,NA
"6352","NL4","fecundity",27,7,NA
"6362","NL4","fecundity",40,7,NA
"6382","NL4","fecundity",32,7,NA
"6402","NL4","fecundity",52,7,NA
"6422","NL4","fecundity",26,7,NA
"6432","NL3","fecundity",44,7,NA
"6442","NL3","fecundity",45,7,NA
"6452","NL3","fecundity",37,7,NA
"6462","NL3","fecundity",36,7,NA
"6472","NL3","fecundity",39,7,NA
"6482","NL3","fecundity",16,7,NA
"6492","NL3","fecundity",58,7,NA
"6502","NL3","fecundity",36,7,NA
"6552","NL3","fecundity",7,7,NA
"6562","NL3","fecundity",56,7,NA
"6592","NL3","fecundity",21,7,NA
"6622","NL3","fecundity",60,7,NA
"6642","NL3","fecundity",54,7,NA
"6672","NL3","fecundity",45,7,NA
"6682","NL3","fecundity",50,7,NA
"6714","NL3","fecundity",29,7,NA
"6722","NL3","fecundity",47,7,NA
"6732","NL3","fecundity",21,7,NA
"6742","NL3","fecundity",54,7,NA
"6752","NL3","fecundity",45,7,NA
"6762","NL3","fecundity",49,7,NA
"6772","NL3","fecundity",43,7,NA
"6792","NL3","fecundity",46,7,NA
"6814","NL3","fecundity",8,7,NA
"6822","NL3","fecundity",15,7,NA
"6842","NL3","fecundity",24,7,NA
"6852","NL3","fecundity",55,7,NA
"6872","NL3","fecundity",56,7,NA
"6882","NL3","fecundity",23,7,NA
"6892","NL3","fecundity",49,7,NA
"6902","NL3","fecundity",27,7,NA
"6915","NL3","fecundity",8,7,NA
"6922","NL2","fecundity",34,7,NA
"6952","NL2","fecundity",36,7,NA
"6972","NL2","fecundity",43,7,NA
"6982","NL2","fecundity",42,7,NA
"6992","NL2","fecundity",34,7,NA
"7015","NL2","fecundity",37,7,NA
"7022","NL2","fecundity",34,7,NA
"7032","NL2","fecundity",8,7,NA
"7042","NL2","fecundity",26,7,NA
"7052","NL2","fecundity",51,7,NA
"7062","NL2","fecundity",55,7,NA
"7072","NL2","fecundity",32,7,NA
"7082","NL2","fecundity",38,7,NA
"7092","NL2","fecundity",16,7,NA
"7104","NL2","fecundity",62,7,NA
"7115","NL2","fecundity",35,7,NA
"7122","NL2","fecundity",35,7,NA
"7132","NL2","fecundity",47,7,NA
"7142","NL2","fecundity",22,7,NA
"7152","NL2","fecundity",69,7,NA
"7162","NL2","fecundity",24,7,NA
"7172","NL2","fecundity",58,7,NA
"7192","NL2","fecundity",41,7,NA
"7202","NL2","fecundity",43,7,NA
"7214","NL2","fecundity",41,7,NA
"7222","NL2","fecundity",8,7,NA
"7232","NL2","fecundity",27,7,NA
"7252","NL2","fecundity",14,7,NA
"7262","NL2","fecundity",58,7,NA
"7272","NL2","fecundity",9,7,NA
"7282","NL2","fecundity",49,7,NA
"7292","NL2","fecundity",15,7,NA
"7314","NL2","fecundity",72,7,NA
"7322","NL2","fecundity",0,7,NA
"7332","NL2","fecundity",28,7,NA
"7342","NL2","fecundity",21,7,NA
"7352","NL2","fecundity",52,7,NA
"7362","NL2","fecundity",62,7,NA
"7372","NL1","fecundity",64,7,NA
"7392","NL1","fecundity",9,7,NA
"7414","NL1","fecundity",56,7,NA
"7422","NL1","fecundity",8,7,NA
"7442","NL1","fecundity",15,7,NA
"7462","NL1","fecundity",52,7,NA
"7472","NL1","fecundity",60,7,NA
"7482","NL1","fecundity",60,7,NA
"7492","NL1","fecundity",21,7,NA
"7502","NL1","fecundity",19,7,NA
"7515","NL1","fecundity",48,7,NA
"7522","NL1","fecundity",61,7,NA
"7532","NL1","fecundity",67,7,NA
"7542","NL1","fecundity",44,7,NA
"7552","NL1","fecundity",44,7,NA
"7562","NL1","fecundity",49,7,NA
"7572","NL1","fecundity",10,7,NA
"7582","NL1","fecundity",52,7,NA
"7592","NL1","fecundity",51,7,NA
"7602","NL1","fecundity",33,7,NA
"7615","NL1","fecundity",51,7,NA
"7622","NL1","fecundity",49,7,NA
"7632","NL1","fecundity",66,7,NA
"7642","NL1","fecundity",47,7,NA
"7652","NL1","fecundity",37,7,NA
"7662","NL1","fecundity",1,7,NA
"7672","NL1","fecundity",58,7,NA
"7682","NL1","fecundity",4,7,NA
"7692","NL1","fecundity",20,7,NA
"7702","NL1","fecundity",36,7,NA
"7715","NL1","fecundity",52,7,NA
"7722","NL1","fecundity",43,7,NA
"7732","NL1","fecundity",62,7,NA
"7742","NL1","fecundity",34,7,NA
"7752","NL1","fecundity",66,7,NA
"7762","NL1","fecundity",28,7,NA
"7772","NL1","fecundity",64,7,NA
"7782","NL1","fecundity",56,7,NA
"7792","NL1","fecundity",50,7,NA
"7802","NL1","fecundity",48,7,NA
"7815","NL1","fecundity",42,7,NA
"7822","NL1","fecundity",54,7,NA
"7832","NL1","fecundity",67,7,NA
"7842","AE1","fecundity",38,6,NA
"7852","AE1","fecundity",21,6,NA
"7862","AE1","fecundity",64,6,NA
"7872","AE1","fecundity",44,6,NA
"7882","AE1","fecundity",21,6,NA
"7892","AE1","fecundity",45,6,NA
"7902","AE1","fecundity",21,6,NA
"7915","AE1","fecundity",0,6,NA
"7922","AE1","fecundity",62,6,NA
"7932","AE1","fecundity",49,6,NA
"7942","AE1","fecundity",44,6,NA
"7952","AE1","fecundity",52,6,NA
"7962","AE1","fecundity",0,6,NA
"7972","AE1","fecundity",23,6,NA
"7982","AE1","fecundity",0,6,NA
"7992","AE1","fecundity",3,6,NA
"8002","AE1","fecundity",31,6,NA
"8014","AE1","fecundity",0,6,NA
"8022","AE1","fecundity",42,6,NA
"8032","AE1","fecundity",5,6,NA
"8042","AE1","fecundity",42,6,NA
"8052","AE1","fecundity",35,6,NA
"8062","AE1","fecundity",3,6,NA
"8072","AE1","fecundity",0,6,NA
"8082","AE1","fecundity",51,6,NA
"8092","AE1","fecundity",6,6,NA
"8104","AE1","fecundity",44,6,NA
"8115","AE1","fecundity",37,6,NA
"8122","AE1","fecundity",40,6,NA
"8132","AE1","fecundity",56,6,NA
"8142","AE1","fecundity",47,6,NA
"8152","AE1","fecundity",15,6,NA
"8162","AE1","fecundity",18,6,NA
"8172","AE1","fecundity",17,6,NA
"8182","AE1","fecundity",42,6,NA
"8192","AE2","fecundity",39,6,NA
"8202","AE2","fecundity",3,6,NA
"8213","AE2","fecundity",35,6,NA
"8222","AE2","fecundity",0,6,NA
"8232","AE2","fecundity",0,6,NA
"8242","AE2","fecundity",0,6,NA
"8252","AE2","fecundity",46,6,NA
"8262","AE2","fecundity",73,6,NA
"8272","AE2","fecundity",48,6,NA
"8282","AE2","fecundity",46,6,NA
"8292","AE2","fecundity",45,6,NA
"8302","AE2","fecundity",7,6,NA
"8314","AE2","fecundity",50,6,NA
"8322","AE2","fecundity",16,6,NA
"8332","AE2","fecundity",6,6,NA
"8342","AE2","fecundity",23,6,NA
"8352","AE2","fecundity",62,6,NA
"8362","AE2","fecundity",34,6,NA
"8372","AE2","fecundity",46,6,NA
"8382","AE2","fecundity",1,6,NA
"8392","AE2","fecundity",0,6,NA
"8402","AE2","fecundity",30,6,NA
"8415","AE2","fecundity",0,6,NA
"8422","AE2","fecundity",49,6,NA
"8432","AE2","fecundity",48,6,NA
"8442","AE2","fecundity",38,6,NA
"8452","AE2","fecundity",40,6,NA
"8462","AE2","fecundity",42,6,NA
"8472","AE2","fecundity",22,6,NA
"8482","AE2","fecundity",59,6,NA
"8492","AE2","fecundity",23,6,NA
"8502","AE2","fecundity",37,6,NA
"8515","AE2","fecundity",34,6,NA
"8522","AE3","fecundity",23,6,NA
"8532","AE3","fecundity",6,6,NA
"8542","AE3","fecundity",0,6,NA
"8552","AE3","fecundity",5,6,NA
"8562","AE3","fecundity",0,6,NA
"8572","AE3","fecundity",50,6,NA
"8582","AE3","fecundity",65,6,NA
"8592","AE3","fecundity",7,6,NA
"8602","AE3","fecundity",22,6,NA
"8613","AE3","fecundity",36,6,NA
"8622","AE3","fecundity",47,6,NA
"8632","AE3","fecundity",35,6,NA
"8642","AE3","fecundity",0,6,NA
"8652","AE3","fecundity",28,6,NA
"8662","AE3","fecundity",28,6,NA
"8672","AE3","fecundity",9,6,NA
"8682","AE3","fecundity",2,6,NA
"8692","AE3","fecundity",65,6,NA
"8702","AE3","fecundity",57,6,NA
"8714","AE3","fecundity",12,6,NA
"8722","AE3","fecundity",0,6,NA
"8732","AE3","fecundity",58,6,NA
"8742","AE3","fecundity",13,6,NA
"8752","AE3","fecundity",5,6,NA
"8762","AE3","fecundity",27,6,NA
"8772","AE3","fecundity",8,6,NA
"8782","AE3","fecundity",4,6,NA
"8792","AE3","fecundity",53,6,NA
"8802","AE3","fecundity",50,6,NA
"8814","AE3","fecundity",4,6,NA
"8822","AE3","fecundity",25,6,NA
"8832","AE3","fecundity",32,6,NA
"8842","AE3","fecundity",14,6,NA
"8852","AE4","fecundity",42,6,NA
"8862","AE4","fecundity",55,6,NA
"8872","AE4","fecundity",0,6,NA
"8882","AE4","fecundity",1,6,NA
"8892","AE4","fecundity",16,6,NA
"8902","AE4","fecundity",0,6,NA
"8915","AE4","fecundity",41,6,NA
"8922","AE4","fecundity",11,6,NA
"8932","AE4","fecundity",41,6,NA
"8942","AE4","fecundity",41,6,NA
"8952","AE4","fecundity",2,6,NA
"8962","AE4","fecundity",41,6,NA
"8972","AE4","fecundity",0,6,NA
"8982","AE4","fecundity",0,6,NA
"8992","AE4","fecundity",2,6,NA
"9002","AE4","fecundity",50,6,NA
"9014","AE4","fecundity",0,6,NA
"9022","AE4","fecundity",4,6,NA
"9032","AE4","fecundity",18,6,NA
"9042","AE4","fecundity",38,6,NA
"9052","AE4","fecundity",13,6,NA
"9062","AE4","fecundity",0,6,NA
"9072","AE4","fecundity",0,6,NA
"9082","AE4","fecundity",0,6,NA
"9092","AE4","fecundity",2,6,NA
"9104","AE4","fecundity",0,6,NA
"9113","AE4","fecundity",34,6,NA
"9122","AE4","fecundity",7,6,NA
"9132","AE4","fecundity",39,6,NA
"9142","AE4","fecundity",49,6,NA
"9152","AE4","fecundity",37,6,NA
"9162","AE4","fecundity",21,6,NA
"9172","AE4","fecundity",38,6,NA
"9182","AE4","fecundity",33,6,NA
"9192","AE5","fecundity",15,6,NA
"9202","AE5","fecundity",30,6,NA
"9214","AE5","fecundity",39,6,NA
"9222","AE5","fecundity",2,6,NA
"9232","AE5","fecundity",43,6,NA
"9242","AE5","fecundity",0,6,NA
"9252","AE5","fecundity",45,6,NA
"9262","AE5","fecundity",2,6,NA
"9272","AE5","fecundity",17,6,NA
"9282","AE5","fecundity",15,6,NA
"9292","AE5","fecundity",0,6,NA
"9302","AE5","fecundity",22,6,NA
"9314","AE5","fecundity",2,6,NA
"9322","AE5","fecundity",23,6,NA
"9332","AE5","fecundity",8,6,NA
"9342","AE5","fecundity",14,6,NA
"9352","AE5","fecundity",2,6,NA
"9362","AE5","fecundity",34,6,NA
"9372","AE5","fecundity",51,6,NA
"9382","AE5","fecundity",35,6,NA
"9392","AE5","fecundity",56,6,NA
"9402","AE5","fecundity",6,6,NA
"9414","AE5","fecundity",5,6,NA
"9422","AE5","fecundity",5,6,NA
"9432","AE5","fecundity",33,6,NA
"9442","AE5","fecundity",12,6,NA
"9452","AE5","fecundity",47,6,NA
"9462","AE5","fecundity",4,6,NA
"9472","AE5","fecundity",1,6,NA
"9482","AE5","fecundity",15,6,NA
"9492","AE5","fecundity",12,6,NA
"9502","AE6","fecundity",36,6,NA
"9513","AE6","fecundity",4,6,NA
"9522","AE6","fecundity",17,6,NA
"9532","AE6","fecundity",3,6,NA
"9542","AE6","fecundity",1,6,NA
"9552","AE6","fecundity",1,6,NA
"9562","AE6","fecundity",1,6,NA
"9572","AE6","fecundity",15,6,NA
"9582","AE6","fecundity",0,6,NA
"9592","AE6","fecundity",33,6,NA
"9602","AE6","fecundity",0,6,NA
"9613","AE6","fecundity",4,6,NA
"9622","AE6","fecundity",2,6,NA
"9632","AE6","fecundity",19,6,NA
"9642","AE6","fecundity",8,6,NA
"9652","AE6","fecundity",1,6,NA
"9662","AE6","fecundity",0,6,NA
"9672","AE6","fecundity",0,6,NA
"9682","AE6","fecundity",10,6,NA
"9692","AE6","fecundity",23,6,NA
"9702","AE6","fecundity",0,6,NA
"9714","AE6","fecundity",2,6,NA
"9722","AE6","fecundity",14,6,NA
"9732","AE6","fecundity",15,6,NA
"9742","AE6","fecundity",9,6,NA
"9752","AE6","fecundity",9,6,NA
"9762","AE6","fecundity",5,6,NA
"9772","AE6","fecundity",2,6,NA
"9782","AE6","fecundity",0,6,NA
"9792","AE6","fecundity",0,6,NA
"9802","AE6","fecundity",0,6,NA
"9814","AE6","fecundity",16,6,NA
"9822","AE6","fecundity",1,6,NA
"9832","AE6","fecundity",2,6,NA
"9842","AE6","fecundity",35,6,NA
"9852","AE6","fecundity",23,6,NA
"9862","AE6","fecundity",21,6,NA
"9872","AE6","fecundity",14,6,NA
"9882","AE6","fecundity",8,6,NA
"9892","NL6","dev_rate",0.117647058823529,7,NA
"9902","NL6","dev_rate",0.0909090909090909,7,NA
"9913","NL6","dev_rate",0.08,7,NA
"9922","NL6","dev_rate",0.117647058823529,7,NA
"9932","NL6","dev_rate",0.111111111111111,7,NA
"9992","NL6","dev_rate",0.08,7,NA
"10014","NL6","dev_rate",0.117647058823529,7,NA
"10032","NL6","dev_rate",0.142857142857143,7,NA
"10042","NL6","dev_rate",0.117647058823529,7,NA
"10052","NL6","dev_rate",0.125,7,NA
"10062","NL6","dev_rate",0.0833333333333333,7,NA
"10072","NL6","dev_rate",0.0740740740740741,7,NA
"10092","NL6","dev_rate",0.105263157894737,7,NA
"10122","NL6","dev_rate",0.1,7,NA
"10132","NL6","dev_rate",0.125,7,NA
"10142","NL6","dev_rate",0.111111111111111,7,NA
"10172","NL6","dev_rate",0.133333333333333,7,NA
"10242","NL6","dev_rate",0.0869565217391304,7,NA
"10252","NL6","dev_rate",0.133333333333333,7,NA
"10262","NL6","dev_rate",0.133333333333333,7,NA
"10282","NL6","dev_rate",0.142857142857143,7,NA
"10292","NL6","dev_rate",0.111111111111111,7,NA
"10302","NL6","dev_rate",0.142857142857143,7,NA
"10313","NL6","dev_rate",0.133333333333333,7,NA
"10322","NL6","dev_rate",0.133333333333333,7,NA
"10332","NL6","dev_rate",0.0909090909090909,7,NA
"10342","NL6","dev_rate",0.142857142857143,7,NA
"10352","NL6","dev_rate",0.125,7,NA
"10362","NL6","dev_rate",0.111111111111111,7,NA
"10372","NL6","dev_rate",0.111111111111111,7,NA
"10432","NL5","dev_rate",0.142857142857143,7,NA
"10442","NL5","dev_rate",0.166666666666667,7,NA
"10452","NL5","dev_rate",0.117647058823529,7,NA
"10472","NL5","dev_rate",0.133333333333333,7,NA
"10492","NL5","dev_rate",0.125,7,NA
"10532","NL5","dev_rate",0.117647058823529,7,NA
"10542","NL5","dev_rate",0.133333333333333,7,NA
"10572","NL5","dev_rate",0.133333333333333,7,NA
"10582","NL5","dev_rate",0.1,7,NA
"10592","NL5","dev_rate",0.111111111111111,7,NA
"10632","NL5","dev_rate",0.142857142857143,7,NA
"10642","NL5","dev_rate",0.125,7,NA
"10652","NL5","dev_rate",0.133333333333333,7,NA
"10662","NL5","dev_rate",0.0869565217391304,7,NA
"10672","NL5","dev_rate",0.133333333333333,7,NA
"10692","NL5","dev_rate",0.133333333333333,7,NA
"10722","NL5","dev_rate",0.142857142857143,7,NA
"10732","NL5","dev_rate",0.117647058823529,7,NA
"10762","NL5","dev_rate",0.125,7,NA
"10772","NL5","dev_rate",0.111111111111111,7,NA
"10782","NL5","dev_rate",0.142857142857143,7,NA
"10802","NL5","dev_rate",0.142857142857143,7,NA
"10814","NL5","dev_rate",0.105263157894737,7,NA
"10822","NL5","dev_rate",0.133333333333333,7,NA
"10852","NL5","dev_rate",0.153846153846154,7,NA
"10862","NL5","dev_rate",0.133333333333333,7,NA
"10882","NL5","dev_rate",0.117647058823529,7,NA
"10892","NL5","dev_rate",0.105263157894737,7,NA
"10922","NL5","dev_rate",0.105263157894737,7,NA
"10932","NL4","dev_rate",0.142857142857143,7,NA
"10942","NL4","dev_rate",0.111111111111111,7,NA
"10962","NL4","dev_rate",0.125,7,NA
"11004","NL4","dev_rate",0.142857142857143,7,NA
"11013","NL4","dev_rate",0.125,7,NA
"11032","NL4","dev_rate",0.133333333333333,7,NA
"11042","NL4","dev_rate",0.111111111111111,7,NA
"11052","NL4","dev_rate",0.111111111111111,7,NA
"11062","NL4","dev_rate",0.142857142857143,7,NA
"11072","NL4","dev_rate",0.142857142857143,7,NA
"11082","NL4","dev_rate",0.117647058823529,7,NA
"11105","NL4","dev_rate",0.142857142857143,7,NA
"11113","NL4","dev_rate",0.117647058823529,7,NA
"11132","NL4","dev_rate",0.133333333333333,7,NA
"11152","NL4","dev_rate",0.117647058823529,7,NA
"11162","NL4","dev_rate",0.125,7,NA
"11172","NL4","dev_rate",0.117647058823529,7,NA
"11182","NL4","dev_rate",0.142857142857143,7,NA
"11202","NL4","dev_rate",0.125,7,NA
"11214","NL4","dev_rate",0.105263157894737,7,NA
"11222","NL4","dev_rate",0.117647058823529,7,NA
"11232","NL4","dev_rate",0.125,7,NA
"11242","NL4","dev_rate",0.0952380952380952,7,NA
"11252","NL4","dev_rate",0.111111111111111,7,NA
"11272","NL4","dev_rate",0.117647058823529,7,NA
"11282","NL4","dev_rate",0.0952380952380952,7,NA
"11292","NL4","dev_rate",0.117647058823529,7,NA
"11302","NL4","dev_rate",0.117647058823529,7,NA
"11322","NL4","dev_rate",0.111111111111111,7,NA
"11342","NL4","dev_rate",0.117647058823529,7,NA
"11362","NL4","dev_rate",0.133333333333333,7,NA
"11372","NL3","dev_rate",0.105263157894737,7,NA
"11382","NL3","dev_rate",0.125,7,NA
"11392","NL3","dev_rate",0.111111111111111,7,NA
"11402","NL3","dev_rate",0.142857142857143,7,NA
"11413","NL3","dev_rate",0.133333333333333,7,NA
"11422","NL3","dev_rate",0.0952380952380952,7,NA
"11432","NL3","dev_rate",0.133333333333333,7,NA
"11442","NL3","dev_rate",0.125,7,NA
"11492","NL3","dev_rate",0.0909090909090909,7,NA
"11502","NL3","dev_rate",0.117647058823529,7,NA
"11532","NL3","dev_rate",0.142857142857143,7,NA
"11562","NL3","dev_rate",0.125,7,NA
"11582","NL3","dev_rate",0.105263157894737,7,NA
"11614","NL3","dev_rate",0.125,7,NA
"11622","NL3","dev_rate",0.125,7,NA
"11652","NL3","dev_rate",0.133333333333333,7,NA
"11662","NL3","dev_rate",0.133333333333333,7,NA
"11672","NL3","dev_rate",0.142857142857143,7,NA
"11682","NL3","dev_rate",0.166666666666667,7,NA
"11692","NL3","dev_rate",0.125,7,NA
"11702","NL3","dev_rate",0.125,7,NA
"11714","NL3","dev_rate",0.117647058823529,7,NA
"11732","NL3","dev_rate",0.105263157894737,7,NA
"11752","NL3","dev_rate",0.117647058823529,7,NA
"11762","NL3","dev_rate",0.105263157894737,7,NA
"11782","NL3","dev_rate",0.117647058823529,7,NA
"11792","NL3","dev_rate",0.111111111111111,7,NA
"11814","NL3","dev_rate",0.111111111111111,7,NA
"11822","NL3","dev_rate",0.133333333333333,7,NA
"11832","NL3","dev_rate",0.125,7,NA
"11842","NL3","dev_rate",0.117647058823529,7,NA
"11852","NL3","dev_rate",0.133333333333333,7,NA
"11862","NL2","dev_rate",0.0952380952380952,7,NA
"11892","NL2","dev_rate",0.125,7,NA
"11914","NL2","dev_rate",0.125,7,NA
"11922","NL2","dev_rate",0.0909090909090909,7,NA
"11932","NL2","dev_rate",0.133333333333333,7,NA
"11952","NL2","dev_rate",0.117647058823529,7,NA
"11962","NL2","dev_rate",0.142857142857143,7,NA
"11972","NL2","dev_rate",0.117647058823529,7,NA
"11982","NL2","dev_rate",0.105263157894737,7,NA
"11992","NL2","dev_rate",0.117647058823529,7,NA
"12002","NL2","dev_rate",0.133333333333333,7,NA
"12014","NL2","dev_rate",0.133333333333333,7,NA
"12022","NL2","dev_rate",0.133333333333333,7,NA
"12032","NL2","dev_rate",0.111111111111111,7,NA
"12042","NL2","dev_rate",0.117647058823529,7,NA
"12052","NL2","dev_rate",0.105263157894737,7,NA
"12062","NL2","dev_rate",0.105263157894737,7,NA
"12072","NL2","dev_rate",0.142857142857143,7,NA
"12082","NL2","dev_rate",0.133333333333333,7,NA
"12092","NL2","dev_rate",0.125,7,NA
"12104","NL2","dev_rate",0.111111111111111,7,NA
"12113","NL2","dev_rate",0.125,7,NA
"12132","NL2","dev_rate",0.117647058823529,7,NA
"12142","NL2","dev_rate",0.142857142857143,7,NA
"12152","NL2","dev_rate",0.111111111111111,7,NA
"12162","NL2","dev_rate",0.133333333333333,7,NA
"12172","NL2","dev_rate",0.125,7,NA
"12192","NL2","dev_rate",0.105263157894737,7,NA
"12202","NL2","dev_rate",0.125,7,NA
"12214","NL2","dev_rate",0.117647058823529,7,NA
"12222","NL2","dev_rate",0.125,7,NA
"12232","NL2","dev_rate",0.105263157894737,7,NA
"12252","NL2","dev_rate",0.125,7,NA
"12262","NL2","dev_rate",0.125,7,NA
"12272","NL2","dev_rate",0.125,7,NA
"12282","NL2","dev_rate",0.142857142857143,7,NA
"12292","NL2","dev_rate",0.117647058823529,7,NA
"12302","NL2","dev_rate",0.142857142857143,7,NA
"12314","NL1","dev_rate",0.133333333333333,7,NA
"12332","NL1","dev_rate",0.111111111111111,7,NA
"12352","NL1","dev_rate",0.117647058823529,7,NA
"12362","NL1","dev_rate",0.105263157894737,7,NA
"12382","NL1","dev_rate",0.1,7,NA
"12402","NL1","dev_rate",0.142857142857143,7,NA
"12413","NL1","dev_rate",0.111111111111111,7,NA
"12422","NL1","dev_rate",0.133333333333333,7,NA
"12432","NL1","dev_rate",0.105263157894737,7,NA
"12442","NL1","dev_rate",0.133333333333333,7,NA
"12452","NL1","dev_rate",0.105263157894737,7,NA
"12462","NL1","dev_rate",0.125,7,NA
"12472","NL1","dev_rate",0.125,7,NA
"12482","NL1","dev_rate",0.125,7,NA
"12492","NL1","dev_rate",0.117647058823529,7,NA
"12502","NL1","dev_rate",0.125,7,NA
"12514","NL1","dev_rate",0.105263157894737,7,NA
"12522","NL1","dev_rate",0.105263157894737,7,NA
"12532","NL1","dev_rate",0.125,7,NA
"12542","NL1","dev_rate",0.142857142857143,7,NA
"12552","NL1","dev_rate",0.111111111111111,7,NA
"12562","NL1","dev_rate",0.133333333333333,7,NA
"12572","NL1","dev_rate",0.133333333333333,7,NA
"12582","NL1","dev_rate",0.142857142857143,7,NA
"12592","NL1","dev_rate",0.125,7,NA
"12602","NL1","dev_rate",0.133333333333333,7,NA
"12613","NL1","dev_rate",0.125,7,NA
"12622","NL1","dev_rate",0.1,7,NA
"12632","NL1","dev_rate",0.125,7,NA
"12642","NL1","dev_rate",0.125,7,NA
"12652","NL1","dev_rate",0.133333333333333,7,NA
"12662","NL1","dev_rate",0.105263157894737,7,NA
"12672","NL1","dev_rate",0.117647058823529,7,NA
"12682","NL1","dev_rate",0.111111111111111,7,NA
"12692","NL1","dev_rate",0.117647058823529,7,NA
"12702","NL1","dev_rate",0.125,7,NA
"12714","NL1","dev_rate",0.133333333333333,7,NA
"12722","NL1","dev_rate",0.125,7,NA
"12732","NL1","dev_rate",0.142857142857143,7,NA
"12742","NL1","dev_rate",0.125,7,NA
"12752","NL1","dev_rate",0.117647058823529,7,NA
"12762","NL1","dev_rate",0.111111111111111,7,NA
"12772","NL1","dev_rate",0.117647058823529,7,NA
